lead_id,tarih,kanal,sayfa,ilk_donus_dk,temsilci,temas_kanali,ulasildi,gorusme,satis,tutar_tl
L00001,2026-07-28,Google Ads (Arama),/lgs-paket,230,Temsilci C,WhatsApp,0,0,0,0
L00002,2026-07-18,Google Ads (Arama),/yks-kocluk,3,Temsilci D,Çağrı merkezi,1,1,0,0
L00003,2026-07-12,Google Ads (Arama),/ucretsiz-deneme-dersi,61,Temsilci F,Çağrı merkezi,0,0,0,0
L00004,2026-07-25,Google Ads (Arama),/yks-kocluk,41,Temsilci A,WhatsApp,0,0,0,0
L00005,2026-07-13,Google Ads (Arama),/yks-kocluk,431,Temsilci F,Çağrı merkezi,1,1,0,0
L00006,2026-07-23,Google Ads (Arama),/blog/*,18,Temsilci F,Çağrı merkezi,1,1,1,5280
L00007,2026-07-09,Google Ads (Arama),/blog/*,280,Temsilci F,Çağrı merkezi,1,1,0,0
L00008,2026-07-02,Google Ads (Arama),/yks-kocluk,10,Temsilci A,WhatsApp,1,1,0,0
L00009,2026-07-19,Google Ads (Arama),/fiyatlar,117,Temsilci C,WhatsApp,1,0,0,0
L00010,2026-07-21,Google Ads (Arama),/lgs-paket,21,Temsilci C,WhatsApp,1,1,0,0
L00011,2026-07-14,Google Ads (Arama),/fiyatlar,5,Temsilci D,Çağrı merkezi,0,0,0,0
L00012,2026-07-05,Google Ads (Arama),/lgs-paket,30,Temsilci A,WhatsApp,0,0,0,0
L00013,2026-07-05,Google Ads (Arama),/ucretsiz-deneme-dersi,461,Temsilci F,Çağrı merkezi,1,1,0,0
L00014,2026-07-17,Google Ads (Arama),/yks-kocluk,108,Temsilci E,Çağrı merkezi,1,0,0,0
L00015,2026-07-22,Google Ads (Arama),/fiyatlar,205,Temsilci C,WhatsApp,1,1,1,3790
L00016,2026-07-24,Google Ads (Arama),/fiyatlar,500,Temsilci C,WhatsApp,0,0,0,0
L00017,2026-07-17,Google Ads (Arama),/fiyatlar,85,Temsilci F,Çağrı merkezi,1,1,1,6250
L00018,2026-07-18,Google Ads (Arama),/blog/*,483,Temsilci E,Çağrı merkezi,0,0,0,0
L00019,2026-07-16,Google Ads (Arama),/yks-kocluk,295,Temsilci C,WhatsApp,0,0,0,0
L00020,2026-07-10,Google Ads (Arama),/yks-kocluk,74,Temsilci B,WhatsApp,0,0,0,0
L00021,2026-07-03,Google Ads (Arama),/ucretsiz-deneme-dersi,23,Temsilci A,WhatsApp,1,1,1,6850
L00022,2026-07-06,Google Ads (Arama),/yks-kocluk,30,Temsilci E,Çağrı merkezi,1,1,0,0
L00023,2026-07-07,Google Ads (Arama),/ucretsiz-deneme-dersi,64,Temsilci D,Çağrı merkezi,0,0,0,0
L00024,2026-07-15,Google Ads (Arama),/fiyatlar,2,Temsilci D,Çağrı merkezi,1,1,1,4530
L00025,2026-07-08,Google Ads (Arama),/yks-kocluk,239,Temsilci F,Çağrı merkezi,1,0,0,0
L00026,2026-07-28,Google Ads (Arama),/yks-kocluk,15,Temsilci E,Çağrı merkezi,1,1,1,6810
L00027,2026-07-19,Google Ads (Arama),/ucretsiz-deneme-dersi,188,Temsilci B,WhatsApp,0,0,0,0
L00028,2026-07-07,Google Ads (Arama),/yks-kocluk,135,Temsilci F,Çağrı merkezi,1,1,0,0
L00029,2026-07-22,Google Ads (Arama),/ucretsiz-deneme-dersi,25,Temsilci F,Çağrı merkezi,1,1,0,0
L00030,2026-07-08,Google Ads (Arama),/yks-kocluk,33,Temsilci E,Çağrı merkezi,1,1,1,6770
L00031,2026-07-15,Google Ads (Arama),/fiyatlar,6,Temsilci E,Çağrı merkezi,1,1,1,4080
L00032,2026-07-25,Google Ads (Arama),/fiyatlar,64,Temsilci B,WhatsApp,1,0,0,0
L00033,2026-07-29,Google Ads (Arama),/yks-kocluk,1,Temsilci D,Çağrı merkezi,1,0,0,0
L00034,2026-07-26,Google Ads (Arama),/lgs-paket,50,Temsilci D,Çağrı merkezi,0,0,0,0
L00035,2026-07-26,Google Ads (Arama),/lgs-paket,560,Temsilci F,Çağrı merkezi,1,1,1,6160
L00036,2026-07-02,Google Ads (Arama),/ucretsiz-deneme-dersi,1,Temsilci A,WhatsApp,1,0,0,0
L00037,2026-07-17,Google Ads (Arama),/yks-kocluk,5,Temsilci E,Çağrı merkezi,1,1,0,0
L00038,2026-07-08,Google Ads (Arama),/lgs-paket,16,Temsilci E,Çağrı merkezi,1,1,0,0
L00039,2026-07-19,Google Ads (Arama),/ucretsiz-deneme-dersi,1337,Temsilci C,WhatsApp,1,0,0,0
L00040,2026-07-08,Google Ads (Arama),/yks-kocluk,39,Temsilci B,WhatsApp,1,1,0,0
L00041,2026-07-03,Google Ads (Arama),/yks-kocluk,356,Temsilci E,Çağrı merkezi,0,0,0,0
L00042,2026-07-03,Google Ads (Arama),/lgs-paket,17,Temsilci E,Çağrı merkezi,0,0,0,0
L00043,2026-07-29,Google Ads (Arama),/yks-kocluk,16,Temsilci B,WhatsApp,1,0,0,0
L00044,2026-07-23,Google Ads (Arama),/yks-kocluk,181,Temsilci F,Çağrı merkezi,0,0,0,0
L00045,2026-07-18,Google Ads (Arama),/yks-kocluk,92,Temsilci F,Çağrı merkezi,0,0,0,0
L00046,2026-07-09,Google Ads (Arama),/yks-kocluk,8,Temsilci A,WhatsApp,1,1,1,4890
L00047,2026-07-22,Google Ads (Arama),/ucretsiz-deneme-dersi,99,Temsilci C,WhatsApp,1,0,0,0
L00048,2026-07-02,Google Ads (Arama),/yks-kocluk,21,Temsilci D,Çağrı merkezi,1,1,1,6950
L00049,2026-07-06,Google Ads (Arama),/ucretsiz-deneme-dersi,67,Temsilci E,Çağrı merkezi,1,1,0,0
L00050,2026-07-23,Google Ads (Arama),/fiyatlar,2,Temsilci E,Çağrı merkezi,1,1,1,3920
L00051,2026-07-12,Google Ads (Arama),/fiyatlar,48,Temsilci A,WhatsApp,1,1,1,6310
L00052,2026-07-29,Google Ads (Arama),/fiyatlar,76,Temsilci E,Çağrı merkezi,0,0,0,0
L00053,2026-07-08,Google Ads (Arama),/fiyatlar,75,Temsilci B,WhatsApp,1,0,0,0
L00054,2026-07-11,Google Ads (Arama),/ucretsiz-deneme-dersi,68,Temsilci D,Çağrı merkezi,0,0,0,0
L00055,2026-07-26,Google Ads (Arama),/yks-kocluk,190,Temsilci B,WhatsApp,1,0,0,0
L00056,2026-07-28,Google Ads (Arama),/lgs-paket,59,Temsilci B,WhatsApp,1,1,0,0
L00057,2026-07-08,Google Ads (Arama),/yks-kocluk,52,Temsilci F,Çağrı merkezi,1,0,0,0
L00058,2026-07-25,Google Ads (Arama),/yks-kocluk,598,Temsilci F,Çağrı merkezi,0,0,0,0
L00059,2026-07-27,Google Ads (Arama),/lgs-paket,1,Temsilci A,WhatsApp,0,0,0,0
L00060,2026-07-06,Google Ads (Arama),/ucretsiz-deneme-dersi,5,Temsilci C,WhatsApp,1,1,0,0
L00061,2026-07-14,Google Ads (Arama),/ucretsiz-deneme-dersi,7,Temsilci E,Çağrı merkezi,0,0,0,0
L00062,2026-07-07,Google Ads (Arama),/yks-kocluk,137,Temsilci F,Çağrı merkezi,0,0,0,0
L00063,2026-07-26,Google Ads (Arama),/lgs-paket,2367,Temsilci F,Çağrı merkezi,0,0,0,0
L00064,2026-07-07,Google Ads (Arama),/lgs-paket,18,Temsilci A,WhatsApp,0,0,0,0
L00065,2026-07-20,Google Ads (Arama),/yks-kocluk,8,Temsilci A,WhatsApp,1,1,1,5080
L00066,2026-07-10,Google Ads (Arama),/lgs-paket,19,Temsilci B,WhatsApp,0,0,0,0
L00067,2026-07-22,Google Ads (Arama),/ucretsiz-deneme-dersi,33,Temsilci B,WhatsApp,1,1,1,4710
L00068,2026-07-14,Google Ads (Arama),/ucretsiz-deneme-dersi,58,Temsilci E,Çağrı merkezi,1,1,1,5310
L00069,2026-07-29,Google Ads (Arama),/blog/*,45,Temsilci F,Çağrı merkezi,1,1,0,0
L00070,2026-07-11,Google Ads (Arama),/yks-kocluk,137,Temsilci B,WhatsApp,1,1,1,4570
L00071,2026-07-16,Google Ads (Arama),/ucretsiz-deneme-dersi,4,Temsilci A,WhatsApp,1,1,1,5020
L00072,2026-07-13,Google Ads (Arama),/yks-kocluk,279,Temsilci F,Çağrı merkezi,0,0,0,0
L00073,2026-07-28,Google Ads (Arama),/ucretsiz-deneme-dersi,9,Temsilci A,WhatsApp,1,0,0,0
L00074,2026-07-23,Google Ads (Arama),/lgs-paket,5,Temsilci A,WhatsApp,0,0,0,0
L00075,2026-07-04,Google Ads (Arama),/lgs-paket,46,Temsilci D,Çağrı merkezi,0,0,0,0
L00076,2026-07-20,Google Ads (Arama),/yks-kocluk,11,Temsilci D,Çağrı merkezi,1,1,0,0
L00077,2026-07-18,Google Ads (Arama),/lgs-paket,167,Temsilci B,WhatsApp,1,1,1,5850
L00078,2026-07-25,Google Ads (Arama),/ucretsiz-deneme-dersi,41,Temsilci D,Çağrı merkezi,1,1,1,4660
L00079,2026-07-11,Google Ads (Arama),/fiyatlar,3,Temsilci A,WhatsApp,1,0,0,0
L00080,2026-07-23,Google Ads (Arama),/yks-kocluk,6,Temsilci D,Çağrı merkezi,1,1,1,5140
L00081,2026-07-29,Google Ads (Arama),/ucretsiz-deneme-dersi,5,Temsilci F,Çağrı merkezi,1,1,0,0
L00082,2026-07-12,Google Ads (Arama),/yks-kocluk,81,Temsilci D,Çağrı merkezi,0,0,0,0
L00083,2026-07-14,Google Ads (Arama),/lgs-paket,190,Temsilci F,Çağrı merkezi,0,0,0,0
L00084,2026-07-08,Google Ads (Arama),/lgs-paket,80,Temsilci C,WhatsApp,1,1,0,0
L00085,2026-07-13,Google Ads (Arama),/ucretsiz-deneme-dersi,30,Temsilci D,Çağrı merkezi,0,0,0,0
L00086,2026-07-18,Google Ads (Arama),/yks-kocluk,38,Temsilci D,Çağrı merkezi,0,0,0,0
L00087,2026-07-03,Google Ads (Arama),/ucretsiz-deneme-dersi,71,Temsilci B,WhatsApp,1,1,1,5250
L00088,2026-07-11,Google Ads (Arama),/ucretsiz-deneme-dersi,14,Temsilci D,Çağrı merkezi,0,0,0,0
L00089,2026-07-14,Google Ads (Arama),/yks-kocluk,4,Temsilci A,WhatsApp,1,1,0,0
L00090,2026-07-08,Google Ads (Arama),/ucretsiz-deneme-dersi,10,Temsilci F,Çağrı merkezi,1,1,0,0
L00091,2026-07-20,Google Ads (Arama),/yks-kocluk,22,Temsilci B,WhatsApp,1,0,0,0
L00092,2026-07-15,Google Ads (Arama),/ucretsiz-deneme-dersi,26,Temsilci C,WhatsApp,1,0,0,0
L00093,2026-07-04,Google Ads (Arama),/ucretsiz-deneme-dersi,410,Temsilci B,WhatsApp,1,1,1,5970
L00094,2026-07-13,Google Ads (Arama),/lgs-paket,53,Temsilci F,Çağrı merkezi,1,0,0,0
L00095,2026-07-08,Google Ads (Arama),/yks-kocluk,266,Temsilci C,WhatsApp,0,0,0,0
L00096,2026-07-04,Google Ads (Arama),/ucretsiz-deneme-dersi,294,Temsilci E,Çağrı merkezi,1,1,0,0
L00097,2026-07-17,Google Ads (Arama),/ucretsiz-deneme-dersi,11,Temsilci A,WhatsApp,0,0,0,0
L00098,2026-07-04,Google Ads (Arama),/lgs-paket,495,Temsilci C,WhatsApp,0,0,0,0
L00099,2026-07-23,Google Ads (Arama),/yks-kocluk,46,Temsilci B,WhatsApp,0,0,0,0
L00100,2026-07-09,Google Ads (Arama),/ucretsiz-deneme-dersi,82,Temsilci E,Çağrı merkezi,1,0,0,0
L00101,2026-07-19,Google Ads (Arama),/yks-kocluk,218,Temsilci B,WhatsApp,1,0,0,0
L00102,2026-07-08,Google Ads (Arama),/ucretsiz-deneme-dersi,52,Temsilci E,Çağrı merkezi,1,1,0,0
L00103,2026-07-06,Google Ads (Arama),/lgs-paket,224,Temsilci C,WhatsApp,1,0,0,0
L00104,2026-07-23,Google Ads (Arama),/fiyatlar,1,Temsilci E,Çağrı merkezi,0,0,0,0
L00105,2026-07-03,Google Ads (Arama),/yks-kocluk,8,Temsilci D,Çağrı merkezi,1,0,0,0
L00106,2026-07-21,Google Ads (Arama),/ucretsiz-deneme-dersi,19,Temsilci D,Çağrı merkezi,1,1,1,4770
L00107,2026-07-19,Google Ads (Arama),/lgs-paket,146,Temsilci E,Çağrı merkezi,1,0,0,0
L00108,2026-07-11,Google Ads (Arama),/lgs-paket,13,Temsilci D,Çağrı merkezi,1,1,1,4170
L00109,2026-07-18,Google Ads (Arama),/blog/*,172,Temsilci F,Çağrı merkezi,1,1,0,0
L00110,2026-07-25,Google Ads (Arama),/lgs-paket,1930,Temsilci C,WhatsApp,0,0,0,0
L00111,2026-07-10,Google Ads (Arama),/yks-kocluk,13,Temsilci B,WhatsApp,1,1,1,3960
L00112,2026-07-10,Google Ads (Arama),/ucretsiz-deneme-dersi,36,Temsilci B,WhatsApp,0,0,0,0
L00113,2026-07-04,Google Ads (Arama),/fiyatlar,64,Temsilci E,Çağrı merkezi,1,1,0,0
L00114,2026-07-09,Google Ads (Arama),/blog/*,1,Temsilci D,Çağrı merkezi,1,1,1,6000
L00115,2026-07-05,Google Ads (Arama),/yks-kocluk,573,Temsilci E,Çağrı merkezi,1,1,0,0
L00116,2026-07-14,Google Ads (Arama),/ucretsiz-deneme-dersi,14,Temsilci E,Çağrı merkezi,1,1,1,6570
L00117,2026-07-14,Google Ads (Arama),/yks-kocluk,3,Temsilci E,Çağrı merkezi,0,0,0,0
L00118,2026-07-04,Google Ads (Arama),/blog/*,120,Temsilci B,WhatsApp,1,1,1,5570
L00119,2026-07-06,Google Ads (Arama),/yks-kocluk,14,Temsilci D,Çağrı merkezi,1,1,1,4700
L00120,2026-07-28,Google Ads (Arama),/lgs-paket,64,Temsilci F,Çağrı merkezi,1,0,0,0
L00121,2026-07-19,Google Ads (Arama),/ucretsiz-deneme-dersi,68,Temsilci B,WhatsApp,1,1,0,0
L00122,2026-07-27,Google Ads (Arama),/yks-kocluk,1,Temsilci A,WhatsApp,1,0,0,0
L00123,2026-07-19,Google Ads (Arama),/blog/*,6,Temsilci D,Çağrı merkezi,1,0,0,0
L00124,2026-07-09,Google Ads (Arama),/lgs-paket,7,Temsilci D,Çağrı merkezi,1,0,0,0
L00125,2026-07-24,Google Ads (Arama),/yks-kocluk,4,Temsilci C,WhatsApp,1,0,0,0
L00126,2026-07-28,Google Ads (Arama),/ucretsiz-deneme-dersi,47,Temsilci A,WhatsApp,0,0,0,0
L00127,2026-07-09,Google Ads (Arama),/ucretsiz-deneme-dersi,22,Temsilci B,WhatsApp,1,0,0,0
L00128,2026-07-06,Google Ads (Arama),/blog/*,12,Temsilci D,Çağrı merkezi,1,1,1,4860
L00129,2026-07-22,Google Ads (Arama),/yks-kocluk,14,Temsilci B,WhatsApp,1,1,0,0
L00130,2026-07-27,Google Ads (Arama),/ucretsiz-deneme-dersi,4,Temsilci A,WhatsApp,1,1,0,0
L00131,2026-07-13,Google Ads (Arama),/fiyatlar,6,Temsilci A,WhatsApp,1,1,1,4950
L00132,2026-07-25,Google Ads (Arama),/lgs-paket,60,Temsilci D,Çağrı merkezi,1,1,0,0
L00133,2026-07-15,Google Ads (Arama),/fiyatlar,2,Temsilci D,Çağrı merkezi,0,0,0,0
L00134,2026-07-20,Google Ads (Arama),/ucretsiz-deneme-dersi,41,Temsilci F,Çağrı merkezi,1,1,1,6990
L00135,2026-07-30,Google Ads (Arama),/yks-kocluk,6,Temsilci A,WhatsApp,1,0,0,0
L00136,2026-07-10,Google Ads (Arama),/lgs-paket,75,Temsilci C,WhatsApp,1,1,0,0
L00137,2026-07-05,Google Ads (Arama),/lgs-paket,137,Temsilci E,Çağrı merkezi,0,0,0,0
L00138,2026-07-28,Google Ads (Arama),/yks-kocluk,5,Temsilci D,Çağrı merkezi,1,1,1,6130
L00139,2026-07-27,Google Ads (Arama),/ucretsiz-deneme-dersi,161,Temsilci F,Çağrı merkezi,1,1,0,0
L00140,2026-07-18,Google Ads (Arama),/ucretsiz-deneme-dersi,26,Temsilci D,Çağrı merkezi,1,1,1,5630
L00141,2026-07-08,Google Ads (Arama),/fiyatlar,1,Temsilci D,Çağrı merkezi,1,0,0,0
L00142,2026-07-26,Google Ads (Arama),/lgs-paket,1321,Temsilci F,Çağrı merkezi,0,0,0,0
L00143,2026-07-05,Google Ads (Arama),/lgs-paket,3,Temsilci A,WhatsApp,0,0,0,0
L00144,2026-07-11,Google Ads (Arama),/fiyatlar,4,Temsilci D,Çağrı merkezi,1,1,1,6600
L00145,2026-07-05,Google Ads (Arama),/yks-kocluk,203,Temsilci C,WhatsApp,0,0,0,0
L00146,2026-07-21,Google Ads (Arama),/yks-kocluk,268,Temsilci C,WhatsApp,0,0,0,0
L00147,2026-07-13,Google Ads (Arama),/blog/*,304,Temsilci F,Çağrı merkezi,0,0,0,0
L00148,2026-07-28,Google Ads (Arama),/lgs-paket,4,Temsilci E,Çağrı merkezi,1,0,0,0
L00149,2026-07-08,Google Ads (Arama),/ucretsiz-deneme-dersi,46,Temsilci D,Çağrı merkezi,0,0,0,0
L00150,2026-07-23,Google Ads (Arama),/fiyatlar,2,Temsilci D,Çağrı merkezi,1,1,1,3960
L00151,2026-07-12,Google Ads (Arama),/lgs-paket,34,Temsilci B,WhatsApp,1,0,0,0
L00152,2026-07-06,Google Ads (Arama),/yks-kocluk,6,Temsilci A,WhatsApp,1,0,0,0
L00153,2026-07-16,Google Ads (Arama),/fiyatlar,9,Temsilci B,WhatsApp,1,1,0,0
L00154,2026-07-29,Google Ads (Arama),/fiyatlar,158,Temsilci C,WhatsApp,1,1,0,0
L00155,2026-07-19,Google Ads (Arama),/yks-kocluk,49,Temsilci D,Çağrı merkezi,1,1,0,0
L00156,2026-07-28,Google Ads (Arama),/lgs-paket,17,Temsilci B,WhatsApp,1,1,0,0
L00157,2026-07-01,Google Ads (Arama),/blog/*,121,Temsilci F,Çağrı merkezi,1,0,0,0
L00158,2026-07-25,Google Ads (Arama),/ucretsiz-deneme-dersi,51,Temsilci A,WhatsApp,0,0,0,0
L00159,2026-07-27,Google Ads (Arama),/fiyatlar,209,Temsilci C,WhatsApp,1,0,0,0
L00160,2026-07-08,Google Ads (Arama),/ucretsiz-deneme-dersi,16,Temsilci E,Çağrı merkezi,1,0,0,0
L00161,2026-07-22,Google Ads (Arama),/fiyatlar,25,Temsilci F,Çağrı merkezi,1,1,0,0
L00162,2026-07-02,Google Ads (Arama),/ucretsiz-deneme-dersi,34,Temsilci F,Çağrı merkezi,0,0,0,0
L00163,2026-07-11,Google Ads (Arama),/ucretsiz-deneme-dersi,27,Temsilci B,WhatsApp,0,0,0,0
L00164,2026-07-29,Google Ads (Arama),/blog/*,38,Temsilci E,Çağrı merkezi,1,1,0,0
L00165,2026-07-16,Google Ads (Arama),/blog/*,192,Temsilci C,WhatsApp,1,1,0,0
L00166,2026-07-05,Google Ads (Arama),/ucretsiz-deneme-dersi,241,Temsilci B,WhatsApp,0,0,0,0
L00167,2026-07-13,Google Ads (Arama),/blog/*,25,Temsilci E,Çağrı merkezi,0,0,0,0
L00168,2026-07-01,Google Ads (Arama),/yks-kocluk,4,Temsilci A,WhatsApp,1,0,0,0
L00169,2026-07-19,Google Ads (Arama),/lgs-paket,2367,Temsilci F,Çağrı merkezi,1,1,1,6640
L00170,2026-07-18,Google Ads (Arama),/yks-kocluk,48,Temsilci E,Çağrı merkezi,1,0,0,0
L00171,2026-07-30,Google Ads (Arama),/ucretsiz-deneme-dersi,126,Temsilci F,Çağrı merkezi,1,0,0,0
L00172,2026-07-10,Google Ads (Arama),/blog/*,1,Temsilci A,WhatsApp,1,1,1,5950
L00173,2026-07-24,Google Ads (Arama),/ucretsiz-deneme-dersi,30,Temsilci E,Çağrı merkezi,1,1,1,4100
L00174,2026-07-16,Google Ads (Arama),/ucretsiz-deneme-dersi,5,Temsilci C,WhatsApp,1,1,0,0
L00175,2026-07-28,Google Ads (Arama),/lgs-paket,110,Temsilci F,Çağrı merkezi,0,0,0,0
L00176,2026-07-21,Google Ads (Arama),/lgs-paket,4,Temsilci D,Çağrı merkezi,0,0,0,0
L00177,2026-07-28,Google Ads (Arama),/fiyatlar,7,Temsilci A,WhatsApp,1,1,1,6330
L00178,2026-07-08,Google Ads (Arama),/blog/*,13,Temsilci E,Çağrı merkezi,0,0,0,0
L00179,2026-07-18,Google Ads (Arama),/yks-kocluk,205,Temsilci B,WhatsApp,1,0,0,0
L00180,2026-07-26,Google Ads (Arama),/fiyatlar,7,Temsilci A,WhatsApp,0,0,0,0
L00181,2026-07-05,Google Ads (Arama),/lgs-paket,14,Temsilci B,WhatsApp,0,0,0,0
L00182,2026-07-05,Google Ads (Arama),/yks-kocluk,109,Temsilci B,WhatsApp,1,1,1,5140
L00183,2026-07-04,Google Ads (Arama),/ucretsiz-deneme-dersi,25,Temsilci D,Çağrı merkezi,1,1,1,4500
L00184,2026-07-20,Google Ads (Arama),/yks-kocluk,177,Temsilci F,Çağrı merkezi,1,0,0,0
L00185,2026-07-02,Google Ads (Arama),/blog/*,7,Temsilci D,Çağrı merkezi,1,0,0,0
L00186,2026-07-15,Google Ads (Arama),/yks-kocluk,2,Temsilci A,WhatsApp,1,1,1,5680
L00187,2026-07-23,Google Ads (Arama),/yks-kocluk,42,Temsilci E,Çağrı merkezi,1,1,1,6050
L00188,2026-07-28,Google Ads (Arama),/ucretsiz-deneme-dersi,70,Temsilci E,Çağrı merkezi,1,1,1,4880
L00189,2026-07-15,Google Ads (Arama),/lgs-paket,24,Temsilci F,Çağrı merkezi,1,0,0,0
L00190,2026-07-12,Google Ads (Arama),/blog/*,2154,Temsilci F,Çağrı merkezi,1,0,0,0
L00191,2026-07-03,Google Ads (Arama),/lgs-paket,322,Temsilci F,Çağrı merkezi,0,0,0,0
L00192,2026-07-18,Google Ads (Arama),/yks-kocluk,159,Temsilci E,Çağrı merkezi,0,0,0,0
L00193,2026-07-14,Google Ads (Arama),/lgs-paket,680,Temsilci F,Çağrı merkezi,1,0,0,0
L00194,2026-07-02,Google Ads (Arama),/blog/*,21,Temsilci E,Çağrı merkezi,1,1,1,5340
L00195,2026-07-28,Google Ads (Arama),/yks-kocluk,25,Temsilci E,Çağrı merkezi,1,1,0,0
L00196,2026-07-28,Google Ads (Arama),/ucretsiz-deneme-dersi,52,Temsilci E,Çağrı merkezi,1,1,0,0
L00197,2026-07-27,Google Ads (Arama),/ucretsiz-deneme-dersi,1,Temsilci A,WhatsApp,1,1,1,3800
L00198,2026-07-28,Google Ads (Arama),/yks-kocluk,123,Temsilci F,Çağrı merkezi,1,1,1,6200
L00199,2026-07-07,Google Ads (Arama),/lgs-paket,5,Temsilci D,Çağrı merkezi,1,0,0,0
L00200,2026-07-25,Google Ads (Arama),/blog/*,17,Temsilci E,Çağrı merkezi,1,1,0,0
L00201,2026-07-22,Google Ads (Arama),/yks-kocluk,13,Temsilci D,Çağrı merkezi,1,1,1,6230
L00202,2026-07-04,Google Ads (Arama),/lgs-paket,7,Temsilci A,WhatsApp,1,1,0,0
L00203,2026-07-02,Google Ads (Arama),/yks-kocluk,3,Temsilci E,Çağrı merkezi,1,0,0,0
L00204,2026-07-25,Google Ads (Arama),/yks-kocluk,167,Temsilci C,WhatsApp,1,1,0,0
L00205,2026-07-05,Google Ads (Arama),/lgs-paket,220,Temsilci F,Çağrı merkezi,0,0,0,0
L00206,2026-07-22,Google Ads (Arama),/fiyatlar,3,Temsilci A,WhatsApp,1,1,1,4030
L00207,2026-07-11,Google Ads (Arama),/ucretsiz-deneme-dersi,100,Temsilci E,Çağrı merkezi,1,1,1,6910
L00208,2026-07-06,Google Ads (Arama),/fiyatlar,34,Temsilci E,Çağrı merkezi,0,0,0,0
L00209,2026-07-12,Google Ads (Arama),/yks-kocluk,6,Temsilci A,WhatsApp,1,1,1,4790
L00210,2026-07-11,Google Ads (Arama),/yks-kocluk,10,Temsilci B,WhatsApp,1,1,1,6290
L00211,2026-07-12,Google Ads (Arama),/ucretsiz-deneme-dersi,1418,Temsilci F,Çağrı merkezi,1,1,1,5730
L00212,2026-07-25,Google Ads (Arama),/ucretsiz-deneme-dersi,4,Temsilci A,WhatsApp,1,1,1,6240
L00213,2026-07-15,Google Ads (Arama),/ucretsiz-deneme-dersi,57,Temsilci E,Çağrı merkezi,0,0,0,0
L00214,2026-07-11,Google Ads (Arama),/fiyatlar,319,Temsilci F,Çağrı merkezi,1,1,0,0
L00215,2026-07-26,Google Ads (Arama),/yks-kocluk,9,Temsilci A,WhatsApp,1,1,1,4970
L00216,2026-07-10,Google Ads (Arama),/yks-kocluk,6,Temsilci A,WhatsApp,1,1,1,6350
L00217,2026-07-29,Google Ads (Arama),/yks-kocluk,58,Temsilci E,Çağrı merkezi,1,1,1,3980
L00218,2026-07-04,Google Ads (Arama),/fiyatlar,1979,Temsilci C,WhatsApp,1,1,1,6070
L00219,2026-07-15,Google Ads (Arama),/lgs-paket,10,Temsilci E,Çağrı merkezi,1,1,0,0
L00220,2026-07-11,Google Ads (Arama),/ucretsiz-deneme-dersi,33,Temsilci A,WhatsApp,0,0,0,0
L00221,2026-07-03,Google Ads (Arama),/yks-kocluk,62,Temsilci E,Çağrı merkezi,1,0,0,0
L00222,2026-07-22,Google Ads (Arama),/blog/*,114,Temsilci E,Çağrı merkezi,1,1,1,4910
L00223,2026-07-21,Google Ads (Arama),/ucretsiz-deneme-dersi,2,Temsilci D,Çağrı merkezi,1,1,1,5860
L00224,2026-07-11,Google Ads (Arama),/fiyatlar,1019,Temsilci F,Çağrı merkezi,0,0,0,0
L00225,2026-07-22,Google Ads (Arama),/fiyatlar,6,Temsilci A,WhatsApp,1,1,1,4360
L00226,2026-07-07,Google Ads (Arama),/lgs-paket,3,Temsilci D,Çağrı merkezi,0,0,0,0
L00227,2026-07-05,Google Ads (Arama),/yks-kocluk,15,Temsilci A,WhatsApp,1,0,0,0
L00228,2026-07-17,Google Ads (Arama),/yks-kocluk,293,Temsilci C,WhatsApp,0,0,0,0
L00229,2026-07-20,Google Ads (Arama),/lgs-paket,7,Temsilci B,WhatsApp,1,1,0,0
L00230,2026-07-24,Google Ads (Arama),/lgs-paket,5,Temsilci D,Çağrı merkezi,1,0,0,0
L00231,2026-07-20,Google Ads (Arama),/yks-kocluk,368,Temsilci F,Çağrı merkezi,1,1,0,0
L00232,2026-07-26,Google Ads (Arama),/lgs-paket,56,Temsilci B,WhatsApp,0,0,0,0
L00233,2026-07-15,Google Ads (Arama),/lgs-paket,211,Temsilci C,WhatsApp,1,1,1,4430
L00234,2026-07-20,Google Ads (Arama),/yks-kocluk,8,Temsilci C,WhatsApp,1,1,0,0
L00235,2026-07-23,Google Ads (Arama),/fiyatlar,2,Temsilci A,WhatsApp,1,1,0,0
L00236,2026-07-05,Google Ads (Arama),/fiyatlar,61,Temsilci A,WhatsApp,1,1,1,3870
L00237,2026-07-02,Google Ads (Arama),/lgs-paket,38,Temsilci C,WhatsApp,0,0,0,0
L00238,2026-07-12,Google Ads (Arama),/yks-kocluk,1309,Temsilci C,WhatsApp,0,0,0,0
L00239,2026-07-21,Google Ads (Arama),/yks-kocluk,5,Temsilci B,WhatsApp,1,0,0,0
L00240,2026-07-23,Google Ads (Arama),/fiyatlar,152,Temsilci F,Çağrı merkezi,0,0,0,0
L00241,2026-07-29,Google Ads (Arama),/yks-kocluk,34,Temsilci C,WhatsApp,1,0,0,0
L00242,2026-07-20,Google Ads (Arama),/lgs-paket,9,Temsilci A,WhatsApp,1,1,1,5850
L00243,2026-07-20,Google Ads (Arama),/lgs-paket,11,Temsilci A,WhatsApp,1,1,0,0
L00244,2026-07-19,Google Ads (Arama),/yks-kocluk,42,Temsilci B,WhatsApp,1,1,0,0
L00245,2026-07-06,Google Ads (Arama),/ucretsiz-deneme-dersi,4,Temsilci A,WhatsApp,1,0,0,0
L00246,2026-07-18,Google Ads (Arama),/lgs-paket,155,Temsilci E,Çağrı merkezi,1,1,0,0
L00247,2026-07-12,Google Ads (Arama),/yks-kocluk,9,Temsilci A,WhatsApp,1,1,0,0
L00248,2026-07-04,Google Ads (Arama),/ucretsiz-deneme-dersi,1187,Temsilci F,Çağrı merkezi,1,1,0,0
L00249,2026-07-21,Google Ads (Arama),/yks-kocluk,150,Temsilci F,Çağrı merkezi,0,0,0,0
L00250,2026-07-21,Google Ads (Arama),/yks-kocluk,2,Temsilci B,WhatsApp,1,1,1,3920
L00251,2026-07-07,Google Ads (Arama),/fiyatlar,379,Temsilci C,WhatsApp,0,0,0,0
L00252,2026-07-27,Google Ads (Arama),/lgs-paket,5,Temsilci C,WhatsApp,1,1,0,0
L00253,2026-07-02,Google Ads (Arama),/fiyatlar,45,Temsilci C,WhatsApp,0,0,0,0
L00254,2026-07-14,Google Ads (Arama),/fiyatlar,139,Temsilci F,Çağrı merkezi,0,0,0,0
L00255,2026-07-11,Google Ads (Arama),/blog/*,49,Temsilci D,Çağrı merkezi,1,0,0,0
L00256,2026-07-09,Google Ads (Arama),/fiyatlar,133,Temsilci F,Çağrı merkezi,1,0,0,0
L00257,2026-07-06,Google Ads (Arama),/lgs-paket,15,Temsilci C,WhatsApp,1,1,0,0
L00258,2026-07-23,Google Ads (Arama),/lgs-paket,141,Temsilci F,Çağrı merkezi,1,0,0,0
L00259,2026-07-30,Google Ads (Arama),/lgs-paket,4,Temsilci D,Çağrı merkezi,0,0,0,0
L00260,2026-07-02,Google Ads (Arama),/yks-kocluk,125,Temsilci F,Çağrı merkezi,0,0,0,0
L00261,2026-07-24,Google Ads (Arama),/ucretsiz-deneme-dersi,1,Temsilci A,WhatsApp,1,0,0,0
L00262,2026-07-02,Google Ads (Arama),/yks-kocluk,53,Temsilci B,WhatsApp,1,1,0,0
L00263,2026-07-20,Google Ads (Arama),/yks-kocluk,36,Temsilci D,Çağrı merkezi,1,0,0,0
L00264,2026-07-19,Google Ads (Arama),/yks-kocluk,249,Temsilci C,WhatsApp,0,0,0,0
L00265,2026-07-08,Google Ads (Arama),/blog/*,8,Temsilci A,WhatsApp,1,1,1,4630
L00266,2026-07-09,Google Ads (Arama),/ucretsiz-deneme-dersi,197,Temsilci B,WhatsApp,1,0,0,0
L00267,2026-07-16,Google Ads (Arama),/yks-kocluk,67,Temsilci B,WhatsApp,1,0,0,0
L00268,2026-07-15,Google Ads (Arama),/blog/*,823,Temsilci F,Çağrı merkezi,0,0,0,0
L00269,2026-07-22,Google Ads (Arama),/lgs-paket,5,Temsilci A,WhatsApp,1,1,1,6080
L00270,2026-07-23,Google Ads (Arama),/ucretsiz-deneme-dersi,100,Temsilci C,WhatsApp,1,1,1,6340
L00271,2026-07-01,Google Ads (Arama),/lgs-paket,25,Temsilci E,Çağrı merkezi,0,0,0,0
L00272,2026-07-18,Google Ads (Arama),/yks-kocluk,1,Temsilci A,WhatsApp,1,0,0,0
L00273,2026-07-16,Google Ads (Arama),/lgs-paket,21,Temsilci D,Çağrı merkezi,1,0,0,0
L00274,2026-07-21,Google Ads (Arama),/yks-kocluk,14,Temsilci D,Çağrı merkezi,1,0,0,0
L00275,2026-07-25,Google Ads (Arama),/lgs-paket,39,Temsilci E,Çağrı merkezi,0,0,0,0
L00276,2026-07-14,Google Ads (Arama),/lgs-paket,11,Temsilci A,WhatsApp,1,1,1,6810
L00277,2026-07-08,Google Ads (Arama),/lgs-paket,124,Temsilci E,Çağrı merkezi,0,0,0,0
L00278,2026-07-09,Google Ads (Arama),/yks-kocluk,18,Temsilci E,Çağrı merkezi,1,1,1,5860
L00279,2026-07-19,Google Ads (Arama),/blog/*,23,Temsilci B,WhatsApp,1,0,0,0
L00280,2026-07-11,Google Ads (Arama),/fiyatlar,8,Temsilci E,Çağrı merkezi,0,0,0,0
L00281,2026-07-03,Google Ads (Arama),/yks-kocluk,354,Temsilci F,Çağrı merkezi,1,1,0,0
L00282,2026-07-20,Google Ads (Arama),/ucretsiz-deneme-dersi,26,Temsilci D,Çağrı merkezi,1,1,1,4570
L00283,2026-07-26,Google Ads (Arama),/ucretsiz-deneme-dersi,296,Temsilci C,WhatsApp,0,0,0,0
L00284,2026-07-06,Google Ads (Arama),/lgs-paket,7,Temsilci D,Çağrı merkezi,1,1,0,0
L00285,2026-07-28,Meta Ads,/lgs-paket,2,Temsilci D,Çağrı merkezi,1,0,0,0
L00286,2026-07-11,Meta Ads,/yks-kocluk,7,Temsilci A,WhatsApp,1,1,0,0
L00287,2026-07-13,Meta Ads,/fiyatlar,3,Temsilci D,Çağrı merkezi,1,1,0,0
L00288,2026-07-19,Meta Ads,/ucretsiz-deneme-dersi,176,Temsilci B,WhatsApp,1,0,0,0
L00289,2026-07-16,Meta Ads,/fiyatlar,1,Temsilci D,Çağrı merkezi,0,0,0,0
L00290,2026-07-17,Meta Ads,/lgs-paket,8,Temsilci B,WhatsApp,1,1,0,0
L00291,2026-07-29,Meta Ads,/fiyatlar,153,Temsilci F,Çağrı merkezi,0,0,0,0
L00292,2026-07-28,Meta Ads,/yks-kocluk,75,Temsilci B,WhatsApp,0,0,0,0
L00293,2026-07-25,Meta Ads,/lgs-paket,11,Temsilci A,WhatsApp,1,1,0,0
L00294,2026-07-03,Meta Ads,/lgs-paket,17,Temsilci D,Çağrı merkezi,1,0,0,0
L00295,2026-07-22,Meta Ads,/ucretsiz-deneme-dersi,129,Temsilci B,WhatsApp,1,0,0,0
L00296,2026-07-11,Meta Ads,/lgs-paket,689,Temsilci C,WhatsApp,1,0,0,0
L00297,2026-07-17,Meta Ads,/yks-kocluk,1,Temsilci A,WhatsApp,1,0,0,0
L00298,2026-07-15,Meta Ads,/yks-kocluk,8,Temsilci E,Çağrı merkezi,0,0,0,0
L00299,2026-07-11,Meta Ads,/yks-kocluk,259,Temsilci E,Çağrı merkezi,1,1,0,0
L00300,2026-07-18,Meta Ads,/lgs-paket,69,Temsilci E,Çağrı merkezi,0,0,0,0
L00301,2026-07-12,Meta Ads,/yks-kocluk,82,Temsilci A,WhatsApp,1,0,0,0
L00302,2026-07-24,Meta Ads,/fiyatlar,6,Temsilci F,Çağrı merkezi,1,0,0,0
L00303,2026-07-26,Meta Ads,/blog/*,166,Temsilci E,Çağrı merkezi,0,0,0,0
L00304,2026-07-19,Meta Ads,/lgs-paket,191,Temsilci E,Çağrı merkezi,0,0,0,0
L00305,2026-07-27,Meta Ads,/lgs-paket,67,Temsilci F,Çağrı merkezi,1,0,0,0
L00306,2026-07-07,Meta Ads,/yks-kocluk,76,Temsilci C,WhatsApp,1,1,0,0
L00307,2026-07-20,Meta Ads,/blog/*,312,Temsilci F,Çağrı merkezi,0,0,0,0
L00308,2026-07-17,Meta Ads,/yks-kocluk,879,Temsilci C,WhatsApp,1,1,0,0
L00309,2026-07-15,Meta Ads,/fiyatlar,111,Temsilci C,WhatsApp,0,0,0,0
L00310,2026-07-28,Meta Ads,/ucretsiz-deneme-dersi,391,Temsilci F,Çağrı merkezi,1,0,0,0
L00311,2026-07-08,Meta Ads,/yks-kocluk,36,Temsilci C,WhatsApp,0,0,0,0
L00312,2026-07-10,Meta Ads,/ucretsiz-deneme-dersi,56,Temsilci F,Çağrı merkezi,0,0,0,0
L00313,2026-07-11,Meta Ads,/lgs-paket,522,Temsilci E,Çağrı merkezi,0,0,0,0
L00314,2026-07-09,Meta Ads,/yks-kocluk,62,Temsilci E,Çağrı merkezi,1,0,0,0
L00315,2026-07-27,Meta Ads,/lgs-paket,12,Temsilci B,WhatsApp,1,0,0,0
L00316,2026-07-12,Meta Ads,/blog/*,249,Temsilci F,Çağrı merkezi,1,1,0,0
L00317,2026-07-30,Meta Ads,/ucretsiz-deneme-dersi,21,Temsilci C,WhatsApp,1,0,0,0
L00318,2026-07-08,Meta Ads,/yks-kocluk,14,Temsilci E,Çağrı merkezi,1,1,0,0
L00319,2026-07-16,Meta Ads,/yks-kocluk,1,Temsilci B,WhatsApp,1,0,0,0
L00320,2026-07-14,Meta Ads,/ucretsiz-deneme-dersi,8,Temsilci D,Çağrı merkezi,1,0,0,0
L00321,2026-07-11,Meta Ads,/yks-kocluk,50,Temsilci A,WhatsApp,1,0,0,0
L00322,2026-07-18,Meta Ads,/ucretsiz-deneme-dersi,51,Temsilci A,WhatsApp,1,0,0,0
L00323,2026-07-06,Meta Ads,/blog/*,35,Temsilci A,WhatsApp,1,0,0,0
L00324,2026-07-30,Meta Ads,/ucretsiz-deneme-dersi,293,Temsilci C,WhatsApp,1,0,0,0
L00325,2026-07-04,Meta Ads,/blog/*,164,Temsilci C,WhatsApp,0,0,0,0
L00326,2026-07-18,Meta Ads,/lgs-paket,233,Temsilci B,WhatsApp,1,1,0,0
L00327,2026-07-06,Meta Ads,/ucretsiz-deneme-dersi,71,Temsilci F,Çağrı merkezi,1,0,0,0
L00328,2026-07-26,Meta Ads,/yks-kocluk,1189,Temsilci F,Çağrı merkezi,1,0,0,0
L00329,2026-07-29,Meta Ads,/lgs-paket,9,Temsilci D,Çağrı merkezi,1,0,0,0
L00330,2026-07-06,Meta Ads,/blog/*,5,Temsilci D,Çağrı merkezi,1,1,1,5300
L00331,2026-07-11,Meta Ads,/yks-kocluk,715,Temsilci F,Çağrı merkezi,1,1,0,0
L00332,2026-07-22,Meta Ads,/yks-kocluk,24,Temsilci C,WhatsApp,1,0,0,0
L00333,2026-07-29,Meta Ads,/ucretsiz-deneme-dersi,164,Temsilci C,WhatsApp,0,0,0,0
L00334,2026-07-10,Meta Ads,/lgs-paket,9,Temsilci B,WhatsApp,1,1,0,0
L00335,2026-07-20,Meta Ads,/lgs-paket,191,Temsilci F,Çağrı merkezi,1,0,0,0
L00336,2026-07-22,Meta Ads,/fiyatlar,40,Temsilci B,WhatsApp,1,0,0,0
L00337,2026-07-17,Meta Ads,/lgs-paket,108,Temsilci F,Çağrı merkezi,0,0,0,0
L00338,2026-07-04,Meta Ads,/yks-kocluk,449,Temsilci E,Çağrı merkezi,1,0,0,0
L00339,2026-07-06,Meta Ads,/yks-kocluk,32,Temsilci E,Çağrı merkezi,0,0,0,0
L00340,2026-07-23,Meta Ads,/ucretsiz-deneme-dersi,14,Temsilci A,WhatsApp,1,1,1,4370
L00341,2026-07-19,Meta Ads,/yks-kocluk,47,Temsilci D,Çağrı merkezi,1,1,0,0
L00342,2026-07-01,Meta Ads,/ucretsiz-deneme-dersi,4,Temsilci E,Çağrı merkezi,1,0,0,0
L00343,2026-07-18,Meta Ads,/blog/*,90,Temsilci A,WhatsApp,1,1,1,3590
L00344,2026-07-21,Meta Ads,/blog/*,796,Temsilci F,Çağrı merkezi,1,0,0,0
L00345,2026-07-15,Meta Ads,/fiyatlar,6,Temsilci D,Çağrı merkezi,1,0,0,0
L00346,2026-07-18,Meta Ads,/yks-kocluk,62,Temsilci C,WhatsApp,0,0,0,0
L00347,2026-07-13,Meta Ads,/lgs-paket,924,Temsilci F,Çağrı merkezi,0,0,0,0
L00348,2026-07-25,Meta Ads,/yks-kocluk,305,Temsilci C,WhatsApp,0,0,0,0
L00349,2026-07-14,Meta Ads,/lgs-paket,10,Temsilci B,WhatsApp,1,1,0,0
L00350,2026-07-24,Meta Ads,/ucretsiz-deneme-dersi,10,Temsilci A,WhatsApp,1,0,0,0
L00351,2026-07-29,Meta Ads,/fiyatlar,8,Temsilci B,WhatsApp,1,1,0,0
L00352,2026-07-23,Meta Ads,/fiyatlar,47,Temsilci B,WhatsApp,1,1,0,0
L00353,2026-07-28,Meta Ads,/ucretsiz-deneme-dersi,25,Temsilci B,WhatsApp,1,0,0,0
L00354,2026-07-24,Meta Ads,/ucretsiz-deneme-dersi,50,Temsilci E,Çağrı merkezi,0,0,0,0
L00355,2026-07-11,Meta Ads,/yks-kocluk,520,Temsilci B,WhatsApp,0,0,0,0
L00356,2026-07-14,Meta Ads,/yks-kocluk,5,Temsilci A,WhatsApp,1,0,0,0
L00357,2026-07-06,Meta Ads,/ucretsiz-deneme-dersi,10,Temsilci D,Çağrı merkezi,1,1,0,0
L00358,2026-07-13,Meta Ads,/ucretsiz-deneme-dersi,167,Temsilci C,WhatsApp,1,1,0,0
L00359,2026-07-18,Meta Ads,/lgs-paket,44,Temsilci B,WhatsApp,0,0,0,0
L00360,2026-07-26,Meta Ads,/lgs-paket,17,Temsilci A,WhatsApp,0,0,0,0
L00361,2026-07-18,Meta Ads,/lgs-paket,12,Temsilci D,Çağrı merkezi,1,0,0,0
L00362,2026-07-30,Meta Ads,/lgs-paket,14,Temsilci C,WhatsApp,1,1,0,0
L00363,2026-07-22,Meta Ads,/ucretsiz-deneme-dersi,12,Temsilci A,WhatsApp,1,0,0,0
L00364,2026-07-24,Meta Ads,/ucretsiz-deneme-dersi,23,Temsilci B,WhatsApp,0,0,0,0
L00365,2026-07-11,Meta Ads,/yks-kocluk,5,Temsilci A,WhatsApp,1,0,0,0
L00366,2026-07-24,Meta Ads,/blog/*,30,Temsilci D,Çağrı merkezi,1,0,0,0
L00367,2026-07-13,Meta Ads,/fiyatlar,21,Temsilci E,Çağrı merkezi,1,0,0,0
L00368,2026-07-21,Meta Ads,/lgs-paket,62,Temsilci C,WhatsApp,0,0,0,0
L00369,2026-07-15,Meta Ads,/yks-kocluk,152,Temsilci F,Çağrı merkezi,0,0,0,0
L00370,2026-07-30,Meta Ads,/yks-kocluk,75,Temsilci C,WhatsApp,1,1,0,0
L00371,2026-07-09,Meta Ads,/lgs-paket,48,Temsilci E,Çağrı merkezi,1,1,0,0
L00372,2026-07-13,Meta Ads,/ucretsiz-deneme-dersi,24,Temsilci B,WhatsApp,1,0,0,0
L00373,2026-07-09,Meta Ads,/ucretsiz-deneme-dersi,41,Temsilci D,Çağrı merkezi,1,0,0,0
L00374,2026-07-06,Meta Ads,/ucretsiz-deneme-dersi,26,Temsilci C,WhatsApp,1,0,0,0
L00375,2026-07-30,Meta Ads,/fiyatlar,756,Temsilci F,Çağrı merkezi,0,0,0,0
L00376,2026-07-27,Meta Ads,/fiyatlar,12,Temsilci F,Çağrı merkezi,1,1,0,0
L00377,2026-07-03,Meta Ads,/ucretsiz-deneme-dersi,1,Temsilci A,WhatsApp,1,1,0,0
L00378,2026-07-30,Meta Ads,/ucretsiz-deneme-dersi,13,Temsilci D,Çağrı merkezi,1,0,0,0
L00379,2026-07-14,Meta Ads,/yks-kocluk,70,Temsilci E,Çağrı merkezi,1,1,0,0
L00380,2026-07-23,Meta Ads,/ucretsiz-deneme-dersi,4,Temsilci B,WhatsApp,1,1,1,4670
L00381,2026-07-27,Meta Ads,/lgs-paket,1,Temsilci D,Çağrı merkezi,0,0,0,0
L00382,2026-07-15,Meta Ads,/ucretsiz-deneme-dersi,61,Temsilci F,Çağrı merkezi,0,0,0,0
L00383,2026-07-28,Meta Ads,/yks-kocluk,342,Temsilci F,Çağrı merkezi,1,1,0,0
L00384,2026-07-02,Meta Ads,/ucretsiz-deneme-dersi,45,Temsilci F,Çağrı merkezi,1,0,0,0
L00385,2026-07-26,Meta Ads,/yks-kocluk,47,Temsilci A,WhatsApp,0,0,0,0
L00386,2026-07-08,Meta Ads,/yks-kocluk,524,Temsilci F,Çağrı merkezi,1,1,0,0
L00387,2026-07-30,Meta Ads,/yks-kocluk,46,Temsilci E,Çağrı merkezi,1,0,0,0
L00388,2026-07-11,Meta Ads,/yks-kocluk,108,Temsilci B,WhatsApp,0,0,0,0
L00389,2026-07-23,Meta Ads,/fiyatlar,2,Temsilci A,WhatsApp,1,0,0,0
L00390,2026-07-28,Meta Ads,/lgs-paket,22,Temsilci E,Çağrı merkezi,1,1,0,0
L00391,2026-07-24,Meta Ads,/yks-kocluk,879,Temsilci F,Çağrı merkezi,1,0,0,0
L00392,2026-07-27,Meta Ads,/yks-kocluk,81,Temsilci E,Çağrı merkezi,0,0,0,0
L00393,2026-07-13,Meta Ads,/blog/*,4,Temsilci C,WhatsApp,1,0,0,0
L00394,2026-07-16,Meta Ads,/yks-kocluk,156,Temsilci E,Çağrı merkezi,1,0,0,0
L00395,2026-07-22,Meta Ads,/lgs-paket,19,Temsilci E,Çağrı merkezi,1,1,0,0
L00396,2026-07-13,Meta Ads,/ucretsiz-deneme-dersi,40,Temsilci F,Çağrı merkezi,1,1,1,5820
L00397,2026-07-15,Meta Ads,/lgs-paket,15,Temsilci C,WhatsApp,1,0,0,0
L00398,2026-07-18,Meta Ads,/lgs-paket,5,Temsilci D,Çağrı merkezi,1,0,0,0
L00399,2026-07-20,Meta Ads,/ucretsiz-deneme-dersi,279,Temsilci C,WhatsApp,1,0,0,0
L00400,2026-07-25,Meta Ads,/yks-kocluk,454,Temsilci E,Çağrı merkezi,0,0,0,0
L00401,2026-07-19,Meta Ads,/lgs-paket,403,Temsilci F,Çağrı merkezi,1,1,0,0
L00402,2026-07-03,Meta Ads,/yks-kocluk,77,Temsilci C,WhatsApp,1,1,0,0
L00403,2026-07-08,Meta Ads,/ucretsiz-deneme-dersi,11,Temsilci D,Çağrı merkezi,1,1,0,0
L00404,2026-07-13,Meta Ads,/yks-kocluk,26,Temsilci E,Çağrı merkezi,0,0,0,0
L00405,2026-07-15,Meta Ads,/yks-kocluk,878,Temsilci F,Çağrı merkezi,1,1,0,0
L00406,2026-07-07,Meta Ads,/lgs-paket,117,Temsilci B,WhatsApp,0,0,0,0
L00407,2026-07-10,Meta Ads,/ucretsiz-deneme-dersi,162,Temsilci F,Çağrı merkezi,0,0,0,0
L00408,2026-07-08,Meta Ads,/yks-kocluk,237,Temsilci C,WhatsApp,1,1,0,0
L00409,2026-07-19,Meta Ads,/blog/*,140,Temsilci B,WhatsApp,0,0,0,0
L00410,2026-07-24,Meta Ads,/lgs-paket,56,Temsilci F,Çağrı merkezi,0,0,0,0
L00411,2026-07-27,Meta Ads,/ucretsiz-deneme-dersi,13,Temsilci D,Çağrı merkezi,1,1,1,3650
L00412,2026-07-14,Meta Ads,/ucretsiz-deneme-dersi,4,Temsilci A,WhatsApp,1,0,0,0
L00413,2026-07-18,Meta Ads,/lgs-paket,455,Temsilci F,Çağrı merkezi,1,0,0,0
L00414,2026-07-23,Meta Ads,/fiyatlar,50,Temsilci E,Çağrı merkezi,0,0,0,0
L00415,2026-07-04,Meta Ads,/ucretsiz-deneme-dersi,918,Temsilci F,Çağrı merkezi,1,0,0,0
L00416,2026-07-19,Meta Ads,/blog/*,874,Temsilci F,Çağrı merkezi,0,0,0,0
L00417,2026-07-11,Meta Ads,/blog/*,5,Temsilci D,Çağrı merkezi,1,1,0,0
L00418,2026-07-18,Meta Ads,/ucretsiz-deneme-dersi,48,Temsilci E,Çağrı merkezi,1,0,0,0
L00419,2026-07-22,Meta Ads,/ucretsiz-deneme-dersi,9,Temsilci E,Çağrı merkezi,0,0,0,0
L00420,2026-07-16,Meta Ads,/yks-kocluk,30,Temsilci D,Çağrı merkezi,1,0,0,0
L00421,2026-07-24,Meta Ads,/yks-kocluk,59,Temsilci C,WhatsApp,0,0,0,0
L00422,2026-07-17,Meta Ads,/lgs-paket,1,Temsilci D,Çağrı merkezi,1,0,0,0
L00423,2026-07-03,Meta Ads,/yks-kocluk,29,Temsilci F,Çağrı merkezi,0,0,0,0
L00424,2026-07-21,Meta Ads,/yks-kocluk,93,Temsilci B,WhatsApp,0,0,0,0
L00425,2026-07-17,Meta Ads,/yks-kocluk,14,Temsilci B,WhatsApp,1,0,0,0
L00426,2026-07-26,Meta Ads,/lgs-paket,25,Temsilci B,WhatsApp,1,1,0,0
L00427,2026-07-29,Meta Ads,/yks-kocluk,31,Temsilci E,Çağrı merkezi,1,1,0,0
L00428,2026-07-23,Meta Ads,/fiyatlar,5,Temsilci A,WhatsApp,1,0,0,0
L00429,2026-07-12,Meta Ads,/yks-kocluk,5,Temsilci D,Çağrı merkezi,1,0,0,0
L00430,2026-07-21,Meta Ads,/yks-kocluk,11,Temsilci D,Çağrı merkezi,1,1,0,0
L00431,2026-07-20,Meta Ads,/yks-kocluk,294,Temsilci F,Çağrı merkezi,1,0,0,0
L00432,2026-07-03,Meta Ads,/ucretsiz-deneme-dersi,18,Temsilci C,WhatsApp,1,1,0,0
L00433,2026-07-17,Meta Ads,/lgs-paket,8,Temsilci E,Çağrı merkezi,1,1,0,0
L00434,2026-07-23,Meta Ads,/fiyatlar,28,Temsilci B,WhatsApp,1,1,0,0
L00435,2026-07-15,Meta Ads,/ucretsiz-deneme-dersi,425,Temsilci C,WhatsApp,1,1,0,0
L00436,2026-07-18,Meta Ads,/lgs-paket,22,Temsilci D,Çağrı merkezi,1,0,0,0
L00437,2026-07-15,Meta Ads,/lgs-paket,5,Temsilci A,WhatsApp,1,1,1,3840
L00438,2026-07-10,Meta Ads,/yks-kocluk,10,Temsilci D,Çağrı merkezi,0,0,0,0
L00439,2026-07-16,Meta Ads,/lgs-paket,5,Temsilci A,WhatsApp,1,0,0,0
L00440,2026-07-12,Meta Ads,/lgs-paket,30,Temsilci A,WhatsApp,1,1,0,0
L00441,2026-07-24,Meta Ads,/fiyatlar,12,Temsilci B,WhatsApp,0,0,0,0
L00442,2026-07-15,Meta Ads,/yks-kocluk,3,Temsilci A,WhatsApp,0,0,0,0
L00443,2026-07-25,Meta Ads,/fiyatlar,204,Temsilci B,WhatsApp,0,0,0,0
L00444,2026-07-12,Meta Ads,/fiyatlar,193,Temsilci E,Çağrı merkezi,1,1,0,0
L00445,2026-07-07,Meta Ads,/fiyatlar,24,Temsilci E,Çağrı merkezi,1,0,0,0
L00446,2026-07-11,Meta Ads,/blog/*,167,Temsilci C,WhatsApp,1,0,0,0
L00447,2026-07-29,Meta Ads,/ucretsiz-deneme-dersi,1,Temsilci A,WhatsApp,1,0,0,0
L00448,2026-07-02,Meta Ads,/blog/*,33,Temsilci F,Çağrı merkezi,0,0,0,0
L00449,2026-07-08,Meta Ads,/yks-kocluk,247,Temsilci C,WhatsApp,0,0,0,0
L00450,2026-07-22,Meta Ads,/lgs-paket,30,Temsilci B,WhatsApp,1,0,0,0
L00451,2026-07-15,Meta Ads,/yks-kocluk,3,Temsilci A,WhatsApp,1,0,0,0
L00452,2026-07-29,Meta Ads,/lgs-paket,5,Temsilci D,Çağrı merkezi,1,0,0,0
L00453,2026-07-24,Meta Ads,/yks-kocluk,12,Temsilci D,Çağrı merkezi,1,0,0,0
L00454,2026-07-26,Meta Ads,/lgs-paket,422,Temsilci B,WhatsApp,0,0,0,0
L00455,2026-07-16,Meta Ads,/yks-kocluk,58,Temsilci C,WhatsApp,1,0,0,0
L00456,2026-07-16,Meta Ads,/ucretsiz-deneme-dersi,345,Temsilci F,Çağrı merkezi,1,0,0,0
L00457,2026-07-27,Meta Ads,/lgs-paket,16,Temsilci A,WhatsApp,1,0,0,0
L00458,2026-07-14,Meta Ads,/yks-kocluk,576,Temsilci F,Çağrı merkezi,0,0,0,0
L00459,2026-07-10,Meta Ads,/yks-kocluk,14,Temsilci C,WhatsApp,1,1,0,0
L00460,2026-07-21,Meta Ads,/yks-kocluk,12,Temsilci D,Çağrı merkezi,1,0,0,0
L00461,2026-07-14,Meta Ads,/ucretsiz-deneme-dersi,24,Temsilci F,Çağrı merkezi,1,1,0,0
L00462,2026-07-17,Meta Ads,/ucretsiz-deneme-dersi,1,Temsilci A,WhatsApp,1,1,0,0
L00463,2026-07-23,Meta Ads,/yks-kocluk,2,Temsilci A,WhatsApp,1,0,0,0
L00464,2026-07-04,Meta Ads,/yks-kocluk,72,Temsilci C,WhatsApp,0,0,0,0
L00465,2026-07-25,Meta Ads,/fiyatlar,4161,Temsilci F,Çağrı merkezi,1,0,0,0
L00466,2026-07-01,Meta Ads,/ucretsiz-deneme-dersi,20,Temsilci B,WhatsApp,1,0,0,0
L00467,2026-07-05,Meta Ads,/fiyatlar,223,Temsilci E,Çağrı merkezi,0,0,0,0
L00468,2026-07-03,Meta Ads,/fiyatlar,49,Temsilci B,WhatsApp,1,1,0,0
L00469,2026-07-11,Meta Ads,/ucretsiz-deneme-dersi,40,Temsilci B,WhatsApp,1,0,0,0
L00470,2026-07-20,Meta Ads,/ucretsiz-deneme-dersi,211,Temsilci C,WhatsApp,0,0,0,0
L00471,2026-07-28,Meta Ads,/fiyatlar,32,Temsilci C,WhatsApp,1,1,0,0
L00472,2026-07-21,Meta Ads,/yks-kocluk,24,Temsilci B,WhatsApp,1,0,0,0
L00473,2026-07-20,Meta Ads,/yks-kocluk,26,Temsilci A,WhatsApp,0,0,0,0
L00474,2026-07-05,Meta Ads,/lgs-paket,105,Temsilci E,Çağrı merkezi,1,1,0,0
L00475,2026-07-25,Meta Ads,/yks-kocluk,13,Temsilci E,Çağrı merkezi,1,1,1,5400
L00476,2026-07-17,Meta Ads,/yks-kocluk,167,Temsilci F,Çağrı merkezi,1,0,0,0
L00477,2026-07-03,Meta Ads,/ucretsiz-deneme-dersi,53,Temsilci E,Çağrı merkezi,1,1,0,0
L00478,2026-07-07,Meta Ads,/blog/*,27,Temsilci B,WhatsApp,1,0,0,0
L00479,2026-07-27,Meta Ads,/ucretsiz-deneme-dersi,16,Temsilci F,Çağrı merkezi,1,0,0,0
L00480,2026-07-28,Meta Ads,/yks-kocluk,3,Temsilci B,WhatsApp,1,0,0,0
L00481,2026-07-20,Meta Ads,/yks-kocluk,325,Temsilci F,Çağrı merkezi,0,0,0,0
L00482,2026-07-04,Meta Ads,/yks-kocluk,148,Temsilci B,WhatsApp,1,0,0,0
L00483,2026-07-17,Meta Ads,/lgs-paket,72,Temsilci F,Çağrı merkezi,1,0,0,0
L00484,2026-07-28,Meta Ads,/yks-kocluk,9,Temsilci A,WhatsApp,1,0,0,0
L00485,2026-07-09,Meta Ads,/lgs-paket,174,Temsilci C,WhatsApp,0,0,0,0
L00486,2026-07-03,Meta Ads,/lgs-paket,25,Temsilci E,Çağrı merkezi,1,0,0,0
L00487,2026-07-12,Meta Ads,/yks-kocluk,47,Temsilci A,WhatsApp,0,0,0,0
L00488,2026-07-04,Meta Ads,/yks-kocluk,1,Temsilci E,Çağrı merkezi,1,1,1,4220
L00489,2026-07-30,Meta Ads,/yks-kocluk,5,Temsilci A,WhatsApp,0,0,0,0
L00490,2026-07-24,Meta Ads,/ucretsiz-deneme-dersi,14,Temsilci B,WhatsApp,1,0,0,0
L00491,2026-07-09,Meta Ads,/fiyatlar,26,Temsilci E,Çağrı merkezi,1,0,0,0
L00492,2026-07-06,Meta Ads,/yks-kocluk,219,Temsilci E,Çağrı merkezi,0,0,0,0
L00493,2026-07-03,Meta Ads,/fiyatlar,208,Temsilci C,WhatsApp,1,1,0,0
L00494,2026-07-12,Meta Ads,/yks-kocluk,295,Temsilci E,Çağrı merkezi,0,0,0,0
L00495,2026-07-08,Meta Ads,/lgs-paket,196,Temsilci E,Çağrı merkezi,0,0,0,0
L00496,2026-07-25,Meta Ads,/yks-kocluk,275,Temsilci E,Çağrı merkezi,1,1,0,0
L00497,2026-07-08,Meta Ads,/lgs-paket,439,Temsilci F,Çağrı merkezi,0,0,0,0
L00498,2026-07-11,Meta Ads,/yks-kocluk,397,Temsilci F,Çağrı merkezi,0,0,0,0
L00499,2026-07-10,Meta Ads,/yks-kocluk,224,Temsilci E,Çağrı merkezi,1,0,0,0
L00500,2026-07-05,Meta Ads,/ucretsiz-deneme-dersi,1,Temsilci A,WhatsApp,1,0,0,0
L00501,2026-07-14,Meta Ads,/ucretsiz-deneme-dersi,86,Temsilci C,WhatsApp,0,0,0,0
L00502,2026-07-19,Meta Ads,/yks-kocluk,124,Temsilci B,WhatsApp,1,0,0,0
L00503,2026-07-02,Meta Ads,/lgs-paket,9,Temsilci B,WhatsApp,1,1,0,0
L00504,2026-07-23,Meta Ads,/fiyatlar,54,Temsilci C,WhatsApp,1,1,0,0
L00505,2026-07-25,Meta Ads,/ucretsiz-deneme-dersi,4,Temsilci A,WhatsApp,1,0,0,0
L00506,2026-07-14,Meta Ads,/yks-kocluk,468,Temsilci C,WhatsApp,1,1,0,0
L00507,2026-07-04,Meta Ads,/yks-kocluk,305,Temsilci F,Çağrı merkezi,0,0,0,0
L00508,2026-07-20,Meta Ads,/yks-kocluk,22,Temsilci C,WhatsApp,1,0,0,0
L00509,2026-07-13,Meta Ads,/lgs-paket,85,Temsilci F,Çağrı merkezi,0,0,0,0
L00510,2026-07-06,Meta Ads,/yks-kocluk,23,Temsilci D,Çağrı merkezi,1,0,0,0
L00511,2026-07-04,Meta Ads,/lgs-paket,16,Temsilci B,WhatsApp,1,0,0,0
L00512,2026-07-08,Meta Ads,/yks-kocluk,6,Temsilci D,Çağrı merkezi,1,0,0,0
L00513,2026-07-19,Meta Ads,/ucretsiz-deneme-dersi,1,Temsilci A,WhatsApp,1,0,0,0
L00514,2026-07-15,Meta Ads,/fiyatlar,14,Temsilci A,WhatsApp,0,0,0,0
L00515,2026-07-11,Meta Ads,/yks-kocluk,2,Temsilci D,Çağrı merkezi,0,0,0,0
L00516,2026-07-14,Meta Ads,/fiyatlar,8,Temsilci D,Çağrı merkezi,1,0,0,0
L00517,2026-07-12,Meta Ads,/yks-kocluk,39,Temsilci B,WhatsApp,1,1,0,0
L00518,2026-07-20,Meta Ads,/yks-kocluk,97,Temsilci C,WhatsApp,0,0,0,0
L00519,2026-07-16,Meta Ads,/yks-kocluk,68,Temsilci C,WhatsApp,1,0,0,0
L00520,2026-07-26,Meta Ads,/lgs-paket,4310,Temsilci F,Çağrı merkezi,0,0,0,0
L00521,2026-07-01,Meta Ads,/blog/*,107,Temsilci F,Çağrı merkezi,1,0,0,0
L00522,2026-07-30,Meta Ads,/ucretsiz-deneme-dersi,69,Temsilci C,WhatsApp,1,1,0,0
L00523,2026-07-29,Meta Ads,/fiyatlar,8,Temsilci C,WhatsApp,0,0,0,0
L00524,2026-07-17,Meta Ads,/lgs-paket,431,Temsilci E,Çağrı merkezi,0,0,0,0
L00525,2026-07-04,Meta Ads,/yks-kocluk,38,Temsilci B,WhatsApp,0,0,0,0
L00526,2026-07-30,Meta Ads,/ucretsiz-deneme-dersi,30,Temsilci B,WhatsApp,0,0,0,0
L00527,2026-07-13,Meta Ads,/lgs-paket,7,Temsilci B,WhatsApp,1,0,0,0
L00528,2026-07-23,Meta Ads,/lgs-paket,2,Temsilci E,Çağrı merkezi,1,0,0,0
L00529,2026-07-19,Meta Ads,/yks-kocluk,222,Temsilci B,WhatsApp,0,0,0,0
L00530,2026-07-16,Meta Ads,/lgs-paket,24,Temsilci B,WhatsApp,1,1,0,0
L00531,2026-07-17,Meta Ads,/lgs-paket,350,Temsilci C,WhatsApp,1,1,0,0
L00532,2026-07-30,Meta Ads,/fiyatlar,9,Temsilci C,WhatsApp,1,0,0,0
L00533,2026-07-05,Meta Ads,/ucretsiz-deneme-dersi,379,Temsilci E,Çağrı merkezi,0,0,0,0
L00534,2026-07-12,Meta Ads,/ucretsiz-deneme-dersi,423,Temsilci F,Çağrı merkezi,1,1,0,0
L00535,2026-07-06,Meta Ads,/ucretsiz-deneme-dersi,19,Temsilci D,Çağrı merkezi,0,0,0,0
L00536,2026-07-21,Meta Ads,/yks-kocluk,832,Temsilci F,Çağrı merkezi,0,0,0,0
L00537,2026-07-30,Meta Ads,/ucretsiz-deneme-dersi,35,Temsilci C,WhatsApp,1,1,0,0
L00538,2026-07-23,Meta Ads,/yks-kocluk,46,Temsilci B,WhatsApp,0,0,0,0
L00539,2026-07-19,Meta Ads,/lgs-paket,6,Temsilci E,Çağrı merkezi,1,0,0,0
L00540,2026-07-20,Meta Ads,/yks-kocluk,6,Temsilci E,Çağrı merkezi,1,1,1,4180
L00541,2026-07-11,Meta Ads,/yks-kocluk,36,Temsilci A,WhatsApp,0,0,0,0
L00542,2026-07-24,Meta Ads,/fiyatlar,1,Temsilci D,Çağrı merkezi,1,0,0,0
L00543,2026-07-12,Meta Ads,/yks-kocluk,27,Temsilci A,WhatsApp,1,0,0,0
L00544,2026-07-14,Meta Ads,/blog/*,8,Temsilci D,Çağrı merkezi,1,0,0,0
L00545,2026-07-04,Meta Ads,/fiyatlar,203,Temsilci E,Çağrı merkezi,0,0,0,0
L00546,2026-07-06,Meta Ads,/lgs-paket,2,Temsilci A,WhatsApp,1,0,0,0
L00547,2026-07-03,Meta Ads,/lgs-paket,2,Temsilci D,Çağrı merkezi,1,0,0,0
L00548,2026-07-03,Meta Ads,/yks-kocluk,123,Temsilci E,Çağrı merkezi,0,0,0,0
L00549,2026-07-14,Meta Ads,/blog/*,33,Temsilci B,WhatsApp,1,1,0,0
L00550,2026-07-07,Meta Ads,/lgs-paket,70,Temsilci E,Çağrı merkezi,0,0,0,0
L00551,2026-07-09,Meta Ads,/ucretsiz-deneme-dersi,38,Temsilci C,WhatsApp,1,0,0,0
L00552,2026-07-27,Meta Ads,/lgs-paket,3,Temsilci A,WhatsApp,1,1,0,0
L00553,2026-07-20,Meta Ads,/lgs-paket,1,Temsilci A,WhatsApp,1,1,1,5550
L00554,2026-07-10,Meta Ads,/ucretsiz-deneme-dersi,8,Temsilci D,Çağrı merkezi,1,1,0,0
L00555,2026-07-06,Meta Ads,/lgs-paket,6,Temsilci D,Çağrı merkezi,1,1,0,0
L00556,2026-07-08,Meta Ads,/fiyatlar,3,Temsilci E,Çağrı merkezi,1,0,0,0
L00557,2026-07-03,Meta Ads,/ucretsiz-deneme-dersi,29,Temsilci E,Çağrı merkezi,1,1,1,4290
L00558,2026-07-17,Meta Ads,/lgs-paket,64,Temsilci E,Çağrı merkezi,0,0,0,0
L00559,2026-07-19,Meta Ads,/fiyatlar,15,Temsilci D,Çağrı merkezi,1,0,0,0
L00560,2026-07-02,Meta Ads,/lgs-paket,89,Temsilci E,Çağrı merkezi,0,0,0,0
L00561,2026-07-20,Meta Ads,/yks-kocluk,2,Temsilci D,Çağrı merkezi,0,0,0,0
L00562,2026-07-07,Meta Ads,/fiyatlar,2,Temsilci B,WhatsApp,1,0,0,0
L00563,2026-07-07,Meta Ads,/blog/*,38,Temsilci F,Çağrı merkezi,1,1,0,0
L00564,2026-07-26,Meta Ads,/yks-kocluk,34,Temsilci D,Çağrı merkezi,1,0,0,0
L00565,2026-07-17,Meta Ads,/lgs-paket,9,Temsilci A,WhatsApp,1,0,0,0
L00566,2026-07-14,Meta Ads,/yks-kocluk,6,Temsilci B,WhatsApp,1,0,0,0
L00567,2026-07-04,Meta Ads,/blog/*,291,Temsilci E,Çağrı merkezi,0,0,0,0
L00568,2026-07-28,Meta Ads,/lgs-paket,294,Temsilci C,WhatsApp,1,0,0,0
L00569,2026-07-19,Meta Ads,/ucretsiz-deneme-dersi,4,Temsilci A,WhatsApp,1,0,0,0
L00570,2026-07-22,Meta Ads,/ucretsiz-deneme-dersi,3,Temsilci A,WhatsApp,1,0,0,0
L00571,2026-07-02,Meta Ads,/ucretsiz-deneme-dersi,318,Temsilci C,WhatsApp,1,0,0,0
L00572,2026-07-10,Meta Ads,/yks-kocluk,23,Temsilci D,Çağrı merkezi,1,0,0,0
L00573,2026-07-08,Meta Ads,/yks-kocluk,140,Temsilci F,Çağrı merkezi,0,0,0,0
L00574,2026-07-09,Meta Ads,/ucretsiz-deneme-dersi,57,Temsilci E,Çağrı merkezi,1,1,0,0
L00575,2026-07-24,Meta Ads,/lgs-paket,111,Temsilci E,Çağrı merkezi,0,0,0,0
L00576,2026-07-17,Meta Ads,/ucretsiz-deneme-dersi,2,Temsilci A,WhatsApp,1,1,0,0
L00577,2026-07-29,Meta Ads,/ucretsiz-deneme-dersi,7,Temsilci B,WhatsApp,0,0,0,0
L00578,2026-07-27,Meta Ads,/yks-kocluk,4,Temsilci A,WhatsApp,0,0,0,0
L00579,2026-07-23,Meta Ads,/yks-kocluk,243,Temsilci C,WhatsApp,1,0,0,0
L00580,2026-07-04,Meta Ads,/ucretsiz-deneme-dersi,57,Temsilci B,WhatsApp,1,1,0,0
L00581,2026-07-19,Meta Ads,/lgs-paket,87,Temsilci C,WhatsApp,0,0,0,0
L00582,2026-07-24,Meta Ads,/fiyatlar,2,Temsilci A,WhatsApp,1,1,0,0
L00583,2026-07-07,Meta Ads,/fiyatlar,61,Temsilci F,Çağrı merkezi,1,0,0,0
L00584,2026-07-17,Meta Ads,/yks-kocluk,2,Temsilci F,Çağrı merkezi,0,0,0,0
L00585,2026-07-21,Meta Ads,/yks-kocluk,2,Temsilci A,WhatsApp,1,0,0,0
L00586,2026-07-23,Meta Ads,/blog/*,77,Temsilci F,Çağrı merkezi,0,0,0,0
L00587,2026-07-28,Meta Ads,/lgs-paket,34,Temsilci C,WhatsApp,1,0,0,0
L00588,2026-07-20,Meta Ads,/lgs-paket,1,Temsilci A,WhatsApp,0,0,0,0
L00589,2026-07-27,Meta Ads,/fiyatlar,57,Temsilci E,Çağrı merkezi,1,1,1,3400
L00590,2026-07-09,Meta Ads,/ucretsiz-deneme-dersi,42,Temsilci C,WhatsApp,0,0,0,0
L00591,2026-07-29,Meta Ads,/ucretsiz-deneme-dersi,6,Temsilci B,WhatsApp,1,0,0,0
L00592,2026-07-26,Meta Ads,/fiyatlar,100,Temsilci E,Çağrı merkezi,1,1,1,4590
L00593,2026-07-10,Meta Ads,/yks-kocluk,6,Temsilci D,Çağrı merkezi,1,0,0,0
L00594,2026-07-19,Meta Ads,/fiyatlar,635,Temsilci C,WhatsApp,1,0,0,0
L00595,2026-07-26,Meta Ads,/lgs-paket,373,Temsilci F,Çağrı merkezi,1,1,0,0
L00596,2026-07-18,Meta Ads,/yks-kocluk,13,Temsilci A,WhatsApp,1,0,0,0
L00597,2026-07-18,Meta Ads,/ucretsiz-deneme-dersi,360,Temsilci B,WhatsApp,0,0,0,0
L00598,2026-07-21,Meta Ads,/yks-kocluk,35,Temsilci C,WhatsApp,0,0,0,0
L00599,2026-07-14,Meta Ads,/ucretsiz-deneme-dersi,65,Temsilci C,WhatsApp,1,0,0,0
L00600,2026-07-04,Meta Ads,/lgs-paket,736,Temsilci F,Çağrı merkezi,0,0,0,0
L00601,2026-07-03,Meta Ads,/lgs-paket,24,Temsilci B,WhatsApp,0,0,0,0
L00602,2026-07-13,Meta Ads,/lgs-paket,1,Temsilci D,Çağrı merkezi,1,1,1,4350
L00603,2026-07-19,Meta Ads,/fiyatlar,6,Temsilci D,Çağrı merkezi,0,0,0,0
L00604,2026-07-06,Meta Ads,/ucretsiz-deneme-dersi,5,Temsilci D,Çağrı merkezi,0,0,0,0
L00605,2026-07-11,Meta Ads,/ucretsiz-deneme-dersi,13,Temsilci A,WhatsApp,1,0,0,0
L00606,2026-07-19,Meta Ads,/ucretsiz-deneme-dersi,65,Temsilci D,Çağrı merkezi,0,0,0,0
L00607,2026-07-05,Meta Ads,/ucretsiz-deneme-dersi,471,Temsilci F,Çağrı merkezi,1,0,0,0
L00608,2026-07-01,Meta Ads,/yks-kocluk,46,Temsilci B,WhatsApp,0,0,0,0
L00609,2026-07-29,Meta Ads,/yks-kocluk,12,Temsilci E,Çağrı merkezi,1,0,0,0
L00610,2026-07-08,Meta Ads,/yks-kocluk,52,Temsilci C,WhatsApp,1,0,0,0
L00611,2026-07-10,Meta Ads,/yks-kocluk,2,Temsilci A,WhatsApp,1,0,0,0
L00612,2026-07-20,Meta Ads,/lgs-paket,26,Temsilci D,Çağrı merkezi,0,0,0,0
L00613,2026-07-11,Meta Ads,/blog/*,19,Temsilci D,Çağrı merkezi,1,0,0,0
L00614,2026-07-30,Meta Ads,/fiyatlar,2,Temsilci A,WhatsApp,1,1,0,0
L00615,2026-07-19,Meta Ads,/lgs-paket,10,Temsilci A,WhatsApp,1,1,0,0
L00616,2026-07-09,Meta Ads,/ucretsiz-deneme-dersi,3,Temsilci E,Çağrı merkezi,0,0,0,0
L00617,2026-07-22,Meta Ads,/yks-kocluk,1,Temsilci A,WhatsApp,1,0,0,0
L00618,2026-07-04,Meta Ads,/lgs-paket,51,Temsilci D,Çağrı merkezi,1,0,0,0
L00619,2026-07-01,Meta Ads,/yks-kocluk,26,Temsilci F,Çağrı merkezi,1,0,0,0
L00620,2026-07-23,Meta Ads,/yks-kocluk,4,Temsilci A,WhatsApp,1,1,0,0
L00621,2026-07-16,Meta Ads,/yks-kocluk,53,Temsilci B,WhatsApp,0,0,0,0
L00622,2026-07-07,Meta Ads,/lgs-paket,4,Temsilci D,Çağrı merkezi,1,0,0,0
L00623,2026-07-07,Meta Ads,/ucretsiz-deneme-dersi,5,Temsilci D,Çağrı merkezi,1,0,0,0
L00624,2026-07-30,Meta Ads,/yks-kocluk,61,Temsilci E,Çağrı merkezi,1,1,0,0
L00625,2026-07-24,Meta Ads,/ucretsiz-deneme-dersi,145,Temsilci C,WhatsApp,1,0,0,0
L00626,2026-07-09,Meta Ads,/lgs-paket,10,Temsilci A,WhatsApp,0,0,0,0
L00627,2026-07-28,Meta Ads,/yks-kocluk,90,Temsilci F,Çağrı merkezi,0,0,0,0
L00628,2026-07-04,Meta Ads,/fiyatlar,1,Temsilci A,WhatsApp,1,0,0,0
L00629,2026-07-11,Meta Ads,/lgs-paket,130,Temsilci D,Çağrı merkezi,1,0,0,0
L00630,2026-07-12,Meta Ads,/fiyatlar,15,Temsilci B,WhatsApp,1,0,0,0
L00631,2026-07-27,Meta Ads,/lgs-paket,19,Temsilci D,Çağrı merkezi,1,0,0,0
L00632,2026-07-04,Meta Ads,/yks-kocluk,51,Temsilci F,Çağrı merkezi,0,0,0,0
L00633,2026-07-06,Meta Ads,/yks-kocluk,36,Temsilci E,Çağrı merkezi,1,0,0,0
L00634,2026-07-20,Meta Ads,/lgs-paket,132,Temsilci C,WhatsApp,0,0,0,0
L00635,2026-07-29,Meta Ads,/fiyatlar,23,Temsilci B,WhatsApp,1,0,0,0
L00636,2026-07-15,Meta Ads,/yks-kocluk,149,Temsilci C,WhatsApp,1,0,0,0
L00637,2026-07-17,Meta Ads,/ucretsiz-deneme-dersi,71,Temsilci E,Çağrı merkezi,1,0,0,0
L00638,2026-07-28,Meta Ads,/yks-kocluk,64,Temsilci E,Çağrı merkezi,1,0,0,0
L00639,2026-07-24,Meta Ads,/yks-kocluk,153,Temsilci C,WhatsApp,0,0,0,0
L00640,2026-07-05,Meta Ads,/fiyatlar,429,Temsilci E,Çağrı merkezi,0,0,0,0
L00641,2026-07-01,Meta Ads,/ucretsiz-deneme-dersi,25,Temsilci B,WhatsApp,1,0,0,0
L00642,2026-07-06,Meta Ads,/yks-kocluk,5,Temsilci D,Çağrı merkezi,1,1,0,0
L00643,2026-07-18,Meta Ads,/ucretsiz-deneme-dersi,71,Temsilci D,Çağrı merkezi,1,0,0,0
L00644,2026-07-19,Meta Ads,/lgs-paket,25,Temsilci D,Çağrı merkezi,1,0,0,0
L00645,2026-07-21,Meta Ads,/yks-kocluk,6,Temsilci D,Çağrı merkezi,1,1,1,4890
L00646,2026-07-20,Meta Ads,/ucretsiz-deneme-dersi,45,Temsilci E,Çağrı merkezi,0,0,0,0
L00647,2026-07-15,Meta Ads,/blog/*,244,Temsilci C,WhatsApp,0,0,0,0
L00648,2026-07-28,Meta Ads,/lgs-paket,80,Temsilci E,Çağrı merkezi,1,0,0,0
L00649,2026-07-12,Meta Ads,/ucretsiz-deneme-dersi,2,Temsilci A,WhatsApp,1,1,1,4970
L00650,2026-07-26,Meta Ads,/yks-kocluk,90,Temsilci E,Çağrı merkezi,1,0,0,0
L00651,2026-07-16,Meta Ads,/yks-kocluk,326,Temsilci F,Çağrı merkezi,1,1,0,0
L00652,2026-07-04,Meta Ads,/blog/*,10,Temsilci D,Çağrı merkezi,0,0,0,0
L00653,2026-07-07,Meta Ads,/ucretsiz-deneme-dersi,8,Temsilci A,WhatsApp,1,0,0,0
L00654,2026-07-22,Meta Ads,/ucretsiz-deneme-dersi,7,Temsilci D,Çağrı merkezi,1,0,0,0
L00655,2026-07-16,Meta Ads,/yks-kocluk,12,Temsilci F,Çağrı merkezi,0,0,0,0
L00656,2026-07-27,Meta Ads,/ucretsiz-deneme-dersi,84,Temsilci E,Çağrı merkezi,0,0,0,0
L00657,2026-07-23,Meta Ads,/ucretsiz-deneme-dersi,405,Temsilci F,Çağrı merkezi,1,0,0,0
L00658,2026-07-20,Meta Ads,/fiyatlar,117,Temsilci E,Çağrı merkezi,1,0,0,0
L00659,2026-07-23,Meta Ads,/ucretsiz-deneme-dersi,71,Temsilci C,WhatsApp,1,1,0,0
L00660,2026-07-05,Meta Ads,/lgs-paket,1827,Temsilci F,Çağrı merkezi,0,0,0,0
L00661,2026-07-27,Meta Ads,/ucretsiz-deneme-dersi,174,Temsilci C,WhatsApp,0,0,0,0
L00662,2026-07-21,Meta Ads,/yks-kocluk,34,Temsilci B,WhatsApp,1,1,0,0
L00663,2026-07-23,Meta Ads,/ucretsiz-deneme-dersi,25,Temsilci B,WhatsApp,1,1,1,4190
L00664,2026-07-16,Meta Ads,/ucretsiz-deneme-dersi,297,Temsilci F,Çağrı merkezi,0,0,0,0
L00665,2026-07-29,Meta Ads,/fiyatlar,294,Temsilci C,WhatsApp,1,1,0,0
L00666,2026-07-13,Meta Ads,/yks-kocluk,14,Temsilci F,Çağrı merkezi,1,0,0,0
L00667,2026-07-10,Meta Ads,/ucretsiz-deneme-dersi,64,Temsilci B,WhatsApp,0,0,0,0
L00668,2026-07-10,Meta Ads,/yks-kocluk,2,Temsilci E,Çağrı merkezi,1,1,0,0
L00669,2026-07-24,Meta Ads,/ucretsiz-deneme-dersi,47,Temsilci B,WhatsApp,1,1,0,0
L00670,2026-07-26,Meta Ads,/ucretsiz-deneme-dersi,917,Temsilci F,Çağrı merkezi,0,0,0,0
L00671,2026-07-13,Meta Ads,/lgs-paket,90,Temsilci F,Çağrı merkezi,1,1,0,0
L00672,2026-07-20,Meta Ads,/fiyatlar,21,Temsilci D,Çağrı merkezi,0,0,0,0
L00673,2026-07-23,Meta Ads,/ucretsiz-deneme-dersi,197,Temsilci C,WhatsApp,0,0,0,0
L00674,2026-07-20,Meta Ads,/yks-kocluk,800,Temsilci F,Çağrı merkezi,1,1,0,0
L00675,2026-07-06,Meta Ads,/blog/*,173,Temsilci F,Çağrı merkezi,1,0,0,0
L00676,2026-07-18,Meta Ads,/yks-kocluk,107,Temsilci B,WhatsApp,1,1,0,0
L00677,2026-07-05,Meta Ads,/yks-kocluk,445,Temsilci C,WhatsApp,0,0,0,0
L00678,2026-07-21,Meta Ads,/ucretsiz-deneme-dersi,86,Temsilci F,Çağrı merkezi,0,0,0,0
L00679,2026-07-18,Meta Ads,/lgs-paket,321,Temsilci F,Çağrı merkezi,1,1,0,0
L00680,2026-07-17,Meta Ads,/yks-kocluk,42,Temsilci E,Çağrı merkezi,1,1,0,0
L00681,2026-07-11,Meta Ads,/yks-kocluk,121,Temsilci C,WhatsApp,0,0,0,0
L00682,2026-07-17,Meta Ads,/lgs-paket,95,Temsilci E,Çağrı merkezi,0,0,0,0
L00683,2026-07-01,Meta Ads,/yks-kocluk,83,Temsilci C,WhatsApp,0,0,0,0
L00684,2026-07-20,Meta Ads,/fiyatlar,112,Temsilci B,WhatsApp,0,0,0,0
L00685,2026-07-11,Meta Ads,/lgs-paket,10,Temsilci A,WhatsApp,1,1,0,0
L00686,2026-07-27,Meta Ads,/ucretsiz-deneme-dersi,89,Temsilci E,Çağrı merkezi,1,1,0,0
L00687,2026-07-07,Meta Ads,/yks-kocluk,18,Temsilci A,WhatsApp,1,0,0,0
L00688,2026-07-18,Meta Ads,/lgs-paket,57,Temsilci F,Çağrı merkezi,0,0,0,0
L00689,2026-07-25,Meta Ads,/yks-kocluk,464,Temsilci F,Çağrı merkezi,1,0,0,0
L00690,2026-07-23,Meta Ads,/fiyatlar,358,Temsilci F,Çağrı merkezi,0,0,0,0
L00691,2026-07-03,Meta Ads,/ucretsiz-deneme-dersi,1,Temsilci B,WhatsApp,1,1,1,3710
L00692,2026-07-09,Meta Ads,/lgs-paket,95,Temsilci E,Çağrı merkezi,0,0,0,0
L00693,2026-07-14,Meta Ads,/lgs-paket,124,Temsilci F,Çağrı merkezi,1,1,0,0
L00694,2026-07-01,Meta Ads,/ucretsiz-deneme-dersi,4,Temsilci E,Çağrı merkezi,1,1,0,0
L00695,2026-07-12,Meta Ads,/blog/*,7,Temsilci A,WhatsApp,1,0,0,0
L00696,2026-07-10,Meta Ads,/ucretsiz-deneme-dersi,6,Temsilci D,Çağrı merkezi,0,0,0,0
L00697,2026-07-01,Meta Ads,/lgs-paket,14,Temsilci E,Çağrı merkezi,1,0,0,0
L00698,2026-07-28,Meta Ads,/lgs-paket,37,Temsilci F,Çağrı merkezi,0,0,0,0
L00699,2026-07-30,Meta Ads,/blog/*,251,Temsilci F,Çağrı merkezi,0,0,0,0
L00700,2026-07-01,Meta Ads,/lgs-paket,8,Temsilci E,Çağrı merkezi,1,0,0,0
L00701,2026-07-13,Meta Ads,/lgs-paket,2,Temsilci A,WhatsApp,1,0,0,0
L00702,2026-07-12,Meta Ads,/yks-kocluk,1602,Temsilci F,Çağrı merkezi,1,1,0,0
L00703,2026-07-09,Meta Ads,/yks-kocluk,39,Temsilci B,WhatsApp,1,1,0,0
L00704,2026-07-18,Meta Ads,/lgs-paket,15,Temsilci E,Çağrı merkezi,1,1,0,0
L00705,2026-07-19,Meta Ads,/lgs-paket,216,Temsilci C,WhatsApp,0,0,0,0
L00706,2026-07-08,Meta Ads,/yks-kocluk,4,Temsilci E,Çağrı merkezi,1,0,0,0
L00707,2026-07-11,Meta Ads,/ucretsiz-deneme-dersi,579,Temsilci C,WhatsApp,1,0,0,0
L00708,2026-07-26,Meta Ads,/yks-kocluk,8,Temsilci D,Çağrı merkezi,1,0,0,0
L00709,2026-07-23,Meta Ads,/ucretsiz-deneme-dersi,4,Temsilci D,Çağrı merkezi,1,0,0,0
L00710,2026-07-11,Meta Ads,/fiyatlar,25,Temsilci D,Çağrı merkezi,0,0,0,0
L00711,2026-07-16,Meta Ads,/lgs-paket,36,Temsilci B,WhatsApp,1,1,0,0
L00712,2026-07-29,Meta Ads,/lgs-paket,185,Temsilci C,WhatsApp,0,0,0,0
L00713,2026-07-24,Meta Ads,/yks-kocluk,11,Temsilci A,WhatsApp,1,0,0,0
L00714,2026-07-19,Meta Ads,/lgs-paket,46,Temsilci E,Çağrı merkezi,1,1,0,0
L00715,2026-07-18,Meta Ads,/lgs-paket,56,Temsilci B,WhatsApp,1,0,0,0
L00716,2026-07-24,Meta Ads,/fiyatlar,22,Temsilci B,WhatsApp,1,1,0,0
L00717,2026-07-22,Meta Ads,/yks-kocluk,63,Temsilci E,Çağrı merkezi,0,0,0,0
L00718,2026-07-05,Meta Ads,/lgs-paket,102,Temsilci B,WhatsApp,1,0,0,0
L00719,2026-07-05,Meta Ads,/ucretsiz-deneme-dersi,118,Temsilci D,Çağrı merkezi,1,0,0,0
L00720,2026-07-08,Meta Ads,/yks-kocluk,37,Temsilci C,WhatsApp,0,0,0,0
L00721,2026-07-17,Meta Ads,/fiyatlar,69,Temsilci C,WhatsApp,0,0,0,0
L00722,2026-07-29,Meta Ads,/yks-kocluk,94,Temsilci F,Çağrı merkezi,0,0,0,0
L00723,2026-07-17,Meta Ads,/ucretsiz-deneme-dersi,252,Temsilci C,WhatsApp,1,0,0,0
L00724,2026-07-06,Meta Ads,/lgs-paket,5,Temsilci D,Çağrı merkezi,1,0,0,0
L00725,2026-07-17,Meta Ads,/yks-kocluk,25,Temsilci B,WhatsApp,1,0,0,0
L00726,2026-07-16,Meta Ads,/ucretsiz-deneme-dersi,1,Temsilci E,Çağrı merkezi,1,0,0,0
L00727,2026-07-08,Meta Ads,/yks-kocluk,79,Temsilci F,Çağrı merkezi,1,1,0,0
L00728,2026-07-27,Meta Ads,/yks-kocluk,19,Temsilci B,WhatsApp,1,1,0,0
L00729,2026-07-16,Meta Ads,/yks-kocluk,36,Temsilci B,WhatsApp,1,1,1,4850
L00730,2026-07-05,Meta Ads,/ucretsiz-deneme-dersi,47,Temsilci A,WhatsApp,1,1,0,0
L00731,2026-07-17,Meta Ads,/blog/*,191,Temsilci E,Çağrı merkezi,0,0,0,0
L00732,2026-07-29,Meta Ads,/ucretsiz-deneme-dersi,413,Temsilci F,Çağrı merkezi,0,0,0,0
L00733,2026-07-07,Meta Ads,/lgs-paket,24,Temsilci D,Çağrı merkezi,1,0,0,0
L00734,2026-07-20,Meta Ads,/yks-kocluk,94,Temsilci E,Çağrı merkezi,1,0,0,0
L00735,2026-07-09,Meta Ads,/yks-kocluk,101,Temsilci F,Çağrı merkezi,1,0,0,0
L00736,2026-07-08,Meta Ads,/lgs-paket,4,Temsilci B,WhatsApp,1,0,0,0
L00737,2026-07-17,Meta Ads,/ucretsiz-deneme-dersi,33,Temsilci B,WhatsApp,1,0,0,0
L00738,2026-07-20,Meta Ads,/yks-kocluk,38,Temsilci E,Çağrı merkezi,1,0,0,0
L00739,2026-07-05,Meta Ads,/fiyatlar,338,Temsilci E,Çağrı merkezi,0,0,0,0
L00740,2026-07-25,Meta Ads,/ucretsiz-deneme-dersi,31,Temsilci D,Çağrı merkezi,1,1,0,0
L00741,2026-07-08,Meta Ads,/blog/*,19,Temsilci D,Çağrı merkezi,1,0,0,0
L00742,2026-07-24,Meta Ads,/fiyatlar,206,Temsilci F,Çağrı merkezi,1,1,0,0
L00743,2026-07-30,Meta Ads,/fiyatlar,128,Temsilci C,WhatsApp,0,0,0,0
L00744,2026-07-09,Meta Ads,/yks-kocluk,327,Temsilci F,Çağrı merkezi,1,0,0,0
L00745,2026-07-17,Meta Ads,/yks-kocluk,55,Temsilci F,Çağrı merkezi,0,0,0,0
L00746,2026-07-14,Meta Ads,/lgs-paket,19,Temsilci B,WhatsApp,1,1,0,0
L00747,2026-07-19,Meta Ads,/lgs-paket,2354,Temsilci C,WhatsApp,0,0,0,0
L00748,2026-07-07,Meta Ads,/lgs-paket,36,Temsilci E,Çağrı merkezi,1,0,0,0
L00749,2026-07-09,Meta Ads,/blog/*,23,Temsilci E,Çağrı merkezi,1,0,0,0
L00750,2026-07-28,Meta Ads,/fiyatlar,8,Temsilci A,WhatsApp,1,0,0,0
L00751,2026-07-06,Meta Ads,/yks-kocluk,28,Temsilci E,Çağrı merkezi,1,0,0,0
L00752,2026-07-23,Meta Ads,/ucretsiz-deneme-dersi,1,Temsilci A,WhatsApp,0,0,0,0
L00753,2026-07-01,Meta Ads,/fiyatlar,22,Temsilci B,WhatsApp,1,1,0,0
L00754,2026-07-12,Meta Ads,/yks-kocluk,27,Temsilci A,WhatsApp,0,0,0,0
L00755,2026-07-13,Meta Ads,/ucretsiz-deneme-dersi,19,Temsilci E,Çağrı merkezi,0,0,0,0
L00756,2026-07-02,Meta Ads,/blog/*,36,Temsilci B,WhatsApp,1,1,0,0
L00757,2026-07-26,Meta Ads,/lgs-paket,4,Temsilci B,WhatsApp,1,0,0,0
L00758,2026-07-08,Meta Ads,/ucretsiz-deneme-dersi,9,Temsilci F,Çağrı merkezi,1,1,0,0
L00759,2026-07-09,Meta Ads,/ucretsiz-deneme-dersi,155,Temsilci C,WhatsApp,1,1,1,5160
L00760,2026-07-30,Meta Ads,/yks-kocluk,181,Temsilci C,WhatsApp,0,0,0,0
L00761,2026-07-19,Meta Ads,/lgs-paket,126,Temsilci C,WhatsApp,0,0,0,0
L00762,2026-07-15,Meta Ads,/blog/*,1,Temsilci E,Çağrı merkezi,1,0,0,0
L00763,2026-07-18,Meta Ads,/yks-kocluk,204,Temsilci C,WhatsApp,1,0,0,0
L00764,2026-07-09,Meta Ads,/fiyatlar,16,Temsilci E,Çağrı merkezi,1,1,0,0
L00765,2026-07-08,Meta Ads,/ucretsiz-deneme-dersi,14,Temsilci D,Çağrı merkezi,0,0,0,0
L00766,2026-07-28,Meta Ads,/yks-kocluk,2,Temsilci A,WhatsApp,1,0,0,0
L00767,2026-07-08,Meta Ads,/ucretsiz-deneme-dersi,56,Temsilci B,WhatsApp,1,1,0,0
L00768,2026-07-23,Meta Ads,/fiyatlar,12,Temsilci B,WhatsApp,1,0,0,0
L00769,2026-07-11,Meta Ads,/yks-kocluk,79,Temsilci B,WhatsApp,1,0,0,0
L00770,2026-07-09,Meta Ads,/yks-kocluk,276,Temsilci F,Çağrı merkezi,0,0,0,0
L00771,2026-07-16,Meta Ads,/ucretsiz-deneme-dersi,47,Temsilci B,WhatsApp,0,0,0,0
L00772,2026-07-07,Meta Ads,/yks-kocluk,63,Temsilci B,WhatsApp,1,0,0,0
L00773,2026-07-04,Meta Ads,/blog/*,2620,Temsilci F,Çağrı merkezi,0,0,0,0
L00774,2026-07-01,Meta Ads,/ucretsiz-deneme-dersi,174,Temsilci E,Çağrı merkezi,0,0,0,0
L00775,2026-07-12,Meta Ads,/ucretsiz-deneme-dersi,96,Temsilci D,Çağrı merkezi,0,0,0,0
L00776,2026-07-19,Meta Ads,/fiyatlar,8,Temsilci D,Çağrı merkezi,1,0,0,0
L00777,2026-07-13,Meta Ads,/yks-kocluk,8,Temsilci E,Çağrı merkezi,1,0,0,0
L00778,2026-07-18,Meta Ads,/yks-kocluk,245,Temsilci C,WhatsApp,0,0,0,0
L00779,2026-07-06,Meta Ads,/lgs-paket,7,Temsilci A,WhatsApp,1,0,0,0
L00780,2026-07-01,Meta Ads,/ucretsiz-deneme-dersi,10,Temsilci D,Çağrı merkezi,1,0,0,0
L00781,2026-07-09,Meta Ads,/yks-kocluk,38,Temsilci C,WhatsApp,1,0,0,0
L00782,2026-07-12,Meta Ads,/yks-kocluk,10,Temsilci D,Çağrı merkezi,1,1,0,0
L00783,2026-07-09,Meta Ads,/lgs-paket,8,Temsilci E,Çağrı merkezi,1,1,1,3970
L00784,2026-07-08,Meta Ads,/lgs-paket,3,Temsilci D,Çağrı merkezi,1,0,0,0
L00785,2026-07-16,Meta Ads,/fiyatlar,19,Temsilci B,WhatsApp,1,0,0,0
L00786,2026-07-21,Meta Ads,/lgs-paket,91,Temsilci F,Çağrı merkezi,1,1,0,0
L00787,2026-07-02,Meta Ads,/lgs-paket,43,Temsilci F,Çağrı merkezi,1,1,0,0
L00788,2026-07-04,Meta Ads,/lgs-paket,147,Temsilci C,WhatsApp,1,0,0,0
L00789,2026-07-26,Meta Ads,/yks-kocluk,11,Temsilci A,WhatsApp,1,0,0,0
L00790,2026-07-20,Meta Ads,/yks-kocluk,58,Temsilci E,Çağrı merkezi,1,0,0,0
L00791,2026-07-10,Meta Ads,/lgs-paket,171,Temsilci F,Çağrı merkezi,0,0,0,0
L00792,2026-07-15,Meta Ads,/fiyatlar,11,Temsilci D,Çağrı merkezi,1,0,0,0
L00793,2026-07-28,Meta Ads,/yks-kocluk,77,Temsilci C,WhatsApp,1,1,0,0
L00794,2026-07-03,Meta Ads,/yks-kocluk,13,Temsilci B,WhatsApp,1,0,0,0
L00795,2026-07-20,Meta Ads,/ucretsiz-deneme-dersi,306,Temsilci C,WhatsApp,0,0,0,0
L00796,2026-07-12,Meta Ads,/ucretsiz-deneme-dersi,648,Temsilci E,Çağrı merkezi,1,1,1,5230
L00797,2026-07-22,Meta Ads,/yks-kocluk,290,Temsilci F,Çağrı merkezi,1,1,0,0
L00798,2026-07-03,Meta Ads,/blog/*,10,Temsilci D,Çağrı merkezi,1,1,0,0
L00799,2026-07-03,Meta Ads,/yks-kocluk,9,Temsilci E,Çağrı merkezi,1,0,0,0
L00800,2026-07-10,Meta Ads,/yks-kocluk,80,Temsilci F,Çağrı merkezi,1,1,0,0
L00801,2026-07-01,Meta Ads,/yks-kocluk,276,Temsilci C,WhatsApp,1,0,0,0
L00802,2026-07-28,Meta Ads,/lgs-paket,111,Temsilci C,WhatsApp,1,0,0,0
L00803,2026-07-18,Meta Ads,/yks-kocluk,117,Temsilci E,Çağrı merkezi,0,0,0,0
L00804,2026-07-29,Meta Ads,/ucretsiz-deneme-dersi,56,Temsilci E,Çağrı merkezi,1,0,0,0
L00805,2026-07-16,Meta Ads,/lgs-paket,3,Temsilci A,WhatsApp,1,1,0,0
L00806,2026-07-01,Meta Ads,/lgs-paket,15,Temsilci B,WhatsApp,1,1,0,0
L00807,2026-07-25,Meta Ads,/lgs-paket,30,Temsilci A,WhatsApp,0,0,0,0
L00808,2026-07-20,Meta Ads,/yks-kocluk,5,Temsilci A,WhatsApp,1,0,0,0
L00809,2026-07-14,Meta Ads,/lgs-paket,44,Temsilci B,WhatsApp,0,0,0,0
L00810,2026-07-27,Meta Ads,/lgs-paket,12,Temsilci C,WhatsApp,1,0,0,0
L00811,2026-07-26,Meta Ads,/fiyatlar,969,Temsilci F,Çağrı merkezi,1,0,0,0
L00812,2026-07-26,Meta Ads,/yks-kocluk,235,Temsilci B,WhatsApp,1,1,0,0
L00813,2026-07-20,Meta Ads,/lgs-paket,234,Temsilci F,Çağrı merkezi,1,1,1,4700
L00814,2026-07-06,Meta Ads,/blog/*,44,Temsilci C,WhatsApp,0,0,0,0
L00815,2026-07-24,Meta Ads,/yks-kocluk,1,Temsilci A,WhatsApp,1,1,0,0
L00816,2026-07-26,Meta Ads,/lgs-paket,305,Temsilci C,WhatsApp,0,0,0,0
L00817,2026-07-11,Meta Ads,/yks-kocluk,7,Temsilci B,WhatsApp,0,0,0,0
L00818,2026-07-03,Meta Ads,/lgs-paket,7,Temsilci B,WhatsApp,0,0,0,0
L00819,2026-07-27,Meta Ads,/lgs-paket,1,Temsilci A,WhatsApp,1,1,0,0
L00820,2026-07-15,Meta Ads,/yks-kocluk,1,Temsilci A,WhatsApp,1,1,0,0
L00821,2026-07-07,Meta Ads,/lgs-paket,780,Temsilci F,Çağrı merkezi,0,0,0,0
L00822,2026-07-06,Meta Ads,/ucretsiz-deneme-dersi,8,Temsilci A,WhatsApp,1,1,0,0
L00823,2026-07-10,Meta Ads,/yks-kocluk,12,Temsilci A,WhatsApp,1,1,0,0
L00824,2026-07-11,Meta Ads,/yks-kocluk,431,Temsilci C,WhatsApp,1,1,0,0
L00825,2026-07-19,Meta Ads,/ucretsiz-deneme-dersi,49,Temsilci D,Çağrı merkezi,1,0,0,0
L00826,2026-07-08,Meta Ads,/yks-kocluk,7,Temsilci A,WhatsApp,1,0,0,0
L00827,2026-07-25,Meta Ads,/ucretsiz-deneme-dersi,9,Temsilci A,WhatsApp,1,0,0,0
L00828,2026-07-04,Meta Ads,/yks-kocluk,47,Temsilci B,WhatsApp,1,0,0,0
L00829,2026-07-12,Meta Ads,/fiyatlar,55,Temsilci D,Çağrı merkezi,1,1,0,0
L00830,2026-07-09,Meta Ads,/fiyatlar,15,Temsilci D,Çağrı merkezi,1,0,0,0
L00831,2026-07-16,Meta Ads,/yks-kocluk,27,Temsilci B,WhatsApp,1,0,0,0
L00832,2026-07-28,Meta Ads,/fiyatlar,10,Temsilci E,Çağrı merkezi,1,0,0,0
L00833,2026-07-27,Meta Ads,/yks-kocluk,85,Temsilci C,WhatsApp,0,0,0,0
L00834,2026-07-17,Meta Ads,/lgs-paket,75,Temsilci B,WhatsApp,1,1,0,0
L00835,2026-07-11,Meta Ads,/ucretsiz-deneme-dersi,2870,Temsilci F,Çağrı merkezi,0,0,0,0
L00836,2026-07-07,Meta Ads,/lgs-paket,17,Temsilci D,Çağrı merkezi,1,1,0,0
L00837,2026-07-11,Meta Ads,/yks-kocluk,207,Temsilci E,Çağrı merkezi,1,0,0,0
L00838,2026-07-06,Meta Ads,/fiyatlar,4,Temsilci B,WhatsApp,1,1,0,0
L00839,2026-07-13,Meta Ads,/ucretsiz-deneme-dersi,54,Temsilci E,Çağrı merkezi,1,1,0,0
L00840,2026-07-23,Meta Ads,/yks-kocluk,37,Temsilci B,WhatsApp,0,0,0,0
L00841,2026-07-27,Meta Ads,/yks-kocluk,15,Temsilci F,Çağrı merkezi,1,0,0,0
L00842,2026-07-14,Meta Ads,/fiyatlar,14,Temsilci F,Çağrı merkezi,1,0,0,0
L00843,2026-07-24,Meta Ads,/yks-kocluk,11,Temsilci C,WhatsApp,1,0,0,0
L00844,2026-07-04,Meta Ads,/ucretsiz-deneme-dersi,94,Temsilci E,Çağrı merkezi,1,0,0,0
L00845,2026-07-19,Meta Ads,/ucretsiz-deneme-dersi,100,Temsilci B,WhatsApp,1,0,0,0
L00846,2026-07-25,Meta Ads,/ucretsiz-deneme-dersi,550,Temsilci C,WhatsApp,0,0,0,0
L00847,2026-07-14,Meta Ads,/fiyatlar,55,Temsilci B,WhatsApp,1,0,0,0
L00848,2026-07-22,Meta Ads,/yks-kocluk,32,Temsilci E,Çağrı merkezi,1,1,0,0
L00849,2026-07-11,Meta Ads,/fiyatlar,61,Temsilci D,Çağrı merkezi,1,0,0,0
L00850,2026-07-20,Meta Ads,/yks-kocluk,13,Temsilci E,Çağrı merkezi,1,0,0,0
L00851,2026-07-09,Meta Ads,/lgs-paket,7,Temsilci D,Çağrı merkezi,1,0,0,0
L00852,2026-07-10,Meta Ads,/ucretsiz-deneme-dersi,8,Temsilci E,Çağrı merkezi,0,0,0,0
L00853,2026-07-01,Meta Ads,/yks-kocluk,8,Temsilci B,WhatsApp,1,0,0,0
L00854,2026-07-23,Meta Ads,/fiyatlar,39,Temsilci E,Çağrı merkezi,1,0,0,0
L00855,2026-07-04,Meta Ads,/yks-kocluk,83,Temsilci C,WhatsApp,1,0,0,0
L00856,2026-07-08,Meta Ads,/yks-kocluk,13,Temsilci C,WhatsApp,1,0,0,0
L00857,2026-07-24,Meta Ads,/yks-kocluk,220,Temsilci C,WhatsApp,1,0,0,0
L00858,2026-07-23,Meta Ads,/ucretsiz-deneme-dersi,5,Temsilci A,WhatsApp,1,0,0,0
L00859,2026-07-19,Meta Ads,/lgs-paket,54,Temsilci A,WhatsApp,1,0,0,0
L00860,2026-07-14,Meta Ads,/lgs-paket,12,Temsilci A,WhatsApp,1,0,0,0
L00861,2026-07-20,Meta Ads,/blog/*,361,Temsilci F,Çağrı merkezi,1,1,1,4710
L00862,2026-07-05,Meta Ads,/yks-kocluk,210,Temsilci F,Çağrı merkezi,1,0,0,0
L00863,2026-07-13,Meta Ads,/blog/*,47,Temsilci E,Çağrı merkezi,1,0,0,0
L00864,2026-07-26,Meta Ads,/lgs-paket,50,Temsilci B,WhatsApp,1,0,0,0
L00865,2026-07-18,Meta Ads,/lgs-paket,11,Temsilci A,WhatsApp,1,0,0,0
L00866,2026-07-25,Meta Ads,/yks-kocluk,43,Temsilci E,Çağrı merkezi,1,0,0,0
L00867,2026-07-18,Meta Ads,/ucretsiz-deneme-dersi,624,Temsilci F,Çağrı merkezi,1,1,0,0
L00868,2026-07-22,Meta Ads,/blog/*,1,Temsilci A,WhatsApp,1,1,1,4170
L00869,2026-07-21,Meta Ads,/yks-kocluk,26,Temsilci C,WhatsApp,1,0,0,0
L00870,2026-07-26,Meta Ads,/lgs-paket,71,Temsilci B,WhatsApp,0,0,0,0
L00871,2026-07-08,Meta Ads,/yks-kocluk,24,Temsilci C,WhatsApp,1,1,0,0
L00872,2026-07-08,Meta Ads,/blog/*,71,Temsilci B,WhatsApp,0,0,0,0
L00873,2026-07-01,Meta Ads,/lgs-paket,2,Temsilci A,WhatsApp,1,1,0,0
L00874,2026-07-07,Meta Ads,/yks-kocluk,76,Temsilci E,Çağrı merkezi,1,0,0,0
L00875,2026-07-05,Meta Ads,/ucretsiz-deneme-dersi,16,Temsilci F,Çağrı merkezi,1,0,0,0
L00876,2026-07-02,Meta Ads,/yks-kocluk,2,Temsilci A,WhatsApp,1,0,0,0
L00877,2026-07-02,Meta Ads,/lgs-paket,1,Temsilci A,WhatsApp,1,0,0,0
L00878,2026-07-30,Meta Ads,/ucretsiz-deneme-dersi,1,Temsilci A,WhatsApp,1,0,0,0
L00879,2026-07-08,Meta Ads,/blog/*,207,Temsilci E,Çağrı merkezi,1,1,0,0
L00880,2026-07-18,Meta Ads,/yks-kocluk,85,Temsilci B,WhatsApp,1,0,0,0
L00881,2026-07-01,Meta Ads,/yks-kocluk,20,Temsilci E,Çağrı merkezi,1,0,0,0
L00882,2026-07-01,Meta Ads,/lgs-paket,61,Temsilci C,WhatsApp,1,0,0,0
L00883,2026-07-17,Meta Ads,/yks-kocluk,6,Temsilci A,WhatsApp,0,0,0,0
L00884,2026-07-29,Meta Ads,/blog/*,17,Temsilci A,WhatsApp,0,0,0,0
L00885,2026-07-08,Meta Ads,/yks-kocluk,13,Temsilci D,Çağrı merkezi,1,1,0,0
L00886,2026-07-20,Meta Ads,/fiyatlar,62,Temsilci F,Çağrı merkezi,1,1,0,0
L00887,2026-07-30,Meta Ads,/ucretsiz-deneme-dersi,9,Temsilci D,Çağrı merkezi,1,1,0,0
L00888,2026-07-26,Meta Ads,/yks-kocluk,45,Temsilci B,WhatsApp,0,0,0,0
L00889,2026-07-17,Meta Ads,/fiyatlar,65,Temsilci D,Çağrı merkezi,0,0,0,0
L00890,2026-07-05,Meta Ads,/ucretsiz-deneme-dersi,479,Temsilci E,Çağrı merkezi,1,0,0,0
L00891,2026-07-24,Meta Ads,/yks-kocluk,256,Temsilci C,WhatsApp,1,1,0,0
L00892,2026-07-14,Meta Ads,/blog/*,82,Temsilci C,WhatsApp,0,0,0,0
L00893,2026-07-29,Meta Ads,/ucretsiz-deneme-dersi,77,Temsilci F,Çağrı merkezi,0,0,0,0
L00894,2026-07-04,Meta Ads,/yks-kocluk,30,Temsilci A,WhatsApp,1,1,0,0
L00895,2026-07-08,Meta Ads,/ucretsiz-deneme-dersi,41,Temsilci B,WhatsApp,1,0,0,0
L00896,2026-07-16,Meta Ads,/yks-kocluk,35,Temsilci E,Çağrı merkezi,0,0,0,0
L00897,2026-07-06,Meta Ads,/fiyatlar,8,Temsilci D,Çağrı merkezi,1,1,0,0
L00898,2026-07-01,Meta Ads,/blog/*,3,Temsilci D,Çağrı merkezi,1,1,1,3710
L00899,2026-07-15,Meta Ads,/fiyatlar,14,Temsilci D,Çağrı merkezi,0,0,0,0
L00900,2026-07-29,Meta Ads,/yks-kocluk,18,Temsilci D,Çağrı merkezi,1,0,0,0
L00901,2026-07-24,Meta Ads,/yks-kocluk,154,Temsilci E,Çağrı merkezi,0,0,0,0
L00902,2026-07-18,Meta Ads,/lgs-paket,1299,Temsilci F,Çağrı merkezi,0,0,0,0
L00903,2026-07-15,Meta Ads,/lgs-paket,13,Temsilci A,WhatsApp,1,0,0,0
L00904,2026-07-24,Meta Ads,/yks-kocluk,9,Temsilci D,Çağrı merkezi,1,1,0,0
L00905,2026-07-13,Meta Ads,/fiyatlar,87,Temsilci C,WhatsApp,1,0,0,0
L00906,2026-07-02,Meta Ads,/ucretsiz-deneme-dersi,22,Temsilci B,WhatsApp,1,1,0,0
L00907,2026-07-06,Meta Ads,/ucretsiz-deneme-dersi,190,Temsilci F,Çağrı merkezi,1,1,1,4470
L00908,2026-07-29,Meta Ads,/ucretsiz-deneme-dersi,75,Temsilci B,WhatsApp,1,1,0,0
L00909,2026-07-23,Meta Ads,/ucretsiz-deneme-dersi,317,Temsilci F,Çağrı merkezi,1,0,0,0
L00910,2026-07-21,Meta Ads,/lgs-paket,68,Temsilci E,Çağrı merkezi,0,0,0,0
L00911,2026-07-17,Meta Ads,/ucretsiz-deneme-dersi,17,Temsilci B,WhatsApp,1,0,0,0
L00912,2026-07-30,Meta Ads,/yks-kocluk,476,Temsilci F,Çağrı merkezi,1,1,0,0
L00913,2026-07-02,Meta Ads,/lgs-paket,183,Temsilci C,WhatsApp,0,0,0,0
L00914,2026-07-10,Meta Ads,/ucretsiz-deneme-dersi,14,Temsilci A,WhatsApp,0,0,0,0
L00915,2026-07-01,Meta Ads,/ucretsiz-deneme-dersi,2,Temsilci C,WhatsApp,1,0,0,0
L00916,2026-07-26,Meta Ads,/yks-kocluk,11,Temsilci D,Çağrı merkezi,1,0,0,0
L00917,2026-07-14,Meta Ads,/lgs-paket,50,Temsilci E,Çağrı merkezi,1,0,0,0
L00918,2026-07-20,Meta Ads,/ucretsiz-deneme-dersi,2,Temsilci B,WhatsApp,1,0,0,0
L00919,2026-07-02,Meta Ads,/yks-kocluk,7,Temsilci A,WhatsApp,0,0,0,0
L00920,2026-07-10,Meta Ads,/yks-kocluk,1,Temsilci A,WhatsApp,1,1,0,0
L00921,2026-07-20,Meta Ads,/ucretsiz-deneme-dersi,217,Temsilci F,Çağrı merkezi,0,0,0,0
L00922,2026-07-06,Meta Ads,/blog/*,208,Temsilci F,Çağrı merkezi,0,0,0,0
L00923,2026-07-03,Meta Ads,/ucretsiz-deneme-dersi,64,Temsilci C,WhatsApp,1,1,0,0
L00924,2026-07-18,Meta Ads,/yks-kocluk,6,Temsilci D,Çağrı merkezi,1,1,0,0
L00925,2026-07-17,Meta Ads,/yks-kocluk,33,Temsilci B,WhatsApp,1,0,0,0
L00926,2026-07-21,Meta Ads,/lgs-paket,4,Temsilci A,WhatsApp,1,0,0,0
L00927,2026-07-23,Meta Ads,/yks-kocluk,104,Temsilci E,Çağrı merkezi,1,0,0,0
L00928,2026-07-20,Meta Ads,/lgs-paket,33,Temsilci B,WhatsApp,1,0,0,0
L00929,2026-07-16,Meta Ads,/lgs-paket,75,Temsilci B,WhatsApp,1,1,0,0
L00930,2026-07-04,Meta Ads,/yks-kocluk,1338,Temsilci F,Çağrı merkezi,0,0,0,0
L00931,2026-07-07,Meta Ads,/ucretsiz-deneme-dersi,6,Temsilci D,Çağrı merkezi,1,0,0,0
L00932,2026-07-21,Meta Ads,/yks-kocluk,54,Temsilci F,Çağrı merkezi,1,0,0,0
L00933,2026-07-10,Meta Ads,/yks-kocluk,22,Temsilci E,Çağrı merkezi,1,0,0,0
L00934,2026-07-11,Meta Ads,/lgs-paket,184,Temsilci E,Çağrı merkezi,1,1,0,0
L00935,2026-07-11,Meta Ads,/blog/*,104,Temsilci D,Çağrı merkezi,0,0,0,0
L00936,2026-07-21,Meta Ads,/yks-kocluk,35,Temsilci B,WhatsApp,0,0,0,0
L00937,2026-07-18,Meta Ads,/fiyatlar,64,Temsilci D,Çağrı merkezi,1,0,0,0
L00938,2026-07-27,Meta Ads,/lgs-paket,71,Temsilci E,Çağrı merkezi,1,0,0,0
L00939,2026-07-07,Meta Ads,/ucretsiz-deneme-dersi,225,Temsilci C,WhatsApp,0,0,0,0
L00940,2026-07-12,Meta Ads,/yks-kocluk,40,Temsilci B,WhatsApp,1,0,0,0
L00941,2026-07-21,Meta Ads,/lgs-paket,30,Temsilci B,WhatsApp,1,0,0,0
L00942,2026-07-28,Meta Ads,/ucretsiz-deneme-dersi,171,Temsilci C,WhatsApp,1,1,0,0
L00943,2026-07-16,Meta Ads,/fiyatlar,84,Temsilci C,WhatsApp,0,0,0,0
L00944,2026-07-07,Meta Ads,/lgs-paket,4,Temsilci B,WhatsApp,1,0,0,0
L00945,2026-07-30,Meta Ads,/yks-kocluk,1,Temsilci E,Çağrı merkezi,1,0,0,0
L00946,2026-07-07,Meta Ads,/lgs-paket,16,Temsilci D,Çağrı merkezi,1,0,0,0
L00947,2026-07-05,Meta Ads,/ucretsiz-deneme-dersi,36,Temsilci A,WhatsApp,0,0,0,0
L00948,2026-07-22,Meta Ads,/blog/*,45,Temsilci B,WhatsApp,1,0,0,0
L00949,2026-07-17,Meta Ads,/yks-kocluk,377,Temsilci C,WhatsApp,0,0,0,0
L00950,2026-07-20,Meta Ads,/fiyatlar,88,Temsilci C,WhatsApp,1,0,0,0
L00951,2026-07-22,Meta Ads,/ucretsiz-deneme-dersi,5,Temsilci A,WhatsApp,1,0,0,0
L00952,2026-07-11,Meta Ads,/yks-kocluk,159,Temsilci C,WhatsApp,1,0,0,0
L00953,2026-07-04,Meta Ads,/yks-kocluk,39,Temsilci B,WhatsApp,1,0,0,0
L00954,2026-07-17,Meta Ads,/yks-kocluk,24,Temsilci E,Çağrı merkezi,1,1,0,0
L00955,2026-07-10,Meta Ads,/ucretsiz-deneme-dersi,3,Temsilci B,WhatsApp,1,1,0,0
L00956,2026-07-05,Meta Ads,/yks-kocluk,43,Temsilci F,Çağrı merkezi,1,1,0,0
L00957,2026-07-23,Meta Ads,/ucretsiz-deneme-dersi,55,Temsilci E,Çağrı merkezi,0,0,0,0
L00958,2026-07-15,Meta Ads,/ucretsiz-deneme-dersi,57,Temsilci C,WhatsApp,1,0,0,0
L00959,2026-07-26,Meta Ads,/lgs-paket,35,Temsilci D,Çağrı merkezi,1,0,0,0
L00960,2026-07-23,Meta Ads,/lgs-paket,4,Temsilci D,Çağrı merkezi,1,0,0,0
L00961,2026-07-16,Meta Ads,/yks-kocluk,5,Temsilci B,WhatsApp,1,1,0,0
L00962,2026-07-06,Meta Ads,/ucretsiz-deneme-dersi,96,Temsilci F,Çağrı merkezi,0,0,0,0
L00963,2026-07-11,Meta Ads,/lgs-paket,1,Temsilci A,WhatsApp,1,0,0,0
L00964,2026-07-28,Meta Ads,/yks-kocluk,130,Temsilci C,WhatsApp,1,1,0,0
L00965,2026-07-26,Meta Ads,/yks-kocluk,202,Temsilci E,Çağrı merkezi,0,0,0,0
L00966,2026-07-18,Meta Ads,/lgs-paket,103,Temsilci E,Çağrı merkezi,1,0,0,0
L00967,2026-07-16,Meta Ads,/lgs-paket,33,Temsilci C,WhatsApp,0,0,0,0
L00968,2026-07-14,Meta Ads,/ucretsiz-deneme-dersi,10,Temsilci D,Çağrı merkezi,1,0,0,0
L00969,2026-07-06,Meta Ads,/ucretsiz-deneme-dersi,8,Temsilci A,WhatsApp,1,0,0,0
L00970,2026-07-04,Meta Ads,/ucretsiz-deneme-dersi,17,Temsilci D,Çağrı merkezi,1,0,0,0
L00971,2026-07-10,Meta Ads,/blog/*,5,Temsilci A,WhatsApp,1,0,0,0
L00972,2026-07-27,Meta Ads,/lgs-paket,12,Temsilci D,Çağrı merkezi,1,1,1,4820
L00973,2026-07-25,Meta Ads,/ucretsiz-deneme-dersi,30,Temsilci A,WhatsApp,1,0,0,0
L00974,2026-07-10,Meta Ads,/lgs-paket,33,Temsilci E,Çağrı merkezi,1,0,0,0
L00975,2026-07-10,Meta Ads,/ucretsiz-deneme-dersi,87,Temsilci F,Çağrı merkezi,0,0,0,0
L00976,2026-07-14,Meta Ads,/ucretsiz-deneme-dersi,649,Temsilci C,WhatsApp,0,0,0,0
L00977,2026-07-20,Meta Ads,/blog/*,23,Temsilci D,Çağrı merkezi,0,0,0,0
L00978,2026-07-29,TikTok Ads,/lgs-paket,1,Temsilci A,WhatsApp,1,0,0,0
L00979,2026-07-04,TikTok Ads,/fiyatlar,6,Temsilci A,WhatsApp,1,0,0,0
L00980,2026-07-11,TikTok Ads,/ucretsiz-deneme-dersi,20,Temsilci D,Çağrı merkezi,1,0,0,0
L00981,2026-07-16,TikTok Ads,/yks-kocluk,27,Temsilci E,Çağrı merkezi,0,0,0,0
L00982,2026-07-27,TikTok Ads,/lgs-paket,836,Temsilci C,WhatsApp,0,0,0,0
L00983,2026-07-05,TikTok Ads,/yks-kocluk,13,Temsilci F,Çağrı merkezi,1,0,0,0
L00984,2026-07-14,TikTok Ads,/blog/*,3,Temsilci B,WhatsApp,1,0,0,0
L00985,2026-07-15,TikTok Ads,/fiyatlar,223,Temsilci F,Çağrı merkezi,1,1,0,0
L00986,2026-07-18,TikTok Ads,/fiyatlar,18,Temsilci D,Çağrı merkezi,1,0,0,0
L00987,2026-07-19,TikTok Ads,/lgs-paket,227,Temsilci F,Çağrı merkezi,1,0,0,0
L00988,2026-07-18,TikTok Ads,/ucretsiz-deneme-dersi,80,Temsilci A,WhatsApp,1,0,0,0
L00989,2026-07-04,TikTok Ads,/ucretsiz-deneme-dersi,70,Temsilci F,Çağrı merkezi,0,0,0,0
L00990,2026-07-17,TikTok Ads,/blog/*,88,Temsilci C,WhatsApp,1,0,0,0
L00991,2026-07-03,TikTok Ads,/yks-kocluk,325,Temsilci F,Çağrı merkezi,0,0,0,0
L00992,2026-07-03,TikTok Ads,/ucretsiz-deneme-dersi,88,Temsilci E,Çağrı merkezi,1,1,0,0
L00993,2026-07-25,TikTok Ads,/yks-kocluk,30,Temsilci D,Çağrı merkezi,1,0,0,0
L00994,2026-07-14,TikTok Ads,/lgs-paket,48,Temsilci C,WhatsApp,1,0,0,0
L00995,2026-07-24,TikTok Ads,/yks-kocluk,17,Temsilci E,Çağrı merkezi,1,0,0,0
L00996,2026-07-19,TikTok Ads,/yks-kocluk,811,Temsilci C,WhatsApp,0,0,0,0
L00997,2026-07-10,TikTok Ads,/lgs-paket,25,Temsilci B,WhatsApp,0,0,0,0
L00998,2026-07-09,TikTok Ads,/yks-kocluk,18,Temsilci E,Çağrı merkezi,0,0,0,0
L00999,2026-07-01,TikTok Ads,/ucretsiz-deneme-dersi,11,Temsilci E,Çağrı merkezi,1,1,0,0
L01000,2026-07-26,TikTok Ads,/yks-kocluk,226,Temsilci F,Çağrı merkezi,1,0,0,0
L01001,2026-07-02,TikTok Ads,/lgs-paket,21,Temsilci A,WhatsApp,1,0,0,0
L01002,2026-07-27,TikTok Ads,/lgs-paket,18,Temsilci D,Çağrı merkezi,1,0,0,0
L01003,2026-07-21,TikTok Ads,/yks-kocluk,73,Temsilci E,Çağrı merkezi,1,0,0,0
L01004,2026-07-25,TikTok Ads,/fiyatlar,4,Temsilci A,WhatsApp,1,1,0,0
L01005,2026-07-25,TikTok Ads,/blog/*,59,Temsilci B,WhatsApp,0,0,0,0
L01006,2026-07-16,TikTok Ads,/yks-kocluk,112,Temsilci E,Çağrı merkezi,1,0,0,0
L01007,2026-07-15,TikTok Ads,/lgs-paket,457,Temsilci C,WhatsApp,0,0,0,0
L01008,2026-07-02,TikTok Ads,/yks-kocluk,56,Temsilci E,Çağrı merkezi,0,0,0,0
L01009,2026-07-14,TikTok Ads,/ucretsiz-deneme-dersi,469,Temsilci F,Çağrı merkezi,1,1,0,0
L01010,2026-07-21,TikTok Ads,/ucretsiz-deneme-dersi,18,Temsilci D,Çağrı merkezi,1,0,0,0
L01011,2026-07-19,TikTok Ads,/ucretsiz-deneme-dersi,79,Temsilci E,Çağrı merkezi,0,0,0,0
L01012,2026-07-06,TikTok Ads,/yks-kocluk,7,Temsilci A,WhatsApp,0,0,0,0
L01013,2026-07-01,TikTok Ads,/lgs-paket,6,Temsilci E,Çağrı merkezi,1,1,0,0
L01014,2026-07-07,TikTok Ads,/yks-kocluk,5,Temsilci E,Çağrı merkezi,0,0,0,0
L01015,2026-07-22,TikTok Ads,/fiyatlar,105,Temsilci B,WhatsApp,1,0,0,0
L01016,2026-07-04,TikTok Ads,/yks-kocluk,27,Temsilci E,Çağrı merkezi,1,0,0,0
L01017,2026-07-19,TikTok Ads,/fiyatlar,277,Temsilci B,WhatsApp,0,0,0,0
L01018,2026-07-09,TikTok Ads,/yks-kocluk,660,Temsilci F,Çağrı merkezi,0,0,0,0
L01019,2026-07-30,TikTok Ads,/blog/*,14,Temsilci D,Çağrı merkezi,1,0,0,0
L01020,2026-07-09,TikTok Ads,/yks-kocluk,2,Temsilci A,WhatsApp,1,0,0,0
L01021,2026-07-02,TikTok Ads,/yks-kocluk,27,Temsilci C,WhatsApp,1,0,0,0
L01022,2026-07-07,TikTok Ads,/ucretsiz-deneme-dersi,36,Temsilci B,WhatsApp,1,0,0,0
L01023,2026-07-14,TikTok Ads,/yks-kocluk,27,Temsilci F,Çağrı merkezi,1,1,1,2890
L01024,2026-07-24,TikTok Ads,/yks-kocluk,1,Temsilci D,Çağrı merkezi,1,0,0,0
L01025,2026-07-01,TikTok Ads,/blog/*,119,Temsilci F,Çağrı merkezi,1,1,0,0
L01026,2026-07-01,TikTok Ads,/lgs-paket,8,Temsilci D,Çağrı merkezi,1,0,0,0
L01027,2026-07-26,TikTok Ads,/ucretsiz-deneme-dersi,49,Temsilci E,Çağrı merkezi,1,0,0,0
L01028,2026-07-25,TikTok Ads,/lgs-paket,148,Temsilci E,Çağrı merkezi,0,0,0,0
L01029,2026-07-11,TikTok Ads,/ucretsiz-deneme-dersi,2,Temsilci D,Çağrı merkezi,0,0,0,0
L01030,2026-07-21,TikTok Ads,/yks-kocluk,106,Temsilci E,Çağrı merkezi,1,0,0,0
L01031,2026-07-25,TikTok Ads,/ucretsiz-deneme-dersi,191,Temsilci F,Çağrı merkezi,0,0,0,0
L01032,2026-07-13,TikTok Ads,/ucretsiz-deneme-dersi,167,Temsilci C,WhatsApp,0,0,0,0
L01033,2026-07-21,TikTok Ads,/ucretsiz-deneme-dersi,1,Temsilci D,Çağrı merkezi,1,0,0,0
L01034,2026-07-05,TikTok Ads,/yks-kocluk,27,Temsilci A,WhatsApp,1,0,0,0
L01035,2026-07-03,TikTok Ads,/ucretsiz-deneme-dersi,88,Temsilci F,Çağrı merkezi,1,0,0,0
L01036,2026-07-15,TikTok Ads,/blog/*,1,Temsilci A,WhatsApp,1,0,0,0
L01037,2026-07-02,TikTok Ads,/lgs-paket,58,Temsilci B,WhatsApp,0,0,0,0
L01038,2026-07-15,TikTok Ads,/blog/*,9,Temsilci E,Çağrı merkezi,1,0,0,0
L01039,2026-07-02,TikTok Ads,/ucretsiz-deneme-dersi,13,Temsilci D,Çağrı merkezi,1,0,0,0
L01040,2026-07-02,TikTok Ads,/yks-kocluk,34,Temsilci F,Çağrı merkezi,1,1,0,0
L01041,2026-07-26,TikTok Ads,/yks-kocluk,36,Temsilci E,Çağrı merkezi,1,0,0,0
L01042,2026-07-04,TikTok Ads,/yks-kocluk,309,Temsilci E,Çağrı merkezi,1,0,0,0
L01043,2026-07-14,TikTok Ads,/yks-kocluk,272,Temsilci F,Çağrı merkezi,1,0,0,0
L01044,2026-07-19,TikTok Ads,/lgs-paket,887,Temsilci C,WhatsApp,0,0,0,0
L01045,2026-07-25,TikTok Ads,/yks-kocluk,50,Temsilci B,WhatsApp,1,1,0,0
L01046,2026-07-23,TikTok Ads,/lgs-paket,20,Temsilci B,WhatsApp,0,0,0,0
L01047,2026-07-02,TikTok Ads,/yks-kocluk,227,Temsilci F,Çağrı merkezi,0,0,0,0
L01048,2026-07-01,TikTok Ads,/fiyatlar,1,Temsilci A,WhatsApp,1,1,0,0
L01049,2026-07-29,TikTok Ads,/yks-kocluk,395,Temsilci F,Çağrı merkezi,0,0,0,0
L01050,2026-07-23,TikTok Ads,/yks-kocluk,36,Temsilci B,WhatsApp,1,0,0,0
L01051,2026-07-06,TikTok Ads,/ucretsiz-deneme-dersi,5,Temsilci A,WhatsApp,1,0,0,0
L01052,2026-07-03,TikTok Ads,/ucretsiz-deneme-dersi,60,Temsilci C,WhatsApp,1,1,0,0
L01053,2026-07-17,TikTok Ads,/blog/*,25,Temsilci E,Çağrı merkezi,1,0,0,0
L01054,2026-07-08,TikTok Ads,/lgs-paket,258,Temsilci F,Çağrı merkezi,1,1,0,0
L01055,2026-07-22,TikTok Ads,/fiyatlar,8,Temsilci D,Çağrı merkezi,1,0,0,0
L01056,2026-07-02,TikTok Ads,/ucretsiz-deneme-dersi,33,Temsilci C,WhatsApp,1,0,0,0
L01057,2026-07-29,TikTok Ads,/ucretsiz-deneme-dersi,1,Temsilci A,WhatsApp,1,0,0,0
L01058,2026-07-06,TikTok Ads,/ucretsiz-deneme-dersi,9,Temsilci D,Çağrı merkezi,1,1,0,0
L01059,2026-07-19,TikTok Ads,/yks-kocluk,168,Temsilci B,WhatsApp,0,0,0,0
L01060,2026-07-08,TikTok Ads,/ucretsiz-deneme-dersi,36,Temsilci C,WhatsApp,1,0,0,0
L01061,2026-07-07,TikTok Ads,/lgs-paket,3,Temsilci B,WhatsApp,1,1,0,0
L01062,2026-07-07,TikTok Ads,/blog/*,2,Temsilci D,Çağrı merkezi,1,0,0,0
L01063,2026-07-07,TikTok Ads,/ucretsiz-deneme-dersi,32,Temsilci C,WhatsApp,1,0,0,0
L01064,2026-07-02,TikTok Ads,/yks-kocluk,11,Temsilci A,WhatsApp,1,1,0,0
L01065,2026-07-29,TikTok Ads,/yks-kocluk,55,Temsilci B,WhatsApp,1,0,0,0
L01066,2026-07-06,TikTok Ads,/ucretsiz-deneme-dersi,106,Temsilci E,Çağrı merkezi,1,0,0,0
L01067,2026-07-16,TikTok Ads,/fiyatlar,31,Temsilci B,WhatsApp,0,0,0,0
L01068,2026-07-09,TikTok Ads,/yks-kocluk,16,Temsilci D,Çağrı merkezi,1,1,0,0
L01069,2026-07-29,TikTok Ads,/blog/*,86,Temsilci B,WhatsApp,0,0,0,0
L01070,2026-07-14,TikTok Ads,/blog/*,28,Temsilci A,WhatsApp,1,0,0,0
L01071,2026-07-14,TikTok Ads,/lgs-paket,20,Temsilci D,Çağrı merkezi,1,1,0,0
L01072,2026-07-03,TikTok Ads,/lgs-paket,7,Temsilci A,WhatsApp,1,1,0,0
L01073,2026-07-08,TikTok Ads,/ucretsiz-deneme-dersi,1,Temsilci A,WhatsApp,1,1,0,0
L01074,2026-07-19,TikTok Ads,/ucretsiz-deneme-dersi,79,Temsilci A,WhatsApp,1,1,0,0
L01075,2026-07-06,TikTok Ads,/ucretsiz-deneme-dersi,138,Temsilci C,WhatsApp,0,0,0,0
L01076,2026-07-01,TikTok Ads,/fiyatlar,3,Temsilci A,WhatsApp,1,0,0,0
L01077,2026-07-10,TikTok Ads,/lgs-paket,168,Temsilci C,WhatsApp,0,0,0,0
L01078,2026-07-19,TikTok Ads,/ucretsiz-deneme-dersi,71,Temsilci F,Çağrı merkezi,0,0,0,0
L01079,2026-07-24,TikTok Ads,/blog/*,160,Temsilci E,Çağrı merkezi,0,0,0,0
L01080,2026-07-29,TikTok Ads,/yks-kocluk,5,Temsilci D,Çağrı merkezi,1,1,1,4040
L01081,2026-07-03,TikTok Ads,/ucretsiz-deneme-dersi,5,Temsilci B,WhatsApp,1,0,0,0
L01082,2026-07-21,TikTok Ads,/lgs-paket,113,Temsilci E,Çağrı merkezi,0,0,0,0
L01083,2026-07-25,TikTok Ads,/ucretsiz-deneme-dersi,47,Temsilci B,WhatsApp,0,0,0,0
L01084,2026-07-17,TikTok Ads,/ucretsiz-deneme-dersi,8,Temsilci C,WhatsApp,1,0,0,0
L01085,2026-07-17,TikTok Ads,/lgs-paket,4,Temsilci A,WhatsApp,1,0,0,0
L01086,2026-07-29,TikTok Ads,/yks-kocluk,25,Temsilci E,Çağrı merkezi,1,0,0,0
L01087,2026-07-29,TikTok Ads,/yks-kocluk,1,Temsilci D,Çağrı merkezi,1,1,0,0
L01088,2026-07-03,TikTok Ads,/yks-kocluk,17,Temsilci C,WhatsApp,1,1,0,0
L01089,2026-07-21,TikTok Ads,/yks-kocluk,42,Temsilci D,Çağrı merkezi,1,1,0,0
L01090,2026-07-15,TikTok Ads,/ucretsiz-deneme-dersi,2,Temsilci A,WhatsApp,1,0,0,0
L01091,2026-07-08,TikTok Ads,/fiyatlar,57,Temsilci E,Çağrı merkezi,1,1,0,0
L01092,2026-07-11,TikTok Ads,/lgs-paket,1003,Temsilci F,Çağrı merkezi,0,0,0,0
L01093,2026-07-15,TikTok Ads,/lgs-paket,8,Temsilci E,Çağrı merkezi,0,0,0,0
L01094,2026-07-06,TikTok Ads,/ucretsiz-deneme-dersi,23,Temsilci B,WhatsApp,0,0,0,0
L01095,2026-07-25,TikTok Ads,/fiyatlar,53,Temsilci B,WhatsApp,1,1,0,0
L01096,2026-07-23,TikTok Ads,/lgs-paket,127,Temsilci B,WhatsApp,0,0,0,0
L01097,2026-07-23,TikTok Ads,/fiyatlar,6,Temsilci B,WhatsApp,1,0,0,0
L01098,2026-07-19,TikTok Ads,/yks-kocluk,226,Temsilci C,WhatsApp,1,0,0,0
L01099,2026-07-22,TikTok Ads,/yks-kocluk,22,Temsilci C,WhatsApp,1,0,0,0
L01100,2026-07-18,TikTok Ads,/yks-kocluk,11,Temsilci A,WhatsApp,1,1,0,0
L01101,2026-07-11,TikTok Ads,/yks-kocluk,664,Temsilci F,Çağrı merkezi,1,0,0,0
L01102,2026-07-10,TikTok Ads,/lgs-paket,489,Temsilci C,WhatsApp,0,0,0,0
L01103,2026-07-19,TikTok Ads,/ucretsiz-deneme-dersi,251,Temsilci E,Çağrı merkezi,0,0,0,0
L01104,2026-07-11,TikTok Ads,/ucretsiz-deneme-dersi,548,Temsilci F,Çağrı merkezi,1,0,0,0
L01105,2026-07-04,TikTok Ads,/yks-kocluk,40,Temsilci D,Çağrı merkezi,1,1,0,0
L01106,2026-07-20,TikTok Ads,/ucretsiz-deneme-dersi,41,Temsilci E,Çağrı merkezi,0,0,0,0
L01107,2026-07-25,TikTok Ads,/yks-kocluk,2,Temsilci A,WhatsApp,1,0,0,0
L01108,2026-07-03,TikTok Ads,/blog/*,3,Temsilci D,Çağrı merkezi,1,0,0,0
L01109,2026-07-02,TikTok Ads,/fiyatlar,71,Temsilci C,WhatsApp,0,0,0,0
L01110,2026-07-14,TikTok Ads,/lgs-paket,2,Temsilci C,WhatsApp,1,1,0,0
L01111,2026-07-18,TikTok Ads,/yks-kocluk,1838,Temsilci F,Çağrı merkezi,0,0,0,0
L01112,2026-07-14,TikTok Ads,/fiyatlar,25,Temsilci C,WhatsApp,1,0,0,0
L01113,2026-07-24,TikTok Ads,/fiyatlar,63,Temsilci B,WhatsApp,1,1,0,0
L01114,2026-07-28,TikTok Ads,/lgs-paket,10,Temsilci C,WhatsApp,0,0,0,0
L01115,2026-07-25,TikTok Ads,/lgs-paket,11,Temsilci A,WhatsApp,0,0,0,0
L01116,2026-07-14,TikTok Ads,/yks-kocluk,15,Temsilci D,Çağrı merkezi,1,1,0,0
L01117,2026-07-13,TikTok Ads,/yks-kocluk,1,Temsilci D,Çağrı merkezi,1,0,0,0
L01118,2026-07-10,TikTok Ads,/lgs-paket,149,Temsilci F,Çağrı merkezi,1,1,0,0
L01119,2026-07-21,TikTok Ads,/fiyatlar,2,Temsilci D,Çağrı merkezi,1,1,1,4850
L01120,2026-07-21,TikTok Ads,/yks-kocluk,9,Temsilci A,WhatsApp,1,0,0,0
L01121,2026-07-20,TikTok Ads,/ucretsiz-deneme-dersi,36,Temsilci E,Çağrı merkezi,1,1,0,0
L01122,2026-07-23,TikTok Ads,/fiyatlar,101,Temsilci C,WhatsApp,1,0,0,0
L01123,2026-07-06,TikTok Ads,/ucretsiz-deneme-dersi,13,Temsilci B,WhatsApp,0,0,0,0
L01124,2026-07-05,TikTok Ads,/lgs-paket,7,Temsilci A,WhatsApp,1,0,0,0
L01125,2026-07-12,TikTok Ads,/yks-kocluk,370,Temsilci C,WhatsApp,0,0,0,0
L01126,2026-07-17,TikTok Ads,/yks-kocluk,49,Temsilci F,Çağrı merkezi,1,0,0,0
L01127,2026-07-18,TikTok Ads,/yks-kocluk,859,Temsilci C,WhatsApp,0,0,0,0
L01128,2026-07-10,TikTok Ads,/yks-kocluk,280,Temsilci F,Çağrı merkezi,1,0,0,0
L01129,2026-07-27,TikTok Ads,/yks-kocluk,26,Temsilci B,WhatsApp,1,0,0,0
L01130,2026-07-11,TikTok Ads,/blog/*,13,Temsilci B,WhatsApp,1,1,0,0
L01131,2026-07-29,TikTok Ads,/lgs-paket,427,Temsilci F,Çağrı merkezi,0,0,0,0
L01132,2026-07-18,TikTok Ads,/ucretsiz-deneme-dersi,1186,Temsilci F,Çağrı merkezi,1,0,0,0
L01133,2026-07-03,TikTok Ads,/yks-kocluk,90,Temsilci B,WhatsApp,1,1,0,0
L01134,2026-07-27,TikTok Ads,/lgs-paket,41,Temsilci E,Çağrı merkezi,0,0,0,0
L01135,2026-07-06,TikTok Ads,/ucretsiz-deneme-dersi,8,Temsilci A,WhatsApp,1,1,0,0
L01136,2026-07-23,TikTok Ads,/yks-kocluk,8,Temsilci B,WhatsApp,0,0,0,0
L01137,2026-07-14,TikTok Ads,/ucretsiz-deneme-dersi,1,Temsilci A,WhatsApp,1,0,0,0
L01138,2026-07-02,TikTok Ads,/yks-kocluk,9,Temsilci A,WhatsApp,1,1,1,3320
L01139,2026-07-03,TikTok Ads,/yks-kocluk,8,Temsilci A,WhatsApp,0,0,0,0
L01140,2026-07-30,TikTok Ads,/ucretsiz-deneme-dersi,127,Temsilci E,Çağrı merkezi,1,1,1,4710
L01141,2026-07-09,TikTok Ads,/blog/*,61,Temsilci C,WhatsApp,0,0,0,0
L01142,2026-07-25,TikTok Ads,/ucretsiz-deneme-dersi,86,Temsilci B,WhatsApp,1,0,0,0
L01143,2026-07-25,TikTok Ads,/yks-kocluk,154,Temsilci B,WhatsApp,0,0,0,0
L01144,2026-07-06,TikTok Ads,/fiyatlar,1,Temsilci E,Çağrı merkezi,1,0,0,0
L01145,2026-07-30,TikTok Ads,/lgs-paket,155,Temsilci F,Çağrı merkezi,0,0,0,0
L01146,2026-07-06,TikTok Ads,/lgs-paket,1,Temsilci A,WhatsApp,1,0,0,0
L01147,2026-07-07,TikTok Ads,/lgs-paket,1,Temsilci D,Çağrı merkezi,0,0,0,0
L01148,2026-07-04,TikTok Ads,/lgs-paket,28,Temsilci E,Çağrı merkezi,1,0,0,0
L01149,2026-07-18,TikTok Ads,/ucretsiz-deneme-dersi,8,Temsilci A,WhatsApp,1,1,0,0
L01150,2026-07-10,TikTok Ads,/ucretsiz-deneme-dersi,3,Temsilci D,Çağrı merkezi,1,0,0,0
L01151,2026-07-14,TikTok Ads,/yks-kocluk,14,Temsilci A,WhatsApp,0,0,0,0
L01152,2026-07-22,TikTok Ads,/lgs-paket,40,Temsilci A,WhatsApp,1,1,0,0
L01153,2026-07-22,TikTok Ads,/ucretsiz-deneme-dersi,1,Temsilci A,WhatsApp,1,0,0,0
L01154,2026-07-04,TikTok Ads,/ucretsiz-deneme-dersi,8,Temsilci B,WhatsApp,0,0,0,0
L01155,2026-07-11,TikTok Ads,/yks-kocluk,6,Temsilci D,Çağrı merkezi,0,0,0,0
L01156,2026-07-24,TikTok Ads,/lgs-paket,349,Temsilci F,Çağrı merkezi,0,0,0,0
L01157,2026-07-25,TikTok Ads,/ucretsiz-deneme-dersi,2410,Temsilci F,Çağrı merkezi,1,0,0,0
L01158,2026-07-13,TikTok Ads,/blog/*,18,Temsilci E,Çağrı merkezi,1,1,0,0
L01159,2026-07-16,TikTok Ads,/yks-kocluk,1,Temsilci B,WhatsApp,1,0,0,0
L01160,2026-07-16,TikTok Ads,/ucretsiz-deneme-dersi,17,Temsilci B,WhatsApp,1,1,0,0
L01161,2026-07-04,TikTok Ads,/ucretsiz-deneme-dersi,1170,Temsilci F,Çağrı merkezi,0,0,0,0
L01162,2026-07-26,TikTok Ads,/lgs-paket,532,Temsilci C,WhatsApp,1,1,0,0
L01163,2026-07-28,TikTok Ads,/lgs-paket,18,Temsilci A,WhatsApp,1,0,0,0
L01164,2026-07-30,TikTok Ads,/yks-kocluk,5,Temsilci D,Çağrı merkezi,1,0,0,0
L01165,2026-07-02,TikTok Ads,/yks-kocluk,472,Temsilci F,Çağrı merkezi,1,0,0,0
L01166,2026-07-16,TikTok Ads,/lgs-paket,176,Temsilci C,WhatsApp,1,1,0,0
L01167,2026-07-22,TikTok Ads,/lgs-paket,47,Temsilci E,Çağrı merkezi,1,0,0,0
L01168,2026-07-17,TikTok Ads,/yks-kocluk,96,Temsilci C,WhatsApp,0,0,0,0
L01169,2026-07-20,TikTok Ads,/ucretsiz-deneme-dersi,54,Temsilci C,WhatsApp,1,1,0,0
L01170,2026-07-12,TikTok Ads,/fiyatlar,5,Temsilci E,Çağrı merkezi,1,1,1,3540
L01171,2026-07-12,TikTok Ads,/lgs-paket,23,Temsilci A,WhatsApp,1,0,0,0
L01172,2026-07-19,TikTok Ads,/yks-kocluk,57,Temsilci F,Çağrı merkezi,1,1,1,3490
L01173,2026-07-15,TikTok Ads,/ucretsiz-deneme-dersi,10,Temsilci D,Çağrı merkezi,0,0,0,0
L01174,2026-07-09,TikTok Ads,/yks-kocluk,11,Temsilci D,Çağrı merkezi,0,0,0,0
L01175,2026-07-13,TikTok Ads,/ucretsiz-deneme-dersi,119,Temsilci C,WhatsApp,0,0,0,0
L01176,2026-07-04,TikTok Ads,/ucretsiz-deneme-dersi,50,Temsilci B,WhatsApp,1,0,0,0
L01177,2026-07-11,TikTok Ads,/yks-kocluk,221,Temsilci C,WhatsApp,1,0,0,0
L01178,2026-07-28,TikTok Ads,/blog/*,11,Temsilci A,WhatsApp,1,1,1,5060
L01179,2026-07-13,TikTok Ads,/fiyatlar,75,Temsilci E,Çağrı merkezi,1,0,0,0
L01180,2026-07-04,TikTok Ads,/ucretsiz-deneme-dersi,34,Temsilci C,WhatsApp,0,0,0,0
L01181,2026-07-16,TikTok Ads,/lgs-paket,222,Temsilci C,WhatsApp,0,0,0,0
L01182,2026-07-10,TikTok Ads,/lgs-paket,79,Temsilci C,WhatsApp,1,1,0,0
L01183,2026-07-20,TikTok Ads,/lgs-paket,346,Temsilci F,Çağrı merkezi,1,1,0,0
L01184,2026-07-28,TikTok Ads,/yks-kocluk,3,Temsilci D,Çağrı merkezi,0,0,0,0
L01185,2026-07-24,TikTok Ads,/blog/*,387,Temsilci C,WhatsApp,0,0,0,0
L01186,2026-07-20,TikTok Ads,/fiyatlar,33,Temsilci D,Çağrı merkezi,0,0,0,0
L01187,2026-07-02,TikTok Ads,/lgs-paket,87,Temsilci C,WhatsApp,1,0,0,0
L01188,2026-07-25,TikTok Ads,/yks-kocluk,22,Temsilci D,Çağrı merkezi,0,0,0,0
L01189,2026-07-30,TikTok Ads,/yks-kocluk,65,Temsilci B,WhatsApp,1,1,0,0
L01190,2026-07-22,TikTok Ads,/ucretsiz-deneme-dersi,3,Temsilci D,Çağrı merkezi,1,1,0,0
L01191,2026-07-10,TikTok Ads,/lgs-paket,261,Temsilci E,Çağrı merkezi,1,0,0,0
L01192,2026-07-07,TikTok Ads,/yks-kocluk,1,Temsilci B,WhatsApp,1,1,0,0
L01193,2026-07-21,TikTok Ads,/fiyatlar,160,Temsilci F,Çağrı merkezi,1,0,0,0
L01194,2026-07-03,TikTok Ads,/yks-kocluk,283,Temsilci C,WhatsApp,0,0,0,0
L01195,2026-07-14,TikTok Ads,/fiyatlar,257,Temsilci F,Çağrı merkezi,1,0,0,0
L01196,2026-07-24,TikTok Ads,/fiyatlar,4,Temsilci B,WhatsApp,1,0,0,0
L01197,2026-07-17,TikTok Ads,/ucretsiz-deneme-dersi,164,Temsilci E,Çağrı merkezi,0,0,0,0
L01198,2026-07-09,TikTok Ads,/lgs-paket,2,Temsilci A,WhatsApp,1,0,0,0
L01199,2026-07-11,TikTok Ads,/fiyatlar,415,Temsilci F,Çağrı merkezi,0,0,0,0
L01200,2026-07-08,TikTok Ads,/blog/*,5,Temsilci B,WhatsApp,1,0,0,0
L01201,2026-07-15,TikTok Ads,/lgs-paket,3,Temsilci E,Çağrı merkezi,1,0,0,0
L01202,2026-07-04,TikTok Ads,/yks-kocluk,27,Temsilci D,Çağrı merkezi,1,1,0,0
L01203,2026-07-05,TikTok Ads,/lgs-paket,385,Temsilci F,Çağrı merkezi,1,0,0,0
L01204,2026-07-29,TikTok Ads,/ucretsiz-deneme-dersi,260,Temsilci F,Çağrı merkezi,0,0,0,0
L01205,2026-07-23,TikTok Ads,/fiyatlar,66,Temsilci F,Çağrı merkezi,1,1,0,0
L01206,2026-07-12,TikTok Ads,/fiyatlar,109,Temsilci F,Çağrı merkezi,0,0,0,0
L01207,2026-07-28,TikTok Ads,/lgs-paket,14,Temsilci A,WhatsApp,1,0,0,0
L01208,2026-07-09,TikTok Ads,/yks-kocluk,12,Temsilci B,WhatsApp,0,0,0,0
L01209,2026-07-06,TikTok Ads,/fiyatlar,92,Temsilci F,Çağrı merkezi,0,0,0,0
L01210,2026-07-21,TikTok Ads,/lgs-paket,2,Temsilci A,WhatsApp,1,0,0,0
L01211,2026-07-16,TikTok Ads,/lgs-paket,31,Temsilci D,Çağrı merkezi,1,0,0,0
L01212,2026-07-30,TikTok Ads,/fiyatlar,42,Temsilci B,WhatsApp,1,1,0,0
L01213,2026-07-27,TikTok Ads,/lgs-paket,85,Temsilci C,WhatsApp,1,1,0,0
L01214,2026-07-21,TikTok Ads,/lgs-paket,35,Temsilci F,Çağrı merkezi,1,0,0,0
L01215,2026-07-11,TikTok Ads,/ucretsiz-deneme-dersi,4,Temsilci A,WhatsApp,1,0,0,0
L01216,2026-07-27,TikTok Ads,/ucretsiz-deneme-dersi,66,Temsilci B,WhatsApp,0,0,0,0
L01217,2026-07-26,TikTok Ads,/blog/*,27,Temsilci D,Çağrı merkezi,1,1,0,0
L01218,2026-07-27,TikTok Ads,/yks-kocluk,31,Temsilci C,WhatsApp,1,1,0,0
L01219,2026-07-27,TikTok Ads,/fiyatlar,1,Temsilci B,WhatsApp,1,0,0,0
L01220,2026-07-20,TikTok Ads,/ucretsiz-deneme-dersi,22,Temsilci A,WhatsApp,1,0,0,0
L01221,2026-07-06,TikTok Ads,/yks-kocluk,31,Temsilci E,Çağrı merkezi,1,1,0,0
L01222,2026-07-19,TikTok Ads,/yks-kocluk,627,Temsilci F,Çağrı merkezi,0,0,0,0
L01223,2026-07-30,TikTok Ads,/lgs-paket,164,Temsilci F,Çağrı merkezi,1,1,0,0
L01224,2026-07-27,TikTok Ads,/ucretsiz-deneme-dersi,192,Temsilci C,WhatsApp,1,0,0,0
L01225,2026-07-07,TikTok Ads,/ucretsiz-deneme-dersi,182,Temsilci C,WhatsApp,1,1,0,0
L01226,2026-07-01,TikTok Ads,/yks-kocluk,38,Temsilci C,WhatsApp,1,1,0,0
L01227,2026-07-21,TikTok Ads,/lgs-paket,4,Temsilci A,WhatsApp,1,0,0,0
L01228,2026-07-13,TikTok Ads,/ucretsiz-deneme-dersi,116,Temsilci F,Çağrı merkezi,1,0,0,0
L01229,2026-07-03,TikTok Ads,/yks-kocluk,1,Temsilci A,WhatsApp,0,0,0,0
L01230,2026-07-16,TikTok Ads,/fiyatlar,154,Temsilci E,Çağrı merkezi,0,0,0,0
L01231,2026-07-20,TikTok Ads,/ucretsiz-deneme-dersi,1,Temsilci A,WhatsApp,1,0,0,0
L01232,2026-07-13,TikTok Ads,/ucretsiz-deneme-dersi,121,Temsilci B,WhatsApp,0,0,0,0
L01233,2026-07-19,TikTok Ads,/yks-kocluk,86,Temsilci B,WhatsApp,0,0,0,0
L01234,2026-07-29,TikTok Ads,/lgs-paket,2,Temsilci A,WhatsApp,1,1,1,2830
L01235,2026-07-05,TikTok Ads,/lgs-paket,675,Temsilci C,WhatsApp,0,0,0,0
L01236,2026-07-10,TikTok Ads,/fiyatlar,133,Temsilci C,WhatsApp,0,0,0,0
L01237,2026-07-09,TikTok Ads,/lgs-paket,27,Temsilci D,Çağrı merkezi,1,0,0,0
L01238,2026-07-25,TikTok Ads,/blog/*,369,Temsilci E,Çağrı merkezi,0,0,0,0
L01239,2026-07-26,TikTok Ads,/lgs-paket,20,Temsilci B,WhatsApp,1,1,0,0
L01240,2026-07-23,TikTok Ads,/lgs-paket,32,Temsilci A,WhatsApp,0,0,0,0
L01241,2026-07-02,TikTok Ads,/lgs-paket,198,Temsilci F,Çağrı merkezi,1,1,0,0
L01242,2026-07-12,Organik / SEO,/yks-kocluk,98,Temsilci C,WhatsApp,1,1,0,0
L01243,2026-07-29,Organik / SEO,/ucretsiz-deneme-dersi,31,Temsilci B,WhatsApp,0,0,0,0
L01244,2026-07-17,Organik / SEO,/ucretsiz-deneme-dersi,19,Temsilci B,WhatsApp,1,0,0,0
L01245,2026-07-22,Organik / SEO,/yks-kocluk,4,Temsilci C,WhatsApp,1,0,0,0
L01246,2026-07-13,Organik / SEO,/lgs-paket,11,Temsilci A,WhatsApp,1,1,0,0
L01247,2026-07-22,Organik / SEO,/lgs-paket,745,Temsilci F,Çağrı merkezi,0,0,0,0
L01248,2026-07-01,Organik / SEO,/yks-kocluk,6,Temsilci A,WhatsApp,0,0,0,0
L01249,2026-07-11,Organik / SEO,/blog/*,1994,Temsilci F,Çağrı merkezi,0,0,0,0
L01250,2026-07-05,Organik / SEO,/yks-kocluk,34,Temsilci A,WhatsApp,1,0,0,0
L01251,2026-07-24,Organik / SEO,/yks-kocluk,26,Temsilci E,Çağrı merkezi,1,1,0,0
L01252,2026-07-28,Organik / SEO,/lgs-paket,11,Temsilci A,WhatsApp,1,0,0,0
L01253,2026-07-10,Organik / SEO,/ucretsiz-deneme-dersi,40,Temsilci F,Çağrı merkezi,1,0,0,0
L01254,2026-07-24,Organik / SEO,/fiyatlar,328,Temsilci C,WhatsApp,0,0,0,0
L01255,2026-07-12,Organik / SEO,/ucretsiz-deneme-dersi,352,Temsilci C,WhatsApp,1,0,0,0
L01256,2026-07-16,Organik / SEO,/yks-kocluk,30,Temsilci E,Çağrı merkezi,1,0,0,0
L01257,2026-07-20,Organik / SEO,/yks-kocluk,133,Temsilci F,Çağrı merkezi,1,1,0,0
L01258,2026-07-08,Organik / SEO,/ucretsiz-deneme-dersi,40,Temsilci F,Çağrı merkezi,1,0,0,0
L01259,2026-07-17,Organik / SEO,/yks-kocluk,7,Temsilci D,Çağrı merkezi,0,0,0,0
L01260,2026-07-16,Organik / SEO,/yks-kocluk,40,Temsilci B,WhatsApp,1,1,0,0
L01261,2026-07-19,Organik / SEO,/yks-kocluk,52,Temsilci A,WhatsApp,1,1,1,5090
L01262,2026-07-24,Organik / SEO,/ucretsiz-deneme-dersi,61,Temsilci C,WhatsApp,1,0,0,0
L01263,2026-07-01,Organik / SEO,/yks-kocluk,149,Temsilci F,Çağrı merkezi,0,0,0,0
L01264,2026-07-27,Organik / SEO,/lgs-paket,3,Temsilci A,WhatsApp,1,1,0,0
L01265,2026-07-25,Organik / SEO,/ucretsiz-deneme-dersi,318,Temsilci E,Çağrı merkezi,1,0,0,0
L01266,2026-07-26,Organik / SEO,/yks-kocluk,10,Temsilci B,WhatsApp,0,0,0,0
L01267,2026-07-09,Organik / SEO,/fiyatlar,3,Temsilci A,WhatsApp,1,1,1,5690
L01268,2026-07-15,Organik / SEO,/ucretsiz-deneme-dersi,810,Temsilci F,Çağrı merkezi,0,0,0,0
L01269,2026-07-16,Organik / SEO,/yks-kocluk,25,Temsilci E,Çağrı merkezi,1,0,0,0
L01270,2026-07-13,Organik / SEO,/fiyatlar,1,Temsilci A,WhatsApp,1,1,1,6670
L01271,2026-07-28,Organik / SEO,/yks-kocluk,13,Temsilci D,Çağrı merkezi,1,1,0,0
L01272,2026-07-26,Organik / SEO,/lgs-paket,8,Temsilci A,WhatsApp,1,1,1,4160
L01273,2026-07-05,Organik / SEO,/ucretsiz-deneme-dersi,139,Temsilci D,Çağrı merkezi,1,0,0,0
L01274,2026-07-19,Organik / SEO,/yks-kocluk,413,Temsilci C,WhatsApp,0,0,0,0
L01275,2026-07-02,Organik / SEO,/yks-kocluk,6,Temsilci A,WhatsApp,1,0,0,0
L01276,2026-07-28,Organik / SEO,/lgs-paket,50,Temsilci E,Çağrı merkezi,1,1,0,0
L01277,2026-07-16,Organik / SEO,/lgs-paket,227,Temsilci F,Çağrı merkezi,0,0,0,0
L01278,2026-07-27,Organik / SEO,/fiyatlar,44,Temsilci B,WhatsApp,1,1,0,0
L01279,2026-07-03,Organik / SEO,/yks-kocluk,130,Temsilci F,Çağrı merkezi,1,1,0,0
L01280,2026-07-12,Organik / SEO,/lgs-paket,1,Temsilci D,Çağrı merkezi,1,1,1,4360
L01281,2026-07-08,Organik / SEO,/ucretsiz-deneme-dersi,99,Temsilci F,Çağrı merkezi,1,0,0,0
L01282,2026-07-22,Organik / SEO,/lgs-paket,180,Temsilci C,WhatsApp,1,1,0,0
L01283,2026-07-21,Organik / SEO,/ucretsiz-deneme-dersi,19,Temsilci D,Çağrı merkezi,0,0,0,0
L01284,2026-07-20,Organik / SEO,/yks-kocluk,332,Temsilci F,Çağrı merkezi,0,0,0,0
L01285,2026-07-05,Organik / SEO,/yks-kocluk,114,Temsilci B,WhatsApp,1,1,0,0
L01286,2026-07-10,Organik / SEO,/yks-kocluk,3,Temsilci E,Çağrı merkezi,1,0,0,0
L01287,2026-07-12,Organik / SEO,/ucretsiz-deneme-dersi,216,Temsilci B,WhatsApp,0,0,0,0
L01288,2026-07-02,Organik / SEO,/fiyatlar,79,Temsilci C,WhatsApp,1,1,1,4440
L01289,2026-07-11,Organik / SEO,/ucretsiz-deneme-dersi,31,Temsilci A,WhatsApp,1,0,0,0
L01290,2026-07-28,Organik / SEO,/ucretsiz-deneme-dersi,51,Temsilci E,Çağrı merkezi,1,1,0,0
L01291,2026-07-26,Organik / SEO,/lgs-paket,77,Temsilci A,WhatsApp,0,0,0,0
L01292,2026-07-20,Organik / SEO,/ucretsiz-deneme-dersi,10,Temsilci A,WhatsApp,1,1,1,6360
L01293,2026-07-30,Organik / SEO,/lgs-paket,83,Temsilci F,Çağrı merkezi,1,1,0,0
L01294,2026-07-04,Organik / SEO,/yks-kocluk,200,Temsilci C,WhatsApp,1,0,0,0
L01295,2026-07-15,Organik / SEO,/blog/*,2,Temsilci A,WhatsApp,1,1,1,3910
L01296,2026-07-12,Organik / SEO,/ucretsiz-deneme-dersi,19,Temsilci D,Çağrı merkezi,1,1,0,0
L01297,2026-07-14,Organik / SEO,/ucretsiz-deneme-dersi,57,Temsilci B,WhatsApp,1,1,0,0
L01298,2026-07-28,Organik / SEO,/lgs-paket,108,Temsilci F,Çağrı merkezi,1,1,1,6160
L01299,2026-07-03,Organik / SEO,/yks-kocluk,72,Temsilci C,WhatsApp,0,0,0,0
L01300,2026-07-14,Organik / SEO,/yks-kocluk,6,Temsilci A,WhatsApp,1,0,0,0
L01301,2026-07-02,Organik / SEO,/blog/*,385,Temsilci F,Çağrı merkezi,0,0,0,0
L01302,2026-07-10,Organik / SEO,/lgs-paket,290,Temsilci F,Çağrı merkezi,0,0,0,0
L01303,2026-07-24,Organik / SEO,/ucretsiz-deneme-dersi,1,Temsilci C,WhatsApp,1,1,0,0
L01304,2026-07-23,Organik / SEO,/lgs-paket,55,Temsilci F,Çağrı merkezi,1,0,0,0
L01305,2026-07-21,Organik / SEO,/lgs-paket,306,Temsilci C,WhatsApp,0,0,0,0
L01306,2026-07-13,Organik / SEO,/ucretsiz-deneme-dersi,12,Temsilci C,WhatsApp,1,1,0,0
L01307,2026-07-29,Organik / SEO,/yks-kocluk,18,Temsilci E,Çağrı merkezi,1,1,0,0
L01308,2026-07-25,Organik / SEO,/ucretsiz-deneme-dersi,1,Temsilci A,WhatsApp,1,1,1,6060
L01309,2026-07-24,Organik / SEO,/lgs-paket,6,Temsilci E,Çağrı merkezi,1,1,0,0
L01310,2026-07-12,Organik / SEO,/yks-kocluk,2382,Temsilci F,Çağrı merkezi,0,0,0,0
L01311,2026-07-19,Organik / SEO,/ucretsiz-deneme-dersi,17,Temsilci D,Çağrı merkezi,1,0,0,0
L01312,2026-07-19,Organik / SEO,/ucretsiz-deneme-dersi,920,Temsilci F,Çağrı merkezi,0,0,0,0
L01313,2026-07-08,Organik / SEO,/lgs-paket,154,Temsilci C,WhatsApp,0,0,0,0
L01314,2026-07-19,Organik / SEO,/ucretsiz-deneme-dersi,398,Temsilci F,Çağrı merkezi,0,0,0,0
L01315,2026-07-04,Organik / SEO,/yks-kocluk,41,Temsilci E,Çağrı merkezi,0,0,0,0
L01316,2026-07-15,Organik / SEO,/yks-kocluk,133,Temsilci F,Çağrı merkezi,1,1,0,0
L01317,2026-07-05,Organik / SEO,/lgs-paket,3,Temsilci D,Çağrı merkezi,1,1,1,6070
L01318,2026-07-28,Organik / SEO,/yks-kocluk,12,Temsilci D,Çağrı merkezi,0,0,0,0
L01319,2026-07-23,Organik / SEO,/blog/*,16,Temsilci D,Çağrı merkezi,1,1,0,0
L01320,2026-07-16,Organik / SEO,/ucretsiz-deneme-dersi,121,Temsilci B,WhatsApp,0,0,0,0
L01321,2026-07-17,Organik / SEO,/yks-kocluk,21,Temsilci B,WhatsApp,1,1,0,0
L01322,2026-07-30,Organik / SEO,/blog/*,105,Temsilci E,Çağrı merkezi,1,1,0,0
L01323,2026-07-17,Organik / SEO,/yks-kocluk,51,Temsilci C,WhatsApp,1,1,1,4090
L01324,2026-07-26,Organik / SEO,/ucretsiz-deneme-dersi,58,Temsilci A,WhatsApp,1,1,1,5950
L01325,2026-07-01,Organik / SEO,/yks-kocluk,10,Temsilci C,WhatsApp,1,1,0,0
L01326,2026-07-15,Organik / SEO,/fiyatlar,8,Temsilci D,Çağrı merkezi,1,1,0,0
L01327,2026-07-17,Organik / SEO,/ucretsiz-deneme-dersi,13,Temsilci D,Çağrı merkezi,1,0,0,0
L01328,2026-07-03,Organik / SEO,/ucretsiz-deneme-dersi,234,Temsilci F,Çağrı merkezi,1,0,0,0
L01329,2026-07-11,Organik / SEO,/lgs-paket,1854,Temsilci F,Çağrı merkezi,0,0,0,0
L01330,2026-07-21,Organik / SEO,/yks-kocluk,43,Temsilci B,WhatsApp,1,0,0,0
L01331,2026-07-23,Organik / SEO,/yks-kocluk,32,Temsilci F,Çağrı merkezi,1,1,0,0
L01332,2026-07-19,Organik / SEO,/ucretsiz-deneme-dersi,142,Temsilci E,Çağrı merkezi,0,0,0,0
L01333,2026-07-17,Organik / SEO,/fiyatlar,6,Temsilci A,WhatsApp,1,0,0,0
L01334,2026-07-09,Organik / SEO,/ucretsiz-deneme-dersi,62,Temsilci B,WhatsApp,0,0,0,0
L01335,2026-07-19,Organik / SEO,/lgs-paket,180,Temsilci E,Çağrı merkezi,1,1,0,0
L01336,2026-07-01,Organik / SEO,/yks-kocluk,19,Temsilci B,WhatsApp,0,0,0,0
L01337,2026-07-11,Organik / SEO,/lgs-paket,3,Temsilci A,WhatsApp,1,1,1,4440
L01338,2026-07-03,Organik / SEO,/yks-kocluk,14,Temsilci D,Çağrı merkezi,1,0,0,0
L01339,2026-07-06,Organik / SEO,/yks-kocluk,2,Temsilci A,WhatsApp,1,1,0,0
L01340,2026-07-09,Organik / SEO,/lgs-paket,1,Temsilci A,WhatsApp,1,1,1,5230
L01341,2026-07-17,Organik / SEO,/lgs-paket,2,Temsilci A,WhatsApp,1,1,1,3730
L01342,2026-07-21,Organik / SEO,/yks-kocluk,2,Temsilci A,WhatsApp,0,0,0,0
L01343,2026-07-22,Organik / SEO,/yks-kocluk,58,Temsilci E,Çağrı merkezi,1,1,0,0
L01344,2026-07-28,Organik / SEO,/ucretsiz-deneme-dersi,53,Temsilci B,WhatsApp,1,1,1,4400
L01345,2026-07-14,Organik / SEO,/blog/*,33,Temsilci E,Çağrı merkezi,1,1,0,0
L01346,2026-07-10,Organik / SEO,/ucretsiz-deneme-dersi,1,Temsilci B,WhatsApp,0,0,0,0
L01347,2026-07-16,Organik / SEO,/yks-kocluk,256,Temsilci C,WhatsApp,1,1,0,0
L01348,2026-07-19,Organik / SEO,/fiyatlar,23,Temsilci C,WhatsApp,1,1,0,0
L01349,2026-07-13,Organik / SEO,/ucretsiz-deneme-dersi,45,Temsilci B,WhatsApp,0,0,0,0
L01350,2026-07-29,Organik / SEO,/lgs-paket,39,Temsilci E,Çağrı merkezi,0,0,0,0
L01351,2026-07-29,Organik / SEO,/ucretsiz-deneme-dersi,141,Temsilci C,WhatsApp,0,0,0,0
L01352,2026-07-23,Organik / SEO,/lgs-paket,38,Temsilci B,WhatsApp,1,1,0,0
L01353,2026-07-11,Organik / SEO,/yks-kocluk,121,Temsilci F,Çağrı merkezi,0,0,0,0
L01354,2026-07-20,Organik / SEO,/lgs-paket,7,Temsilci A,WhatsApp,1,0,0,0
L01355,2026-07-23,Organik / SEO,/lgs-paket,9,Temsilci D,Çağrı merkezi,0,0,0,0
L01356,2026-07-21,Organik / SEO,/ucretsiz-deneme-dersi,2,Temsilci E,Çağrı merkezi,1,0,0,0
L01357,2026-07-22,Organik / SEO,/yks-kocluk,21,Temsilci D,Çağrı merkezi,1,1,0,0
L01358,2026-07-23,Organik / SEO,/blog/*,4,Temsilci A,WhatsApp,0,0,0,0
L01359,2026-07-15,Organik / SEO,/yks-kocluk,5,Temsilci F,Çağrı merkezi,1,0,0,0
L01360,2026-07-12,Organik / SEO,/yks-kocluk,189,Temsilci E,Çağrı merkezi,0,0,0,0
L01361,2026-07-08,Organik / SEO,/yks-kocluk,41,Temsilci D,Çağrı merkezi,1,1,0,0
L01362,2026-07-20,Organik / SEO,/yks-kocluk,145,Temsilci B,WhatsApp,0,0,0,0
L01363,2026-07-04,Organik / SEO,/fiyatlar,134,Temsilci E,Çağrı merkezi,1,1,0,0
L01364,2026-07-22,Organik / SEO,/ucretsiz-deneme-dersi,11,Temsilci E,Çağrı merkezi,1,0,0,0
L01365,2026-07-05,Organik / SEO,/yks-kocluk,372,Temsilci E,Çağrı merkezi,0,0,0,0
L01366,2026-07-24,Organik / SEO,/ucretsiz-deneme-dersi,66,Temsilci B,WhatsApp,1,0,0,0
L01367,2026-07-22,Organik / SEO,/lgs-paket,160,Temsilci C,WhatsApp,0,0,0,0
L01368,2026-07-01,Organik / SEO,/blog/*,268,Temsilci F,Çağrı merkezi,0,0,0,0
L01369,2026-07-28,Organik / SEO,/blog/*,22,Temsilci D,Çağrı merkezi,1,1,0,0
L01370,2026-07-16,Organik / SEO,/lgs-paket,13,Temsilci A,WhatsApp,1,1,1,5040
L01371,2026-07-01,Organik / SEO,/lgs-paket,12,Temsilci C,WhatsApp,1,1,0,0
L01372,2026-07-23,Organik / SEO,/lgs-paket,15,Temsilci A,WhatsApp,1,1,1,5590
L01373,2026-07-01,Organik / SEO,/lgs-paket,5,Temsilci A,WhatsApp,1,1,1,3980
L01374,2026-07-08,Organik / SEO,/blog/*,10,Temsilci A,WhatsApp,1,1,1,5510
L01375,2026-07-15,Organik / SEO,/ucretsiz-deneme-dersi,142,Temsilci F,Çağrı merkezi,1,0,0,0
L01376,2026-07-30,Organik / SEO,/yks-kocluk,309,Temsilci C,WhatsApp,0,0,0,0
L01377,2026-07-26,Organik / SEO,/yks-kocluk,2,Temsilci D,Çağrı merkezi,1,1,1,3810
L01378,2026-07-02,Organik / SEO,/yks-kocluk,6,Temsilci D,Çağrı merkezi,1,1,0,0
L01379,2026-07-26,Organik / SEO,/ucretsiz-deneme-dersi,13,Temsilci A,WhatsApp,1,1,1,3960
L01380,2026-07-21,Organik / SEO,/blog/*,4,Temsilci A,WhatsApp,1,1,1,5500
L01381,2026-07-03,Organik / SEO,/ucretsiz-deneme-dersi,82,Temsilci B,WhatsApp,1,1,1,5140
L01382,2026-07-20,Organik / SEO,/lgs-paket,5,Temsilci B,WhatsApp,1,1,0,0
L01383,2026-07-17,Organik / SEO,/blog/*,52,Temsilci C,WhatsApp,0,0,0,0
L01384,2026-07-25,Organik / SEO,/yks-kocluk,16,Temsilci D,Çağrı merkezi,1,1,1,5470
L01385,2026-07-22,Organik / SEO,/yks-kocluk,25,Temsilci B,WhatsApp,0,0,0,0
L01386,2026-07-28,Organik / SEO,/yks-kocluk,30,Temsilci C,WhatsApp,1,0,0,0
L01387,2026-07-26,Organik / SEO,/yks-kocluk,135,Temsilci B,WhatsApp,0,0,0,0
L01388,2026-07-15,Organik / SEO,/ucretsiz-deneme-dersi,267,Temsilci C,WhatsApp,0,0,0,0
L01389,2026-07-11,Organik / SEO,/ucretsiz-deneme-dersi,17,Temsilci D,Çağrı merkezi,1,0,0,0
L01390,2026-07-30,Organik / SEO,/yks-kocluk,88,Temsilci B,WhatsApp,1,0,0,0
L01391,2026-07-15,Organik / SEO,/ucretsiz-deneme-dersi,23,Temsilci B,WhatsApp,1,0,0,0
L01392,2026-07-26,Organik / SEO,/ucretsiz-deneme-dersi,63,Temsilci B,WhatsApp,0,0,0,0
L01393,2026-07-01,Organik / SEO,/lgs-paket,3,Temsilci A,WhatsApp,1,1,1,5610
L01394,2026-07-30,Organik / SEO,/ucretsiz-deneme-dersi,22,Temsilci A,WhatsApp,1,1,1,4460
L01395,2026-07-06,Organik / SEO,/yks-kocluk,16,Temsilci E,Çağrı merkezi,1,1,1,3960
L01396,2026-07-27,Organik / SEO,/ucretsiz-deneme-dersi,13,Temsilci D,Çağrı merkezi,0,0,0,0
L01397,2026-07-11,Organik / SEO,/blog/*,298,Temsilci C,WhatsApp,1,1,1,5280
L01398,2026-07-26,Organik / SEO,/blog/*,88,Temsilci D,Çağrı merkezi,1,1,0,0
L01399,2026-07-26,Organik / SEO,/yks-kocluk,91,Temsilci E,Çağrı merkezi,1,1,0,0
L01400,2026-07-08,Organik / SEO,/blog/*,49,Temsilci E,Çağrı merkezi,0,0,0,0
L01401,2026-07-10,Organik / SEO,/ucretsiz-deneme-dersi,40,Temsilci C,WhatsApp,1,1,1,5230
L01402,2026-07-19,Organik / SEO,/fiyatlar,159,Temsilci B,WhatsApp,0,0,0,0
L01403,2026-07-26,Organik / SEO,/ucretsiz-deneme-dersi,4,Temsilci A,WhatsApp,1,0,0,0
L01404,2026-07-25,Organik / SEO,/lgs-paket,31,Temsilci D,Çağrı merkezi,1,0,0,0
L01405,2026-07-17,Organik / SEO,/ucretsiz-deneme-dersi,748,Temsilci F,Çağrı merkezi,1,1,0,0
L01406,2026-07-26,Organik / SEO,/ucretsiz-deneme-dersi,5,Temsilci A,WhatsApp,1,1,1,4320
L01407,2026-07-14,Organik / SEO,/fiyatlar,9,Temsilci E,Çağrı merkezi,0,0,0,0
L01408,2026-07-09,Organik / SEO,/lgs-paket,49,Temsilci B,WhatsApp,1,1,1,3770
L01409,2026-07-17,Organik / SEO,/ucretsiz-deneme-dersi,7,Temsilci D,Çağrı merkezi,1,1,1,4490
L01410,2026-07-01,Organik / SEO,/yks-kocluk,11,Temsilci B,WhatsApp,1,0,0,0
L01411,2026-07-10,Organik / SEO,/fiyatlar,44,Temsilci E,Çağrı merkezi,1,1,1,4010
L01412,2026-07-12,Organik / SEO,/yks-kocluk,50,Temsilci B,WhatsApp,0,0,0,0
L01413,2026-07-09,Organik / SEO,/yks-kocluk,448,Temsilci F,Çağrı merkezi,1,1,1,6310
L01414,2026-07-23,Organik / SEO,/ucretsiz-deneme-dersi,1,Temsilci C,WhatsApp,1,0,0,0
L01415,2026-07-26,Organik / SEO,/blog/*,72,Temsilci D,Çağrı merkezi,0,0,0,0
L01416,2026-07-01,Organik / SEO,/lgs-paket,249,Temsilci E,Çağrı merkezi,0,0,0,0
L01417,2026-07-28,Organik / SEO,/lgs-paket,45,Temsilci B,WhatsApp,1,1,0,0
L01418,2026-07-18,Organik / SEO,/ucretsiz-deneme-dersi,1415,Temsilci F,Çağrı merkezi,1,1,0,0
L01419,2026-07-14,Organik / SEO,/ucretsiz-deneme-dersi,130,Temsilci F,Çağrı merkezi,1,0,0,0
L01420,2026-07-01,Organik / SEO,/lgs-paket,114,Temsilci E,Çağrı merkezi,1,0,0,0
L01421,2026-07-16,Organik / SEO,/fiyatlar,58,Temsilci C,WhatsApp,1,0,0,0
L01422,2026-07-13,Organik / SEO,/ucretsiz-deneme-dersi,185,Temsilci F,Çağrı merkezi,1,1,0,0
L01423,2026-07-30,Organik / SEO,/yks-kocluk,118,Temsilci C,WhatsApp,0,0,0,0
L01424,2026-07-30,Organik / SEO,/ucretsiz-deneme-dersi,47,Temsilci D,Çağrı merkezi,1,1,0,0
L01425,2026-07-07,Organik / SEO,/lgs-paket,118,Temsilci C,WhatsApp,1,0,0,0
L01426,2026-07-03,Organik / SEO,/yks-kocluk,193,Temsilci F,Çağrı merkezi,1,0,0,0
L01427,2026-07-16,Organik / SEO,/yks-kocluk,3,Temsilci B,WhatsApp,0,0,0,0
L01428,2026-07-10,Organik / SEO,/yks-kocluk,151,Temsilci C,WhatsApp,1,1,0,0
L01429,2026-07-06,Organik / SEO,/yks-kocluk,6,Temsilci D,Çağrı merkezi,0,0,0,0
L01430,2026-07-05,Organik / SEO,/lgs-paket,57,Temsilci D,Çağrı merkezi,1,0,0,0
L01431,2026-07-07,Organik / SEO,/yks-kocluk,13,Temsilci B,WhatsApp,0,0,0,0
L01432,2026-07-22,Organik / SEO,/lgs-paket,47,Temsilci E,Çağrı merkezi,1,1,0,0
L01433,2026-07-15,Organik / SEO,/yks-kocluk,28,Temsilci A,WhatsApp,1,0,0,0
L01434,2026-07-20,Organik / SEO,/fiyatlar,22,Temsilci E,Çağrı merkezi,1,1,0,0
L01435,2026-07-02,Organik / SEO,/ucretsiz-deneme-dersi,146,Temsilci C,WhatsApp,0,0,0,0
L01436,2026-07-12,Organik / SEO,/ucretsiz-deneme-dersi,1320,Temsilci F,Çağrı merkezi,1,0,0,0
L01437,2026-07-28,Organik / SEO,/yks-kocluk,7,Temsilci B,WhatsApp,1,1,1,5700
L01438,2026-07-23,Organik / SEO,/ucretsiz-deneme-dersi,14,Temsilci D,Çağrı merkezi,1,0,0,0
L01439,2026-07-06,Organik / SEO,/yks-kocluk,185,Temsilci F,Çağrı merkezi,0,0,0,0
L01440,2026-07-03,Organik / SEO,/ucretsiz-deneme-dersi,558,Temsilci F,Çağrı merkezi,0,0,0,0
L01441,2026-07-14,Organik / SEO,/blog/*,7,Temsilci E,Çağrı merkezi,1,0,0,0
L01442,2026-07-17,Organik / SEO,/ucretsiz-deneme-dersi,74,Temsilci C,WhatsApp,1,1,1,3720
L01443,2026-07-21,Organik / SEO,/ucretsiz-deneme-dersi,149,Temsilci F,Çağrı merkezi,1,1,1,3760
L01444,2026-07-09,Organik / SEO,/yks-kocluk,14,Temsilci B,WhatsApp,1,1,1,5350
L01445,2026-07-08,Organik / SEO,/ucretsiz-deneme-dersi,2,Temsilci D,Çağrı merkezi,1,0,0,0
L01446,2026-07-06,Organik / SEO,/fiyatlar,6,Temsilci E,Çağrı merkezi,1,1,0,0
L01447,2026-07-03,Organik / SEO,/ucretsiz-deneme-dersi,7,Temsilci A,WhatsApp,1,1,1,3750
L01448,2026-07-22,Organik / SEO,/lgs-paket,14,Temsilci D,Çağrı merkezi,0,0,0,0
L01449,2026-07-26,Organik / SEO,/lgs-paket,1059,Temsilci F,Çağrı merkezi,0,0,0,0
L01450,2026-07-13,Organik / SEO,/ucretsiz-deneme-dersi,1,Temsilci D,Çağrı merkezi,1,0,0,0
L01451,2026-07-25,Organik / SEO,/yks-kocluk,58,Temsilci B,WhatsApp,1,1,0,0
L01452,2026-07-01,Organik / SEO,/yks-kocluk,40,Temsilci B,WhatsApp,1,0,0,0
L01453,2026-07-04,Organik / SEO,/ucretsiz-deneme-dersi,154,Temsilci F,Çağrı merkezi,1,1,1,4660
L01454,2026-07-18,Organik / SEO,/ucretsiz-deneme-dersi,45,Temsilci E,Çağrı merkezi,1,0,0,0
L01455,2026-07-04,Organik / SEO,/yks-kocluk,9,Temsilci A,WhatsApp,1,1,1,4850
L01456,2026-07-15,Organik / SEO,/yks-kocluk,405,Temsilci F,Çağrı merkezi,0,0,0,0
L01457,2026-07-12,Organik / SEO,/yks-kocluk,65,Temsilci B,WhatsApp,0,0,0,0
L01458,2026-07-16,Organik / SEO,/blog/*,7,Temsilci A,WhatsApp,0,0,0,0
L01459,2026-07-30,Organik / SEO,/fiyatlar,10,Temsilci B,WhatsApp,1,1,0,0
L01460,2026-07-13,Organik / SEO,/ucretsiz-deneme-dersi,34,Temsilci F,Çağrı merkezi,1,0,0,0
L01461,2026-07-23,Organik / SEO,/yks-kocluk,158,Temsilci F,Çağrı merkezi,1,1,0,0
L01462,2026-07-13,Organik / SEO,/lgs-paket,63,Temsilci F,Çağrı merkezi,1,0,0,0
L01463,2026-07-08,Organik / SEO,/yks-kocluk,2,Temsilci A,WhatsApp,1,0,0,0
L01464,2026-07-20,Organik / SEO,/yks-kocluk,16,Temsilci B,WhatsApp,1,1,1,3760
L01465,2026-07-30,Organik / SEO,/ucretsiz-deneme-dersi,16,Temsilci D,Çağrı merkezi,1,1,0,0
L01466,2026-07-25,Organik / SEO,/yks-kocluk,44,Temsilci D,Çağrı merkezi,1,1,0,0
L01467,2026-07-11,Organik / SEO,/lgs-paket,95,Temsilci B,WhatsApp,0,0,0,0
L01468,2026-07-22,Organik / SEO,/blog/*,286,Temsilci F,Çağrı merkezi,1,0,0,0
L01469,2026-07-17,Organik / SEO,/yks-kocluk,12,Temsilci D,Çağrı merkezi,1,1,0,0
L01470,2026-07-02,Organik / SEO,/ucretsiz-deneme-dersi,97,Temsilci B,WhatsApp,1,1,0,0
L01471,2026-07-26,Organik / SEO,/blog/*,87,Temsilci B,WhatsApp,1,1,1,4260
L01472,2026-07-14,Organik / SEO,/yks-kocluk,13,Temsilci B,WhatsApp,1,0,0,0
L01473,2026-07-07,Organik / SEO,/yks-kocluk,1,Temsilci D,Çağrı merkezi,0,0,0,0
L01474,2026-07-13,Organik / SEO,/lgs-paket,7,Temsilci D,Çağrı merkezi,1,0,0,0
L01475,2026-07-25,Organik / SEO,/yks-kocluk,1,Temsilci D,Çağrı merkezi,1,0,0,0
L01476,2026-07-25,Organik / SEO,/fiyatlar,443,Temsilci C,WhatsApp,1,0,0,0
L01477,2026-07-09,Organik / SEO,/lgs-paket,85,Temsilci C,WhatsApp,1,1,1,4070
L01478,2026-07-16,Organik / SEO,/yks-kocluk,1,Temsilci B,WhatsApp,1,0,0,0
L01479,2026-07-12,Organik / SEO,/lgs-paket,118,Temsilci D,Çağrı merkezi,0,0,0,0
L01480,2026-07-12,Organik / SEO,/lgs-paket,502,Temsilci C,WhatsApp,0,0,0,0
L01481,2026-07-14,Organik / SEO,/fiyatlar,3,Temsilci A,WhatsApp,1,1,1,4440
L01482,2026-07-30,Organik / SEO,/ucretsiz-deneme-dersi,100,Temsilci C,WhatsApp,1,0,0,0
L01483,2026-07-21,Instagram (organik),/lgs-paket,16,Temsilci D,Çağrı merkezi,1,1,0,0
L01484,2026-07-21,Instagram (organik),/ucretsiz-deneme-dersi,7,Temsilci A,WhatsApp,1,1,1,5320
L01485,2026-07-09,Instagram (organik),/yks-kocluk,167,Temsilci E,Çağrı merkezi,0,0,0,0
L01486,2026-07-01,Instagram (organik),/yks-kocluk,6,Temsilci A,WhatsApp,0,0,0,0
L01487,2026-07-13,Instagram (organik),/ucretsiz-deneme-dersi,4,Temsilci A,WhatsApp,1,1,0,0
L01488,2026-07-09,Instagram (organik),/ucretsiz-deneme-dersi,189,Temsilci E,Çağrı merkezi,0,0,0,0
L01489,2026-07-13,Instagram (organik),/ucretsiz-deneme-dersi,127,Temsilci F,Çağrı merkezi,0,0,0,0
L01490,2026-07-24,Instagram (organik),/fiyatlar,6,Temsilci A,WhatsApp,0,0,0,0
L01491,2026-07-12,Instagram (organik),/fiyatlar,677,Temsilci C,WhatsApp,0,0,0,0
L01492,2026-07-13,Instagram (organik),/ucretsiz-deneme-dersi,26,Temsilci A,WhatsApp,0,0,0,0
L01493,2026-07-01,Instagram (organik),/yks-kocluk,130,Temsilci F,Çağrı merkezi,1,1,0,0
L01494,2026-07-06,Instagram (organik),/lgs-paket,35,Temsilci F,Çağrı merkezi,1,1,1,4990
L01495,2026-07-07,Instagram (organik),/yks-kocluk,8,Temsilci A,WhatsApp,0,0,0,0
L01496,2026-07-07,Instagram (organik),/yks-kocluk,7,Temsilci D,Çağrı merkezi,0,0,0,0
L01497,2026-07-04,Instagram (organik),/fiyatlar,10,Temsilci B,WhatsApp,1,1,1,3450
L01498,2026-07-08,Instagram (organik),/lgs-paket,343,Temsilci F,Çağrı merkezi,1,1,0,0
L01499,2026-07-22,Instagram (organik),/ucretsiz-deneme-dersi,1,Temsilci A,WhatsApp,1,1,1,6200
L01500,2026-07-25,Instagram (organik),/yks-kocluk,27,Temsilci D,Çağrı merkezi,1,1,0,0
L01501,2026-07-29,Instagram (organik),/lgs-paket,238,Temsilci C,WhatsApp,0,0,0,0
L01502,2026-07-22,Instagram (organik),/lgs-paket,3,Temsilci E,Çağrı merkezi,1,1,1,4680
L01503,2026-07-23,Instagram (organik),/lgs-paket,1,Temsilci B,WhatsApp,1,0,0,0
L01504,2026-07-23,Instagram (organik),/ucretsiz-deneme-dersi,16,Temsilci B,WhatsApp,1,0,0,0
L01505,2026-07-16,Instagram (organik),/lgs-paket,50,Temsilci F,Çağrı merkezi,0,0,0,0
L01506,2026-07-27,Instagram (organik),/yks-kocluk,107,Temsilci F,Çağrı merkezi,1,0,0,0
L01507,2026-07-11,Instagram (organik),/ucretsiz-deneme-dersi,114,Temsilci B,WhatsApp,1,0,0,0
L01508,2026-07-03,Instagram (organik),/lgs-paket,52,Temsilci D,Çağrı merkezi,0,0,0,0
L01509,2026-07-29,Instagram (organik),/yks-kocluk,4,Temsilci D,Çağrı merkezi,1,1,0,0
L01510,2026-07-19,Instagram (organik),/ucretsiz-deneme-dersi,590,Temsilci F,Çağrı merkezi,1,0,0,0
L01511,2026-07-10,Instagram (organik),/fiyatlar,240,Temsilci E,Çağrı merkezi,1,0,0,0
L01512,2026-07-04,Instagram (organik),/lgs-paket,53,Temsilci E,Çağrı merkezi,1,0,0,0
L01513,2026-07-22,Instagram (organik),/ucretsiz-deneme-dersi,3,Temsilci A,WhatsApp,1,1,0,0
L01514,2026-07-29,Instagram (organik),/lgs-paket,35,Temsilci C,WhatsApp,1,1,0,0
L01515,2026-07-04,Instagram (organik),/ucretsiz-deneme-dersi,193,Temsilci E,Çağrı merkezi,1,0,0,0
L01516,2026-07-11,Instagram (organik),/fiyatlar,280,Temsilci E,Çağrı merkezi,0,0,0,0
L01517,2026-07-21,Instagram (organik),/lgs-paket,326,Temsilci F,Çağrı merkezi,0,0,0,0
L01518,2026-07-21,Instagram (organik),/ucretsiz-deneme-dersi,186,Temsilci E,Çağrı merkezi,1,1,0,0
L01519,2026-07-10,Instagram (organik),/yks-kocluk,2,Temsilci A,WhatsApp,1,1,0,0
L01520,2026-07-19,Instagram (organik),/lgs-paket,1509,Temsilci C,WhatsApp,0,0,0,0
L01521,2026-07-01,Instagram (organik),/yks-kocluk,42,Temsilci E,Çağrı merkezi,0,0,0,0
L01522,2026-07-14,Instagram (organik),/yks-kocluk,224,Temsilci C,WhatsApp,0,0,0,0
L01523,2026-07-05,Instagram (organik),/lgs-paket,172,Temsilci E,Çağrı merkezi,1,1,0,0
L01524,2026-07-11,Instagram (organik),/yks-kocluk,890,Temsilci C,WhatsApp,1,1,0,0
L01525,2026-07-05,Instagram (organik),/ucretsiz-deneme-dersi,29,Temsilci F,Çağrı merkezi,1,1,0,0
L01526,2026-07-09,Instagram (organik),/blog/*,205,Temsilci F,Çağrı merkezi,0,0,0,0
L01527,2026-07-07,Instagram (organik),/lgs-paket,815,Temsilci F,Çağrı merkezi,1,0,0,0
L01528,2026-07-05,Instagram (organik),/fiyatlar,231,Temsilci B,WhatsApp,0,0,0,0
L01529,2026-07-08,Instagram (organik),/ucretsiz-deneme-dersi,15,Temsilci A,WhatsApp,0,0,0,0
L01530,2026-07-28,Instagram (organik),/lgs-paket,4,Temsilci D,Çağrı merkezi,1,0,0,0
L01531,2026-07-06,Instagram (organik),/blog/*,27,Temsilci E,Çağrı merkezi,1,1,0,0
L01532,2026-07-13,Instagram (organik),/lgs-paket,71,Temsilci E,Çağrı merkezi,1,0,0,0
L01533,2026-07-23,Instagram (organik),/fiyatlar,1,Temsilci D,Çağrı merkezi,1,0,0,0
L01534,2026-07-28,Instagram (organik),/fiyatlar,87,Temsilci F,Çağrı merkezi,0,0,0,0
L01535,2026-07-19,Instagram (organik),/yks-kocluk,553,Temsilci F,Çağrı merkezi,0,0,0,0
L01536,2026-07-07,Instagram (organik),/yks-kocluk,52,Temsilci F,Çağrı merkezi,0,0,0,0
L01537,2026-07-12,Instagram (organik),/ucretsiz-deneme-dersi,21,Temsilci E,Çağrı merkezi,0,0,0,0
L01538,2026-07-28,Instagram (organik),/yks-kocluk,14,Temsilci D,Çağrı merkezi,1,1,0,0
L01539,2026-07-16,Instagram (organik),/yks-kocluk,1,Temsilci A,WhatsApp,1,1,1,3790
L01540,2026-07-24,Instagram (organik),/lgs-paket,1,Temsilci A,WhatsApp,1,1,0,0
L01541,2026-07-06,Instagram (organik),/ucretsiz-deneme-dersi,18,Temsilci D,Çağrı merkezi,0,0,0,0
L01542,2026-07-22,Instagram (organik),/ucretsiz-deneme-dersi,24,Temsilci D,Çağrı merkezi,1,1,0,0
L01543,2026-07-12,Instagram (organik),/yks-kocluk,2,Temsilci A,WhatsApp,1,0,0,0
L01544,2026-07-17,Instagram (organik),/yks-kocluk,47,Temsilci E,Çağrı merkezi,1,1,0,0
L01545,2026-07-26,Instagram (organik),/ucretsiz-deneme-dersi,28,Temsilci D,Çağrı merkezi,1,1,0,0
L01546,2026-07-04,Instagram (organik),/yks-kocluk,2012,Temsilci F,Çağrı merkezi,0,0,0,0
L01547,2026-07-06,Instagram (organik),/lgs-paket,5,Temsilci F,Çağrı merkezi,1,0,0,0
L01548,2026-07-26,Instagram (organik),/lgs-paket,15,Temsilci A,WhatsApp,1,0,0,0
L01549,2026-07-26,Instagram (organik),/ucretsiz-deneme-dersi,413,Temsilci B,WhatsApp,0,0,0,0
L01550,2026-07-06,Instagram (organik),/fiyatlar,48,Temsilci F,Çağrı merkezi,1,0,0,0
L01551,2026-07-04,Instagram (organik),/yks-kocluk,44,Temsilci E,Çağrı merkezi,1,0,0,0
L01552,2026-07-28,Instagram (organik),/ucretsiz-deneme-dersi,23,Temsilci A,WhatsApp,1,1,0,0
L01553,2026-07-14,Instagram (organik),/blog/*,1,Temsilci F,Çağrı merkezi,1,0,0,0
L01554,2026-07-17,Instagram (organik),/fiyatlar,151,Temsilci C,WhatsApp,1,0,0,0
L01555,2026-07-23,Instagram (organik),/yks-kocluk,130,Temsilci C,WhatsApp,0,0,0,0
L01556,2026-07-23,Instagram (organik),/yks-kocluk,2,Temsilci A,WhatsApp,1,1,0,0
L01557,2026-07-05,Instagram (organik),/ucretsiz-deneme-dersi,110,Temsilci B,WhatsApp,1,0,0,0
L01558,2026-07-14,Instagram (organik),/yks-kocluk,42,Temsilci C,WhatsApp,0,0,0,0
L01559,2026-07-06,Instagram (organik),/lgs-paket,17,Temsilci A,WhatsApp,1,0,0,0
L01560,2026-07-05,Instagram (organik),/lgs-paket,21,Temsilci A,WhatsApp,1,0,0,0
L01561,2026-07-21,Instagram (organik),/yks-kocluk,116,Temsilci C,WhatsApp,0,0,0,0
L01562,2026-07-17,Instagram (organik),/ucretsiz-deneme-dersi,21,Temsilci D,Çağrı merkezi,1,0,0,0
L01563,2026-07-13,Instagram (organik),/yks-kocluk,16,Temsilci E,Çağrı merkezi,1,0,0,0
L01564,2026-07-22,Instagram (organik),/lgs-paket,2,Temsilci A,WhatsApp,1,0,0,0
L01565,2026-07-25,Instagram (organik),/yks-kocluk,39,Temsilci B,WhatsApp,1,0,0,0
L01566,2026-07-08,Instagram (organik),/lgs-paket,9,Temsilci A,WhatsApp,1,0,0,0
L01567,2026-07-29,Instagram (organik),/yks-kocluk,1,Temsilci D,Çağrı merkezi,1,0,0,0
L01568,2026-07-10,Instagram (organik),/lgs-paket,6,Temsilci E,Çağrı merkezi,1,1,0,0
L01569,2026-07-06,Instagram (organik),/lgs-paket,272,Temsilci F,Çağrı merkezi,0,0,0,0
L01570,2026-07-18,Instagram (organik),/ucretsiz-deneme-dersi,27,Temsilci D,Çağrı merkezi,1,1,0,0
L01571,2026-07-05,Instagram (organik),/ucretsiz-deneme-dersi,58,Temsilci B,WhatsApp,0,0,0,0
L01572,2026-07-02,Instagram (organik),/fiyatlar,881,Temsilci F,Çağrı merkezi,0,0,0,0
L01573,2026-07-08,Instagram (organik),/ucretsiz-deneme-dersi,15,Temsilci D,Çağrı merkezi,1,0,0,0
L01574,2026-07-26,Instagram (organik),/lgs-paket,158,Temsilci C,WhatsApp,1,0,0,0
L01575,2026-07-29,Instagram (organik),/blog/*,13,Temsilci B,WhatsApp,0,0,0,0
L01576,2026-07-10,Instagram (organik),/lgs-paket,261,Temsilci C,WhatsApp,0,0,0,0
L01577,2026-07-03,Instagram (organik),/ucretsiz-deneme-dersi,1,Temsilci A,WhatsApp,1,0,0,0
L01578,2026-07-18,Instagram (organik),/blog/*,69,Temsilci A,WhatsApp,1,1,0,0
L01579,2026-07-16,Instagram (organik),/lgs-paket,1486,Temsilci F,Çağrı merkezi,0,0,0,0
L01580,2026-07-23,Instagram (organik),/yks-kocluk,6,Temsilci A,WhatsApp,0,0,0,0
L01581,2026-07-24,Instagram (organik),/yks-kocluk,15,Temsilci D,Çağrı merkezi,1,1,0,0
L01582,2026-07-30,Instagram (organik),/fiyatlar,63,Temsilci E,Çağrı merkezi,1,1,1,6040
L01583,2026-07-25,Instagram (organik),/lgs-paket,24,Temsilci B,WhatsApp,1,1,0,0
L01584,2026-07-02,Instagram (organik),/lgs-paket,2,Temsilci D,Çağrı merkezi,0,0,0,0
L01585,2026-07-11,Instagram (organik),/fiyatlar,218,Temsilci B,WhatsApp,0,0,0,0
L01586,2026-07-28,Instagram (organik),/yks-kocluk,92,Temsilci C,WhatsApp,1,1,0,0
L01587,2026-07-13,Instagram (organik),/yks-kocluk,371,Temsilci C,WhatsApp,0,0,0,0
L01588,2026-07-17,Instagram (organik),/fiyatlar,16,Temsilci A,WhatsApp,0,0,0,0
L01589,2026-07-28,Instagram (organik),/lgs-paket,1,Temsilci C,WhatsApp,1,1,1,4370
L01590,2026-07-24,Instagram (organik),/yks-kocluk,1,Temsilci C,WhatsApp,1,1,0,0
L01591,2026-07-29,Instagram (organik),/yks-kocluk,15,Temsilci A,WhatsApp,1,0,0,0
L01592,2026-07-09,Instagram (organik),/yks-kocluk,6,Temsilci D,Çağrı merkezi,1,0,0,0
L01593,2026-07-18,Instagram (organik),/fiyatlar,95,Temsilci A,WhatsApp,0,0,0,0
L01594,2026-07-15,Instagram (organik),/yks-kocluk,192,Temsilci C,WhatsApp,1,0,0,0
L01595,2026-07-23,Instagram (organik),/yks-kocluk,12,Temsilci B,WhatsApp,1,1,0,0
L01596,2026-07-02,Instagram (organik),/yks-kocluk,104,Temsilci B,WhatsApp,0,0,0,0
L01597,2026-07-09,Instagram (organik),/yks-kocluk,10,Temsilci D,Çağrı merkezi,0,0,0,0
L01598,2026-07-23,Instagram (organik),/yks-kocluk,8,Temsilci D,Çağrı merkezi,0,0,0,0
L01599,2026-07-27,Instagram (organik),/fiyatlar,4,Temsilci B,WhatsApp,1,1,1,4800
L01600,2026-07-25,Instagram (organik),/ucretsiz-deneme-dersi,24,Temsilci A,WhatsApp,1,0,0,0
L01601,2026-07-24,Instagram (organik),/yks-kocluk,4,Temsilci D,Çağrı merkezi,1,0,0,0
L01602,2026-07-08,Instagram (organik),/ucretsiz-deneme-dersi,172,Temsilci F,Çağrı merkezi,1,0,0,0
L01603,2026-07-28,Instagram (organik),/yks-kocluk,68,Temsilci F,Çağrı merkezi,0,0,0,0
L01604,2026-07-07,Instagram (organik),/lgs-paket,7,Temsilci A,WhatsApp,1,1,0,0
L01605,2026-07-19,Instagram (organik),/ucretsiz-deneme-dersi,32,Temsilci B,WhatsApp,1,1,0,0
L01606,2026-07-30,Instagram (organik),/yks-kocluk,6,Temsilci A,WhatsApp,1,1,0,0
L01607,2026-07-10,Instagram (organik),/ucretsiz-deneme-dersi,9,Temsilci B,WhatsApp,1,1,0,0
L01608,2026-07-02,Instagram (organik),/yks-kocluk,63,Temsilci C,WhatsApp,0,0,0,0
L01609,2026-07-23,Instagram (organik),/lgs-paket,316,Temsilci C,WhatsApp,1,1,0,0
L01610,2026-07-11,Instagram (organik),/yks-kocluk,14,Temsilci D,Çağrı merkezi,1,1,1,4770
L01611,2026-07-11,Instagram (organik),/yks-kocluk,23,Temsilci A,WhatsApp,1,0,0,0
L01612,2026-07-05,Instagram (organik),/yks-kocluk,1395,Temsilci F,Çağrı merkezi,0,0,0,0
L01613,2026-07-19,Instagram (organik),/lgs-paket,133,Temsilci C,WhatsApp,1,0,0,0
L01614,2026-07-03,Instagram (organik),/fiyatlar,35,Temsilci B,WhatsApp,1,1,0,0
L01615,2026-07-29,Instagram (organik),/ucretsiz-deneme-dersi,8,Temsilci B,WhatsApp,1,1,0,0
L01616,2026-07-20,Instagram (organik),/lgs-paket,154,Temsilci F,Çağrı merkezi,0,0,0,0
L01617,2026-07-18,Instagram (organik),/ucretsiz-deneme-dersi,3,Temsilci A,WhatsApp,1,0,0,0
L01618,2026-07-29,Instagram (organik),/fiyatlar,203,Temsilci E,Çağrı merkezi,0,0,0,0
L01619,2026-07-15,Instagram (organik),/ucretsiz-deneme-dersi,15,Temsilci A,WhatsApp,1,1,0,0
L01620,2026-07-17,Instagram (organik),/ucretsiz-deneme-dersi,32,Temsilci B,WhatsApp,0,0,0,0
L01621,2026-07-05,Instagram (organik),/yks-kocluk,12,Temsilci E,Çağrı merkezi,0,0,0,0
L01622,2026-07-07,Instagram (organik),/ucretsiz-deneme-dersi,8,Temsilci D,Çağrı merkezi,1,1,1,4620
L01623,2026-07-17,Instagram (organik),/lgs-paket,6,Temsilci D,Çağrı merkezi,1,1,1,3990
L01624,2026-07-23,Instagram (organik),/yks-kocluk,33,Temsilci E,Çağrı merkezi,0,0,0,0
L01625,2026-07-17,Instagram (organik),/yks-kocluk,12,Temsilci B,WhatsApp,1,1,1,4900
L01626,2026-07-10,Instagram (organik),/yks-kocluk,100,Temsilci B,WhatsApp,1,1,0,0
L01627,2026-07-02,Instagram (organik),/ucretsiz-deneme-dersi,160,Temsilci B,WhatsApp,1,1,0,0
L01628,2026-07-12,Tavsiye,/yks-kocluk,1809,Temsilci F,Çağrı merkezi,1,1,0,0
L01629,2026-07-10,Tavsiye,/yks-kocluk,6,Temsilci A,WhatsApp,1,1,1,4860
L01630,2026-07-09,Tavsiye,/blog/*,59,Temsilci E,Çağrı merkezi,0,0,0,0
L01631,2026-07-25,Tavsiye,/ucretsiz-deneme-dersi,1150,Temsilci F,Çağrı merkezi,1,1,0,0
L01632,2026-07-21,Tavsiye,/ucretsiz-deneme-dersi,59,Temsilci B,WhatsApp,1,1,1,6630
L01633,2026-07-25,Tavsiye,/lgs-paket,11,Temsilci D,Çağrı merkezi,1,1,0,0
L01634,2026-07-03,Tavsiye,/lgs-paket,2,Temsilci D,Çağrı merkezi,1,1,1,6370
L01635,2026-07-21,Tavsiye,/yks-kocluk,25,Temsilci C,WhatsApp,1,1,0,0
L01636,2026-07-03,Tavsiye,/yks-kocluk,3,Temsilci D,Çağrı merkezi,1,0,0,0
L01637,2026-07-04,Tavsiye,/ucretsiz-deneme-dersi,159,Temsilci B,WhatsApp,0,0,0,0
L01638,2026-07-20,Tavsiye,/yks-kocluk,1,Temsilci D,Çağrı merkezi,1,1,1,4070
L01639,2026-07-08,Tavsiye,/ucretsiz-deneme-dersi,22,Temsilci C,WhatsApp,1,1,0,0
L01640,2026-07-26,Tavsiye,/yks-kocluk,1432,Temsilci F,Çağrı merkezi,0,0,0,0
L01641,2026-07-03,Tavsiye,/yks-kocluk,17,Temsilci D,Çağrı merkezi,0,0,0,0
L01642,2026-07-27,Tavsiye,/yks-kocluk,91,Temsilci C,WhatsApp,1,1,1,5750
L01643,2026-07-01,Tavsiye,/fiyatlar,5,Temsilci A,WhatsApp,1,0,0,0
L01644,2026-07-14,Tavsiye,/yks-kocluk,1,Temsilci B,WhatsApp,1,1,1,4680
L01645,2026-07-29,Tavsiye,/ucretsiz-deneme-dersi,517,Temsilci F,Çağrı merkezi,0,0,0,0
L01646,2026-07-04,Tavsiye,/lgs-paket,5,Temsilci A,WhatsApp,0,0,0,0
L01647,2026-07-10,Tavsiye,/lgs-paket,22,Temsilci E,Çağrı merkezi,1,0,0,0
L01648,2026-07-03,Tavsiye,/fiyatlar,9,Temsilci E,Çağrı merkezi,1,1,1,5350
L01649,2026-07-29,Tavsiye,/ucretsiz-deneme-dersi,137,Temsilci C,WhatsApp,1,0,0,0
L01650,2026-07-09,Tavsiye,/fiyatlar,111,Temsilci F,Çağrı merkezi,1,0,0,0
L01651,2026-07-26,Tavsiye,/yks-kocluk,42,Temsilci A,WhatsApp,0,0,0,0
L01652,2026-07-25,Tavsiye,/ucretsiz-deneme-dersi,78,Temsilci C,WhatsApp,1,0,0,0
L01653,2026-07-16,Tavsiye,/fiyatlar,5,Temsilci A,WhatsApp,0,0,0,0
L01654,2026-07-09,Tavsiye,/yks-kocluk,736,Temsilci C,WhatsApp,1,1,0,0
L01655,2026-07-14,Tavsiye,/lgs-paket,11,Temsilci D,Çağrı merkezi,1,1,0,0
L01656,2026-07-30,Tavsiye,/yks-kocluk,10,Temsilci D,Çağrı merkezi,1,1,1,4690
L01657,2026-07-03,Tavsiye,/ucretsiz-deneme-dersi,9,Temsilci D,Çağrı merkezi,0,0,0,0
L01658,2026-07-26,Tavsiye,/ucretsiz-deneme-dersi,77,Temsilci F,Çağrı merkezi,1,1,0,0
L01659,2026-07-12,Tavsiye,/lgs-paket,311,Temsilci B,WhatsApp,1,1,0,0
L01660,2026-07-28,Tavsiye,/ucretsiz-deneme-dersi,12,Temsilci B,WhatsApp,1,0,0,0
L01661,2026-07-30,Tavsiye,/fiyatlar,8,Temsilci B,WhatsApp,1,1,1,6260
L01662,2026-07-05,Tavsiye,/lgs-paket,25,Temsilci A,WhatsApp,1,1,1,5870
L01663,2026-07-16,Tavsiye,/fiyatlar,1,Temsilci B,WhatsApp,1,1,1,5830
L01664,2026-07-27,Tavsiye,/lgs-paket,22,Temsilci B,WhatsApp,1,1,0,0
L01665,2026-07-16,Tavsiye,/lgs-paket,82,Temsilci C,WhatsApp,0,0,0,0
L01666,2026-07-01,Tavsiye,/yks-kocluk,2,Temsilci B,WhatsApp,1,1,1,4460
L01667,2026-07-13,Tavsiye,/fiyatlar,711,Temsilci F,Çağrı merkezi,1,1,0,0
L01668,2026-07-19,Tavsiye,/lgs-paket,217,Temsilci F,Çağrı merkezi,0,0,0,0
L01669,2026-07-09,Tavsiye,/blog/*,26,Temsilci E,Çağrı merkezi,0,0,0,0
L01670,2026-07-24,Tavsiye,/yks-kocluk,3,Temsilci E,Çağrı merkezi,1,0,0,0
L01671,2026-07-18,Tavsiye,/ucretsiz-deneme-dersi,36,Temsilci A,WhatsApp,1,1,1,6700
L01672,2026-07-06,Tavsiye,/yks-kocluk,146,Temsilci C,WhatsApp,1,1,1,5950
L01673,2026-07-28,Tavsiye,/yks-kocluk,12,Temsilci B,WhatsApp,1,1,1,6460
L01674,2026-07-10,Tavsiye,/yks-kocluk,36,Temsilci B,WhatsApp,1,1,0,0
L01675,2026-07-19,Tavsiye,/yks-kocluk,2,Temsilci D,Çağrı merkezi,1,0,0,0
L01676,2026-07-01,Tavsiye,/blog/*,446,Temsilci C,WhatsApp,1,1,0,0
L01677,2026-07-12,Tavsiye,/blog/*,943,Temsilci F,Çağrı merkezi,1,0,0,0
L01678,2026-07-17,Tavsiye,/yks-kocluk,1,Temsilci B,WhatsApp,1,1,0,0
L01679,2026-07-02,Tavsiye,/yks-kocluk,40,Temsilci B,WhatsApp,1,1,0,0
L01680,2026-07-08,Tavsiye,/fiyatlar,255,Temsilci F,Çağrı merkezi,0,0,0,0
L01681,2026-07-06,Tavsiye,/blog/*,40,Temsilci E,Çağrı merkezi,0,0,0,0
L01682,2026-07-21,Tavsiye,/lgs-paket,83,Temsilci C,WhatsApp,1,1,0,0
L01683,2026-07-14,Tavsiye,/yks-kocluk,357,Temsilci F,Çağrı merkezi,1,1,0,0
L01684,2026-07-03,Tavsiye,/blog/*,54,Temsilci E,Çağrı merkezi,1,0,0,0
L01685,2026-07-05,Tavsiye,/ucretsiz-deneme-dersi,388,Temsilci C,WhatsApp,0,0,0,0
L01686,2026-07-26,Tavsiye,/fiyatlar,4,Temsilci D,Çağrı merkezi,1,0,0,0
L01687,2026-07-06,Tavsiye,/yks-kocluk,25,Temsilci E,Çağrı merkezi,1,1,0,0
L01688,2026-07-09,Tavsiye,/blog/*,202,Temsilci C,WhatsApp,1,0,0,0
L01689,2026-07-04,Tavsiye,/blog/*,2,Temsilci D,Çağrı merkezi,1,1,0,0
L01690,2026-07-30,Tavsiye,/ucretsiz-deneme-dersi,5,Temsilci D,Çağrı merkezi,1,0,0,0
L01691,2026-07-12,Tavsiye,/yks-kocluk,30,Temsilci D,Çağrı merkezi,1,0,0,0
L01692,2026-07-22,Tavsiye,/yks-kocluk,14,Temsilci F,Çağrı merkezi,0,0,0,0
L01693,2026-07-23,Tavsiye,/fiyatlar,1,Temsilci A,WhatsApp,1,1,1,6790
L01694,2026-07-08,Tavsiye,/lgs-paket,13,Temsilci D,Çağrı merkezi,1,1,1,6670
L01695,2026-07-04,Tavsiye,/yks-kocluk,96,Temsilci F,Çağrı merkezi,0,0,0,0
L01696,2026-07-13,Tavsiye,/ucretsiz-deneme-dersi,18,Temsilci B,WhatsApp,1,1,1,4630
L01697,2026-07-24,Tavsiye,/lgs-paket,85,Temsilci C,WhatsApp,1,0,0,0
L01698,2026-07-05,Tavsiye,/ucretsiz-deneme-dersi,412,Temsilci C,WhatsApp,0,0,0,0
L01699,2026-08-02,Google Ads (Arama),/blog/*,764,Temsilci C,WhatsApp,0,0,0,0
L01700,2026-08-07,Google Ads (Arama),/yks-kocluk,18,Temsilci A,WhatsApp,1,1,0,0
L01701,2026-08-03,Google Ads (Arama),/yks-kocluk,73,Temsilci C,WhatsApp,1,0,0,0
L01702,2026-08-28,Google Ads (Arama),/lgs-paket,39,Temsilci B,WhatsApp,1,0,0,0
L01703,2026-08-03,Google Ads (Arama),/fiyatlar,5,Temsilci D,Çağrı merkezi,1,1,1,5140
L01704,2026-08-16,Google Ads (Arama),/lgs-paket,413,Temsilci B,WhatsApp,1,0,0,0
L01705,2026-08-19,Google Ads (Arama),/lgs-paket,5,Temsilci A,WhatsApp,1,1,1,5650
L01706,2026-08-05,Google Ads (Arama),/yks-kocluk,326,Temsilci F,Çağrı merkezi,0,0,0,0
L01707,2026-08-11,Google Ads (Arama),/yks-kocluk,33,Temsilci D,Çağrı merkezi,1,1,0,0
L01708,2026-08-22,Google Ads (Arama),/lgs-paket,247,Temsilci E,Çağrı merkezi,0,0,0,0
L01709,2026-08-27,Google Ads (Arama),/fiyatlar,143,Temsilci F,Çağrı merkezi,0,0,0,0
L01710,2026-08-04,Google Ads (Arama),/yks-kocluk,928,Temsilci F,Çağrı merkezi,1,1,1,5000
L01711,2026-08-12,Google Ads (Arama),/yks-kocluk,125,Temsilci B,WhatsApp,0,0,0,0
L01712,2026-08-01,Google Ads (Arama),/lgs-paket,8,Temsilci C,WhatsApp,0,0,0,0
L01713,2026-08-17,Google Ads (Arama),/fiyatlar,7,Temsilci A,WhatsApp,1,1,1,4920
L01714,2026-08-18,Google Ads (Arama),/lgs-paket,17,Temsilci C,WhatsApp,1,1,1,5710
L01715,2026-08-18,Google Ads (Arama),/lgs-paket,261,Temsilci C,WhatsApp,0,0,0,0
L01716,2026-08-14,Google Ads (Arama),/ucretsiz-deneme-dersi,232,Temsilci F,Çağrı merkezi,0,0,0,0
L01717,2026-08-28,Google Ads (Arama),/yks-kocluk,10,Temsilci A,WhatsApp,1,1,0,0
L01718,2026-08-14,Google Ads (Arama),/yks-kocluk,334,Temsilci F,Çağrı merkezi,0,0,0,0
L01719,2026-08-04,Google Ads (Arama),/ucretsiz-deneme-dersi,48,Temsilci E,Çağrı merkezi,1,1,1,4500
L01720,2026-08-15,Google Ads (Arama),/lgs-paket,5,Temsilci A,WhatsApp,1,1,0,0
L01721,2026-08-30,Google Ads (Arama),/lgs-paket,1022,Temsilci F,Çağrı merkezi,0,0,0,0
L01722,2026-08-01,Google Ads (Arama),/blog/*,87,Temsilci B,WhatsApp,1,1,1,6700
L01723,2026-08-30,Google Ads (Arama),/lgs-paket,1,Temsilci B,WhatsApp,1,1,1,6340
L01724,2026-08-27,Google Ads (Arama),/fiyatlar,220,Temsilci F,Çağrı merkezi,1,0,0,0
L01725,2026-08-14,Google Ads (Arama),/yks-kocluk,3,Temsilci D,Çağrı merkezi,1,0,0,0
L01726,2026-08-26,Google Ads (Arama),/blog/*,2,Temsilci D,Çağrı merkezi,1,0,0,0
L01727,2026-08-06,Google Ads (Arama),/lgs-paket,102,Temsilci C,WhatsApp,1,1,0,0
L01728,2026-08-17,Google Ads (Arama),/yks-kocluk,84,Temsilci E,Çağrı merkezi,0,0,0,0
L01729,2026-08-21,Google Ads (Arama),/fiyatlar,10,Temsilci E,Çağrı merkezi,1,1,1,3820
L01730,2026-08-25,Google Ads (Arama),/ucretsiz-deneme-dersi,6,Temsilci A,WhatsApp,1,0,0,0
L01731,2026-08-19,Google Ads (Arama),/lgs-paket,318,Temsilci F,Çağrı merkezi,0,0,0,0
L01732,2026-08-21,Google Ads (Arama),/ucretsiz-deneme-dersi,29,Temsilci C,WhatsApp,1,1,1,6500
L01733,2026-08-24,Google Ads (Arama),/ucretsiz-deneme-dersi,18,Temsilci D,Çağrı merkezi,1,1,0,0
L01734,2026-08-21,Google Ads (Arama),/yks-kocluk,111,Temsilci E,Çağrı merkezi,1,0,0,0
L01735,2026-08-04,Google Ads (Arama),/yks-kocluk,43,Temsilci C,WhatsApp,1,1,0,0
L01736,2026-08-30,Google Ads (Arama),/fiyatlar,4,Temsilci D,Çağrı merkezi,1,1,1,5810
L01737,2026-08-07,Google Ads (Arama),/ucretsiz-deneme-dersi,26,Temsilci D,Çağrı merkezi,1,1,1,4750
L01738,2026-08-29,Google Ads (Arama),/yks-kocluk,192,Temsilci E,Çağrı merkezi,0,0,0,0
L01739,2026-08-04,Google Ads (Arama),/blog/*,93,Temsilci C,WhatsApp,1,1,1,6180
L01740,2026-08-30,Google Ads (Arama),/yks-kocluk,6,Temsilci E,Çağrı merkezi,1,1,1,6590
L01741,2026-08-04,Google Ads (Arama),/fiyatlar,2,Temsilci A,WhatsApp,1,0,0,0
L01742,2026-08-05,Google Ads (Arama),/yks-kocluk,3,Temsilci D,Çağrı merkezi,1,0,0,0
L01743,2026-08-21,Google Ads (Arama),/yks-kocluk,397,Temsilci F,Çağrı merkezi,1,0,0,0
L01744,2026-08-30,Google Ads (Arama),/yks-kocluk,27,Temsilci B,WhatsApp,0,0,0,0
L01745,2026-08-23,Google Ads (Arama),/yks-kocluk,5,Temsilci D,Çağrı merkezi,1,1,1,4450
L01746,2026-08-24,Google Ads (Arama),/lgs-paket,7,Temsilci D,Çağrı merkezi,1,0,0,0
L01747,2026-08-20,Google Ads (Arama),/yks-kocluk,7,Temsilci D,Çağrı merkezi,1,1,0,0
L01748,2026-08-03,Google Ads (Arama),/lgs-paket,19,Temsilci A,WhatsApp,1,1,1,6620
L01749,2026-08-17,Google Ads (Arama),/lgs-paket,1,Temsilci A,WhatsApp,1,1,1,4570
L01750,2026-08-07,Google Ads (Arama),/ucretsiz-deneme-dersi,22,Temsilci C,WhatsApp,1,1,0,0
L01751,2026-08-23,Google Ads (Arama),/yks-kocluk,35,Temsilci D,Çağrı merkezi,1,1,1,4700
L01752,2026-08-07,Google Ads (Arama),/lgs-paket,5,Temsilci A,WhatsApp,1,0,0,0
L01753,2026-08-26,Google Ads (Arama),/fiyatlar,5,Temsilci A,WhatsApp,1,0,0,0
L01754,2026-08-14,Google Ads (Arama),/yks-kocluk,31,Temsilci C,WhatsApp,1,1,1,4670
L01755,2026-08-04,Google Ads (Arama),/yks-kocluk,32,Temsilci B,WhatsApp,1,1,1,3840
L01756,2026-08-26,Google Ads (Arama),/fiyatlar,15,Temsilci A,WhatsApp,1,0,0,0
L01757,2026-08-13,Google Ads (Arama),/yks-kocluk,138,Temsilci E,Çağrı merkezi,1,1,1,4090
L01758,2026-08-26,Google Ads (Arama),/lgs-paket,45,Temsilci C,WhatsApp,0,0,0,0
L01759,2026-08-13,Google Ads (Arama),/yks-kocluk,95,Temsilci C,WhatsApp,1,1,0,0
L01760,2026-08-16,Google Ads (Arama),/fiyatlar,39,Temsilci A,WhatsApp,0,0,0,0
L01761,2026-08-04,Google Ads (Arama),/yks-kocluk,10,Temsilci A,WhatsApp,1,0,0,0
L01762,2026-08-28,Google Ads (Arama),/ucretsiz-deneme-dersi,3,Temsilci D,Çağrı merkezi,1,0,0,0
L01763,2026-08-26,Google Ads (Arama),/lgs-paket,251,Temsilci E,Çağrı merkezi,0,0,0,0
L01764,2026-08-28,Google Ads (Arama),/yks-kocluk,1,Temsilci A,WhatsApp,0,0,0,0
L01765,2026-08-03,Google Ads (Arama),/yks-kocluk,228,Temsilci F,Çağrı merkezi,0,0,0,0
L01766,2026-08-09,Google Ads (Arama),/ucretsiz-deneme-dersi,107,Temsilci B,WhatsApp,1,1,1,5670
L01767,2026-08-28,Google Ads (Arama),/blog/*,12,Temsilci D,Çağrı merkezi,1,1,1,5330
L01768,2026-08-16,Google Ads (Arama),/blog/*,726,Temsilci C,WhatsApp,1,1,0,0
L01769,2026-08-23,Google Ads (Arama),/yks-kocluk,347,Temsilci E,Çağrı merkezi,1,1,0,0
L01770,2026-08-23,Google Ads (Arama),/yks-kocluk,3,Temsilci D,Çağrı merkezi,1,1,0,0
L01771,2026-08-07,Google Ads (Arama),/lgs-paket,33,Temsilci C,WhatsApp,1,1,0,0
L01772,2026-08-25,Google Ads (Arama),/blog/*,145,Temsilci F,Çağrı merkezi,1,1,0,0
L01773,2026-08-08,Google Ads (Arama),/fiyatlar,155,Temsilci D,Çağrı merkezi,0,0,0,0
L01774,2026-08-17,Google Ads (Arama),/yks-kocluk,2,Temsilci D,Çağrı merkezi,1,1,1,6600
L01775,2026-08-21,Google Ads (Arama),/yks-kocluk,25,Temsilci D,Çağrı merkezi,1,1,0,0
L01776,2026-08-06,Google Ads (Arama),/yks-kocluk,13,Temsilci D,Çağrı merkezi,1,1,0,0
L01777,2026-08-03,Google Ads (Arama),/lgs-paket,6,Temsilci B,WhatsApp,1,1,1,4660
L01778,2026-08-04,Google Ads (Arama),/yks-kocluk,16,Temsilci D,Çağrı merkezi,1,1,1,5700
L01779,2026-08-17,Google Ads (Arama),/ucretsiz-deneme-dersi,31,Temsilci E,Çağrı merkezi,0,0,0,0
L01780,2026-08-21,Google Ads (Arama),/yks-kocluk,1,Temsilci A,WhatsApp,1,1,1,3990
L01781,2026-08-04,Google Ads (Arama),/yks-kocluk,66,Temsilci E,Çağrı merkezi,1,1,1,6450
L01782,2026-08-23,Google Ads (Arama),/yks-kocluk,23,Temsilci B,WhatsApp,1,1,0,0
L01783,2026-08-10,Google Ads (Arama),/ucretsiz-deneme-dersi,1,Temsilci A,WhatsApp,1,1,1,6540
L01784,2026-08-23,Google Ads (Arama),/yks-kocluk,561,Temsilci C,WhatsApp,1,1,0,0
L01785,2026-08-01,Google Ads (Arama),/ucretsiz-deneme-dersi,17,Temsilci D,Çağrı merkezi,1,1,1,5980
L01786,2026-08-28,Google Ads (Arama),/yks-kocluk,489,Temsilci C,WhatsApp,0,0,0,0
L01787,2026-08-16,Google Ads (Arama),/fiyatlar,5,Temsilci D,Çağrı merkezi,1,1,0,0
L01788,2026-08-27,Google Ads (Arama),/yks-kocluk,10,Temsilci E,Çağrı merkezi,1,1,1,6170
L01789,2026-08-15,Google Ads (Arama),/lgs-paket,2246,Temsilci C,WhatsApp,1,1,0,0
L01790,2026-08-01,Google Ads (Arama),/fiyatlar,607,Temsilci C,WhatsApp,0,0,0,0
L01791,2026-08-25,Google Ads (Arama),/ucretsiz-deneme-dersi,36,Temsilci E,Çağrı merkezi,1,1,0,0
L01792,2026-08-05,Google Ads (Arama),/blog/*,38,Temsilci B,WhatsApp,1,1,1,6180
L01793,2026-08-14,Google Ads (Arama),/lgs-paket,22,Temsilci F,Çağrı merkezi,0,0,0,0
L01794,2026-08-13,Google Ads (Arama),/ucretsiz-deneme-dersi,294,Temsilci C,WhatsApp,0,0,0,0
L01795,2026-08-29,Google Ads (Arama),/fiyatlar,37,Temsilci E,Çağrı merkezi,0,0,0,0
L01796,2026-08-12,Google Ads (Arama),/fiyatlar,11,Temsilci D,Çağrı merkezi,0,0,0,0
L01797,2026-08-09,Google Ads (Arama),/yks-kocluk,18,Temsilci A,WhatsApp,1,0,0,0
L01798,2026-08-04,Google Ads (Arama),/lgs-paket,10,Temsilci D,Çağrı merkezi,0,0,0,0
L01799,2026-08-12,Google Ads (Arama),/yks-kocluk,4,Temsilci A,WhatsApp,1,1,1,6910
L01800,2026-08-20,Google Ads (Arama),/lgs-paket,13,Temsilci B,WhatsApp,1,0,0,0
L01801,2026-08-01,Google Ads (Arama),/lgs-paket,41,Temsilci B,WhatsApp,1,1,1,5170
L01802,2026-08-22,Google Ads (Arama),/fiyatlar,6,Temsilci A,WhatsApp,1,1,0,0
L01803,2026-08-22,Google Ads (Arama),/blog/*,32,Temsilci E,Çağrı merkezi,1,1,0,0
L01804,2026-08-07,Google Ads (Arama),/lgs-paket,2,Temsilci A,WhatsApp,1,0,0,0
L01805,2026-08-08,Google Ads (Arama),/fiyatlar,410,Temsilci F,Çağrı merkezi,1,0,0,0
L01806,2026-08-29,Google Ads (Arama),/yks-kocluk,445,Temsilci C,WhatsApp,1,1,0,0
L01807,2026-08-26,Google Ads (Arama),/ucretsiz-deneme-dersi,350,Temsilci F,Çağrı merkezi,1,1,1,4770
L01808,2026-08-10,Google Ads (Arama),/ucretsiz-deneme-dersi,148,Temsilci F,Çağrı merkezi,1,0,0,0
L01809,2026-08-27,Google Ads (Arama),/lgs-paket,26,Temsilci B,WhatsApp,1,1,0,0
L01810,2026-08-12,Google Ads (Arama),/lgs-paket,8,Temsilci D,Çağrı merkezi,0,0,0,0
L01811,2026-08-15,Google Ads (Arama),/yks-kocluk,5,Temsilci E,Çağrı merkezi,1,1,1,6720
L01812,2026-08-26,Google Ads (Arama),/yks-kocluk,26,Temsilci E,Çağrı merkezi,1,0,0,0
L01813,2026-08-29,Google Ads (Arama),/yks-kocluk,6,Temsilci D,Çağrı merkezi,1,1,0,0
L01814,2026-08-17,Google Ads (Arama),/lgs-paket,1,Temsilci A,WhatsApp,1,0,0,0
L01815,2026-08-04,Google Ads (Arama),/yks-kocluk,10,Temsilci A,WhatsApp,1,0,0,0
L01816,2026-08-28,Google Ads (Arama),/yks-kocluk,211,Temsilci F,Çağrı merkezi,0,0,0,0
L01817,2026-08-23,Google Ads (Arama),/yks-kocluk,89,Temsilci B,WhatsApp,1,0,0,0
L01818,2026-08-05,Google Ads (Arama),/yks-kocluk,245,Temsilci F,Çağrı merkezi,1,1,0,0
L01819,2026-08-30,Google Ads (Arama),/yks-kocluk,41,Temsilci D,Çağrı merkezi,1,1,1,6630
L01820,2026-08-17,Google Ads (Arama),/yks-kocluk,4,Temsilci B,WhatsApp,1,1,1,6780
L01821,2026-08-10,Google Ads (Arama),/lgs-paket,60,Temsilci B,WhatsApp,0,0,0,0
L01822,2026-08-18,Google Ads (Arama),/yks-kocluk,63,Temsilci E,Çağrı merkezi,0,0,0,0
L01823,2026-08-20,Google Ads (Arama),/yks-kocluk,35,Temsilci B,WhatsApp,1,0,0,0
L01824,2026-08-22,Google Ads (Arama),/yks-kocluk,261,Temsilci E,Çağrı merkezi,0,0,0,0
L01825,2026-08-16,Google Ads (Arama),/lgs-paket,540,Temsilci C,WhatsApp,0,0,0,0
L01826,2026-08-16,Google Ads (Arama),/lgs-paket,243,Temsilci C,WhatsApp,0,0,0,0
L01827,2026-08-04,Google Ads (Arama),/lgs-paket,2,Temsilci D,Çağrı merkezi,1,1,1,5660
L01828,2026-08-02,Google Ads (Arama),/ucretsiz-deneme-dersi,812,Temsilci F,Çağrı merkezi,1,0,0,0
L01829,2026-08-05,Google Ads (Arama),/lgs-paket,147,Temsilci F,Çağrı merkezi,1,1,0,0
L01830,2026-08-28,Google Ads (Arama),/lgs-paket,326,Temsilci C,WhatsApp,0,0,0,0
L01831,2026-08-17,Google Ads (Arama),/yks-kocluk,39,Temsilci F,Çağrı merkezi,0,0,0,0
L01832,2026-08-19,Google Ads (Arama),/yks-kocluk,470,Temsilci F,Çağrı merkezi,1,0,0,0
L01833,2026-08-22,Google Ads (Arama),/yks-kocluk,3,Temsilci D,Çağrı merkezi,1,1,0,0
L01834,2026-08-20,Google Ads (Arama),/ucretsiz-deneme-dersi,68,Temsilci E,Çağrı merkezi,1,1,1,6040
L01835,2026-08-19,Google Ads (Arama),/blog/*,123,Temsilci C,WhatsApp,0,0,0,0
L01836,2026-08-03,Google Ads (Arama),/yks-kocluk,42,Temsilci F,Çağrı merkezi,1,1,0,0
L01837,2026-08-16,Google Ads (Arama),/yks-kocluk,488,Temsilci B,WhatsApp,0,0,0,0
L01838,2026-08-24,Google Ads (Arama),/ucretsiz-deneme-dersi,14,Temsilci A,WhatsApp,1,0,0,0
L01839,2026-08-25,Google Ads (Arama),/blog/*,1,Temsilci A,WhatsApp,1,1,0,0
L01840,2026-08-15,Google Ads (Arama),/ucretsiz-deneme-dersi,192,Temsilci E,Çağrı merkezi,1,1,1,5240
L01841,2026-08-05,Google Ads (Arama),/blog/*,45,Temsilci E,Çağrı merkezi,1,1,0,0
L01842,2026-08-08,Google Ads (Arama),/yks-kocluk,70,Temsilci B,WhatsApp,1,0,0,0
L01843,2026-08-03,Google Ads (Arama),/ucretsiz-deneme-dersi,772,Temsilci F,Çağrı merkezi,1,1,1,3800
L01844,2026-08-25,Google Ads (Arama),/lgs-paket,110,Temsilci E,Çağrı merkezi,1,0,0,0
L01845,2026-08-30,Google Ads (Arama),/ucretsiz-deneme-dersi,132,Temsilci E,Çağrı merkezi,0,0,0,0
L01846,2026-08-19,Google Ads (Arama),/fiyatlar,24,Temsilci E,Çağrı merkezi,1,1,1,4000
L01847,2026-08-14,Google Ads (Arama),/ucretsiz-deneme-dersi,5,Temsilci A,WhatsApp,1,1,1,5400
L01848,2026-08-02,Google Ads (Arama),/ucretsiz-deneme-dersi,11,Temsilci C,WhatsApp,0,0,0,0
L01849,2026-08-10,Google Ads (Arama),/blog/*,69,Temsilci C,WhatsApp,1,0,0,0
L01850,2026-08-06,Google Ads (Arama),/blog/*,5,Temsilci A,WhatsApp,1,1,1,4790
L01851,2026-08-20,Google Ads (Arama),/yks-kocluk,534,Temsilci F,Çağrı merkezi,0,0,0,0
L01852,2026-08-30,Google Ads (Arama),/fiyatlar,519,Temsilci C,WhatsApp,1,1,1,6660
L01853,2026-08-02,Google Ads (Arama),/yks-kocluk,327,Temsilci E,Çağrı merkezi,1,0,0,0
L01854,2026-08-30,Google Ads (Arama),/fiyatlar,83,Temsilci B,WhatsApp,0,0,0,0
L01855,2026-08-19,Google Ads (Arama),/fiyatlar,432,Temsilci F,Çağrı merkezi,0,0,0,0
L01856,2026-08-12,Google Ads (Arama),/blog/*,11,Temsilci D,Çağrı merkezi,1,1,0,0
L01857,2026-08-05,Google Ads (Arama),/yks-kocluk,1,Temsilci A,WhatsApp,1,1,1,5330
L01858,2026-08-26,Google Ads (Arama),/fiyatlar,1,Temsilci B,WhatsApp,1,0,0,0
L01859,2026-08-26,Google Ads (Arama),/yks-kocluk,108,Temsilci E,Çağrı merkezi,0,0,0,0
L01860,2026-08-24,Google Ads (Arama),/yks-kocluk,1,Temsilci D,Çağrı merkezi,1,0,0,0
L01861,2026-08-14,Google Ads (Arama),/ucretsiz-deneme-dersi,8,Temsilci E,Çağrı merkezi,1,0,0,0
L01862,2026-08-29,Google Ads (Arama),/lgs-paket,51,Temsilci B,WhatsApp,0,0,0,0
L01863,2026-08-08,Google Ads (Arama),/yks-kocluk,2,Temsilci E,Çağrı merkezi,1,0,0,0
L01864,2026-08-26,Google Ads (Arama),/ucretsiz-deneme-dersi,3,Temsilci E,Çağrı merkezi,1,0,0,0
L01865,2026-08-08,Google Ads (Arama),/fiyatlar,1,Temsilci A,WhatsApp,1,1,1,5730
L01866,2026-08-29,Google Ads (Arama),/yks-kocluk,68,Temsilci C,WhatsApp,1,1,0,0
L01867,2026-08-03,Google Ads (Arama),/yks-kocluk,13,Temsilci E,Çağrı merkezi,1,0,0,0
L01868,2026-08-29,Google Ads (Arama),/fiyatlar,72,Temsilci B,WhatsApp,1,1,0,0
L01869,2026-08-28,Google Ads (Arama),/ucretsiz-deneme-dersi,123,Temsilci E,Çağrı merkezi,1,1,1,4900
L01870,2026-08-14,Google Ads (Arama),/ucretsiz-deneme-dersi,37,Temsilci E,Çağrı merkezi,1,0,0,0
L01871,2026-08-27,Google Ads (Arama),/blog/*,13,Temsilci B,WhatsApp,1,1,0,0
L01872,2026-08-26,Google Ads (Arama),/yks-kocluk,42,Temsilci B,WhatsApp,0,0,0,0
L01873,2026-08-15,Google Ads (Arama),/blog/*,15,Temsilci A,WhatsApp,1,1,1,6460
L01874,2026-08-03,Google Ads (Arama),/yks-kocluk,27,Temsilci E,Çağrı merkezi,1,1,0,0
L01875,2026-08-08,Google Ads (Arama),/yks-kocluk,132,Temsilci B,WhatsApp,0,0,0,0
L01876,2026-08-22,Google Ads (Arama),/yks-kocluk,277,Temsilci E,Çağrı merkezi,0,0,0,0
L01877,2026-08-30,Google Ads (Arama),/ucretsiz-deneme-dersi,1254,Temsilci C,WhatsApp,0,0,0,0
L01878,2026-08-26,Google Ads (Arama),/ucretsiz-deneme-dersi,50,Temsilci B,WhatsApp,1,0,0,0
L01879,2026-08-14,Google Ads (Arama),/fiyatlar,633,Temsilci F,Çağrı merkezi,0,0,0,0
L01880,2026-08-26,Google Ads (Arama),/yks-kocluk,37,Temsilci D,Çağrı merkezi,0,0,0,0
L01881,2026-08-10,Google Ads (Arama),/fiyatlar,34,Temsilci E,Çağrı merkezi,1,1,0,0
L01882,2026-08-06,Google Ads (Arama),/blog/*,16,Temsilci D,Çağrı merkezi,0,0,0,0
L01883,2026-08-05,Google Ads (Arama),/fiyatlar,225,Temsilci C,WhatsApp,0,0,0,0
L01884,2026-08-03,Google Ads (Arama),/blog/*,19,Temsilci E,Çağrı merkezi,1,1,1,4650
L01885,2026-08-09,Google Ads (Arama),/ucretsiz-deneme-dersi,2,Temsilci E,Çağrı merkezi,1,1,0,0
L01886,2026-08-28,Google Ads (Arama),/yks-kocluk,1,Temsilci D,Çağrı merkezi,1,1,1,5850
L01887,2026-08-18,Google Ads (Arama),/yks-kocluk,5,Temsilci A,WhatsApp,1,0,0,0
L01888,2026-08-18,Google Ads (Arama),/yks-kocluk,3,Temsilci A,WhatsApp,1,0,0,0
L01889,2026-08-09,Google Ads (Arama),/fiyatlar,32,Temsilci B,WhatsApp,1,0,0,0
L01890,2026-08-21,Google Ads (Arama),/yks-kocluk,6,Temsilci A,WhatsApp,1,1,1,4810
L01891,2026-08-18,Google Ads (Arama),/ucretsiz-deneme-dersi,18,Temsilci A,WhatsApp,0,0,0,0
L01892,2026-08-09,Google Ads (Arama),/yks-kocluk,381,Temsilci C,WhatsApp,1,1,1,5420
L01893,2026-08-04,Google Ads (Arama),/lgs-paket,8,Temsilci B,WhatsApp,1,0,0,0
L01894,2026-08-22,Google Ads (Arama),/lgs-paket,467,Temsilci F,Çağrı merkezi,1,1,0,0
L01895,2026-08-12,Google Ads (Arama),/yks-kocluk,27,Temsilci D,Çağrı merkezi,1,0,0,0
L01896,2026-08-10,Google Ads (Arama),/ucretsiz-deneme-dersi,16,Temsilci B,WhatsApp,1,1,1,4120
L01897,2026-08-07,Google Ads (Arama),/fiyatlar,69,Temsilci E,Çağrı merkezi,0,0,0,0
L01898,2026-08-26,Google Ads (Arama),/ucretsiz-deneme-dersi,394,Temsilci C,WhatsApp,1,1,0,0
L01899,2026-08-05,Google Ads (Arama),/lgs-paket,20,Temsilci F,Çağrı merkezi,1,0,0,0
L01900,2026-08-08,Google Ads (Arama),/ucretsiz-deneme-dersi,192,Temsilci E,Çağrı merkezi,0,0,0,0
L01901,2026-08-18,Google Ads (Arama),/ucretsiz-deneme-dersi,88,Temsilci E,Çağrı merkezi,1,1,0,0
L01902,2026-08-11,Google Ads (Arama),/yks-kocluk,19,Temsilci E,Çağrı merkezi,1,1,0,0
L01903,2026-08-12,Google Ads (Arama),/yks-kocluk,193,Temsilci C,WhatsApp,1,1,0,0
L01904,2026-08-29,Google Ads (Arama),/lgs-paket,9,Temsilci A,WhatsApp,1,0,0,0
L01905,2026-08-21,Google Ads (Arama),/lgs-paket,21,Temsilci B,WhatsApp,1,1,0,0
L01906,2026-08-05,Google Ads (Arama),/blog/*,52,Temsilci B,WhatsApp,1,1,1,4620
L01907,2026-08-10,Google Ads (Arama),/lgs-paket,1,Temsilci A,WhatsApp,1,0,0,0
L01908,2026-08-19,Google Ads (Arama),/lgs-paket,81,Temsilci B,WhatsApp,0,0,0,0
L01909,2026-08-01,Google Ads (Arama),/yks-kocluk,13,Temsilci D,Çağrı merkezi,1,0,0,0
L01910,2026-08-24,Google Ads (Arama),/yks-kocluk,11,Temsilci A,WhatsApp,1,1,1,5450
L01911,2026-08-17,Google Ads (Arama),/fiyatlar,5,Temsilci D,Çağrı merkezi,1,1,0,0
L01912,2026-08-04,Google Ads (Arama),/yks-kocluk,125,Temsilci C,WhatsApp,0,0,0,0
L01913,2026-08-24,Google Ads (Arama),/yks-kocluk,608,Temsilci F,Çağrı merkezi,0,0,0,0
L01914,2026-08-30,Google Ads (Arama),/lgs-paket,57,Temsilci D,Çağrı merkezi,1,0,0,0
L01915,2026-08-23,Google Ads (Arama),/yks-kocluk,158,Temsilci B,WhatsApp,0,0,0,0
L01916,2026-08-27,Google Ads (Arama),/blog/*,1,Temsilci A,WhatsApp,1,1,1,5250
L01917,2026-08-11,Google Ads (Arama),/lgs-paket,71,Temsilci E,Çağrı merkezi,1,0,0,0
L01918,2026-08-08,Google Ads (Arama),/yks-kocluk,24,Temsilci C,WhatsApp,1,1,0,0
L01919,2026-08-30,Google Ads (Arama),/lgs-paket,237,Temsilci C,WhatsApp,0,0,0,0
L01920,2026-08-05,Google Ads (Arama),/yks-kocluk,514,Temsilci F,Çağrı merkezi,0,0,0,0
L01921,2026-08-14,Google Ads (Arama),/lgs-paket,116,Temsilci E,Çağrı merkezi,1,1,1,4710
L01922,2026-08-16,Google Ads (Arama),/lgs-paket,42,Temsilci B,WhatsApp,0,0,0,0
L01923,2026-08-20,Google Ads (Arama),/ucretsiz-deneme-dersi,38,Temsilci B,WhatsApp,1,1,0,0
L01924,2026-08-25,Google Ads (Arama),/yks-kocluk,128,Temsilci E,Çağrı merkezi,0,0,0,0
L01925,2026-08-18,Google Ads (Arama),/lgs-paket,1,Temsilci B,WhatsApp,1,1,1,6830
L01926,2026-08-19,Google Ads (Arama),/lgs-paket,9,Temsilci D,Çağrı merkezi,0,0,0,0
L01927,2026-08-10,Google Ads (Arama),/fiyatlar,294,Temsilci F,Çağrı merkezi,0,0,0,0
L01928,2026-08-15,Google Ads (Arama),/fiyatlar,13,Temsilci D,Çağrı merkezi,0,0,0,0
L01929,2026-08-09,Google Ads (Arama),/ucretsiz-deneme-dersi,73,Temsilci A,WhatsApp,0,0,0,0
L01930,2026-08-24,Google Ads (Arama),/ucretsiz-deneme-dersi,19,Temsilci F,Çağrı merkezi,1,1,0,0
L01931,2026-08-24,Google Ads (Arama),/lgs-paket,7,Temsilci A,WhatsApp,1,0,0,0
L01932,2026-08-14,Google Ads (Arama),/yks-kocluk,379,Temsilci F,Çağrı merkezi,1,0,0,0
L01933,2026-08-22,Google Ads (Arama),/fiyatlar,30,Temsilci F,Çağrı merkezi,1,1,1,5000
L01934,2026-08-08,Google Ads (Arama),/ucretsiz-deneme-dersi,311,Temsilci C,WhatsApp,1,1,0,0
L01935,2026-08-05,Google Ads (Arama),/yks-kocluk,18,Temsilci A,WhatsApp,0,0,0,0
L01936,2026-08-24,Google Ads (Arama),/yks-kocluk,1,Temsilci D,Çağrı merkezi,1,1,1,5130
L01937,2026-08-09,Google Ads (Arama),/ucretsiz-deneme-dersi,737,Temsilci F,Çağrı merkezi,0,0,0,0
L01938,2026-08-16,Google Ads (Arama),/lgs-paket,258,Temsilci B,WhatsApp,0,0,0,0
L01939,2026-08-29,Google Ads (Arama),/yks-kocluk,28,Temsilci D,Çağrı merkezi,1,1,1,4740
L01940,2026-08-08,Google Ads (Arama),/yks-kocluk,267,Temsilci C,WhatsApp,1,1,0,0
L01941,2026-08-06,Google Ads (Arama),/lgs-paket,151,Temsilci C,WhatsApp,1,1,1,6640
L01942,2026-08-27,Google Ads (Arama),/fiyatlar,11,Temsilci D,Çağrı merkezi,1,1,1,4480
L01943,2026-08-28,Google Ads (Arama),/ucretsiz-deneme-dersi,5,Temsilci A,WhatsApp,1,0,0,0
L01944,2026-08-14,Google Ads (Arama),/lgs-paket,7,Temsilci D,Çağrı merkezi,1,1,1,4490
L01945,2026-08-21,Google Ads (Arama),/fiyatlar,83,Temsilci C,WhatsApp,1,0,0,0
L01946,2026-08-18,Google Ads (Arama),/yks-kocluk,28,Temsilci F,Çağrı merkezi,0,0,0,0
L01947,2026-08-20,Google Ads (Arama),/yks-kocluk,43,Temsilci E,Çağrı merkezi,0,0,0,0
L01948,2026-08-01,Google Ads (Arama),/fiyatlar,32,Temsilci A,WhatsApp,1,1,0,0
L01949,2026-08-03,Google Ads (Arama),/ucretsiz-deneme-dersi,13,Temsilci E,Çağrı merkezi,1,0,0,0
L01950,2026-08-27,Google Ads (Arama),/lgs-paket,63,Temsilci F,Çağrı merkezi,0,0,0,0
L01951,2026-08-30,Google Ads (Arama),/lgs-paket,10,Temsilci D,Çağrı merkezi,1,0,0,0
L01952,2026-08-02,Google Ads (Arama),/fiyatlar,21,Temsilci E,Çağrı merkezi,1,1,1,4760
L01953,2026-08-08,Google Ads (Arama),/ucretsiz-deneme-dersi,239,Temsilci F,Çağrı merkezi,1,1,0,0
L01954,2026-08-21,Google Ads (Arama),/lgs-paket,502,Temsilci F,Çağrı merkezi,0,0,0,0
L01955,2026-08-03,Google Ads (Arama),/yks-kocluk,292,Temsilci F,Çağrı merkezi,0,0,0,0
L01956,2026-08-01,Google Ads (Arama),/yks-kocluk,179,Temsilci E,Çağrı merkezi,1,0,0,0
L01957,2026-08-26,Google Ads (Arama),/lgs-paket,108,Temsilci E,Çağrı merkezi,0,0,0,0
L01958,2026-08-14,Google Ads (Arama),/lgs-paket,2,Temsilci A,WhatsApp,1,1,0,0
L01959,2026-08-19,Google Ads (Arama),/lgs-paket,79,Temsilci C,WhatsApp,1,1,0,0
L01960,2026-08-10,Google Ads (Arama),/fiyatlar,39,Temsilci E,Çağrı merkezi,1,0,0,0
L01961,2026-08-24,Google Ads (Arama),/lgs-paket,201,Temsilci C,WhatsApp,0,0,0,0
L01962,2026-08-15,Google Ads (Arama),/yks-kocluk,11,Temsilci A,WhatsApp,1,1,1,5860
L01963,2026-08-11,Google Ads (Arama),/yks-kocluk,893,Temsilci F,Çağrı merkezi,1,1,0,0
L01964,2026-08-16,Google Ads (Arama),/ucretsiz-deneme-dersi,3,Temsilci A,WhatsApp,1,1,1,5620
L01965,2026-08-08,Google Ads (Arama),/yks-kocluk,12,Temsilci D,Çağrı merkezi,1,1,1,4820
L01966,2026-08-19,Google Ads (Arama),/ucretsiz-deneme-dersi,2,Temsilci A,WhatsApp,1,1,1,5400
L01967,2026-08-21,Google Ads (Arama),/yks-kocluk,15,Temsilci D,Çağrı merkezi,1,0,0,0
L01968,2026-08-24,Google Ads (Arama),/yks-kocluk,3,Temsilci A,WhatsApp,1,1,1,5460
L01969,2026-08-04,Google Ads (Arama),/yks-kocluk,24,Temsilci D,Çağrı merkezi,1,0,0,0
L01970,2026-08-16,Google Ads (Arama),/yks-kocluk,129,Temsilci E,Çağrı merkezi,0,0,0,0
L01971,2026-08-18,Google Ads (Arama),/lgs-paket,2,Temsilci A,WhatsApp,1,1,0,0
L01972,2026-08-22,Google Ads (Arama),/yks-kocluk,468,Temsilci C,WhatsApp,1,1,1,5480
L01973,2026-08-07,Google Ads (Arama),/fiyatlar,111,Temsilci F,Çağrı merkezi,1,1,1,4850
L01974,2026-08-24,Google Ads (Arama),/ucretsiz-deneme-dersi,6,Temsilci B,WhatsApp,1,1,1,4360
L01975,2026-08-16,Google Ads (Arama),/yks-kocluk,8,Temsilci A,WhatsApp,1,0,0,0
L01976,2026-08-18,Google Ads (Arama),/lgs-paket,1,Temsilci A,WhatsApp,1,1,1,5590
L01977,2026-08-08,Google Ads (Arama),/lgs-paket,55,Temsilci A,WhatsApp,1,0,0,0
L01978,2026-08-28,Google Ads (Arama),/lgs-paket,88,Temsilci F,Çağrı merkezi,1,1,0,0
L01979,2026-08-18,Google Ads (Arama),/ucretsiz-deneme-dersi,3,Temsilci B,WhatsApp,1,0,0,0
L01980,2026-08-09,Google Ads (Arama),/yks-kocluk,21,Temsilci E,Çağrı merkezi,0,0,0,0
L01981,2026-08-19,Google Ads (Arama),/ucretsiz-deneme-dersi,5,Temsilci D,Çağrı merkezi,1,1,1,6400
L01982,2026-08-28,Google Ads (Arama),/ucretsiz-deneme-dersi,3,Temsilci D,Çağrı merkezi,1,1,1,6790
L01983,2026-08-20,Google Ads (Arama),/yks-kocluk,23,Temsilci B,WhatsApp,1,1,0,0
L01984,2026-08-05,Google Ads (Arama),/lgs-paket,7,Temsilci D,Çağrı merkezi,1,1,0,0
L01985,2026-08-08,Google Ads (Arama),/ucretsiz-deneme-dersi,62,Temsilci D,Çağrı merkezi,0,0,0,0
L01986,2026-08-12,Google Ads (Arama),/yks-kocluk,21,Temsilci E,Çağrı merkezi,1,1,1,4320
L01987,2026-08-21,Google Ads (Arama),/fiyatlar,37,Temsilci F,Çağrı merkezi,1,1,0,0
L01988,2026-08-09,Google Ads (Arama),/ucretsiz-deneme-dersi,443,Temsilci E,Çağrı merkezi,0,0,0,0
L01989,2026-08-06,Google Ads (Arama),/yks-kocluk,271,Temsilci C,WhatsApp,0,0,0,0
L01990,2026-08-12,Google Ads (Arama),/ucretsiz-deneme-dersi,34,Temsilci B,WhatsApp,0,0,0,0
L01991,2026-08-30,Google Ads (Arama),/blog/*,20,Temsilci D,Çağrı merkezi,0,0,0,0
L01992,2026-08-01,Google Ads (Arama),/yks-kocluk,366,Temsilci C,WhatsApp,1,1,1,4980
L01993,2026-08-09,Google Ads (Arama),/lgs-paket,20,Temsilci A,WhatsApp,1,1,1,3920
L01994,2026-08-23,Google Ads (Arama),/ucretsiz-deneme-dersi,481,Temsilci C,WhatsApp,0,0,0,0
L01995,2026-08-27,Google Ads (Arama),/yks-kocluk,630,Temsilci F,Çağrı merkezi,0,0,0,0
L01996,2026-08-21,Google Ads (Arama),/lgs-paket,22,Temsilci B,WhatsApp,0,0,0,0
L01997,2026-08-25,Google Ads (Arama),/lgs-paket,1,Temsilci A,WhatsApp,1,0,0,0
L01998,2026-08-05,Google Ads (Arama),/ucretsiz-deneme-dersi,72,Temsilci B,WhatsApp,1,1,0,0
L01999,2026-08-02,Google Ads (Arama),/lgs-paket,54,Temsilci F,Çağrı merkezi,1,1,0,0
L02000,2026-08-07,Google Ads (Arama),/ucretsiz-deneme-dersi,4,Temsilci F,Çağrı merkezi,1,0,0,0
L02001,2026-08-11,Google Ads (Arama),/fiyatlar,83,Temsilci B,WhatsApp,1,0,0,0
L02002,2026-08-17,Google Ads (Arama),/yks-kocluk,124,Temsilci F,Çağrı merkezi,0,0,0,0
L02003,2026-08-22,Google Ads (Arama),/yks-kocluk,214,Temsilci B,WhatsApp,1,0,0,0
L02004,2026-08-03,Google Ads (Arama),/yks-kocluk,2,Temsilci A,WhatsApp,1,1,1,6200
L02005,2026-08-27,Google Ads (Arama),/blog/*,45,Temsilci C,WhatsApp,1,1,0,0
L02006,2026-08-23,Google Ads (Arama),/yks-kocluk,4,Temsilci D,Çağrı merkezi,0,0,0,0
L02007,2026-08-06,Google Ads (Arama),/ucretsiz-deneme-dersi,13,Temsilci B,WhatsApp,1,1,1,3810
L02008,2026-08-21,Google Ads (Arama),/lgs-paket,13,Temsilci A,WhatsApp,0,0,0,0
L02009,2026-08-10,Google Ads (Arama),/fiyatlar,686,Temsilci F,Çağrı merkezi,0,0,0,0
L02010,2026-08-24,Google Ads (Arama),/ucretsiz-deneme-dersi,13,Temsilci B,WhatsApp,1,1,1,5610
L02011,2026-08-14,Google Ads (Arama),/yks-kocluk,11,Temsilci B,WhatsApp,1,0,0,0
L02012,2026-08-09,Google Ads (Arama),/ucretsiz-deneme-dersi,48,Temsilci C,WhatsApp,1,1,0,0
L02013,2026-08-17,Google Ads (Arama),/lgs-paket,279,Temsilci F,Çağrı merkezi,1,0,0,0
L02014,2026-08-19,Google Ads (Arama),/lgs-paket,46,Temsilci E,Çağrı merkezi,0,0,0,0
L02015,2026-08-14,Google Ads (Arama),/lgs-paket,382,Temsilci F,Çağrı merkezi,1,0,0,0
L02016,2026-08-17,Google Ads (Arama),/lgs-paket,380,Temsilci F,Çağrı merkezi,1,0,0,0
L02017,2026-08-09,Google Ads (Arama),/yks-kocluk,16,Temsilci C,WhatsApp,1,1,1,4230
L02018,2026-08-19,Google Ads (Arama),/yks-kocluk,26,Temsilci E,Çağrı merkezi,1,1,0,0
L02019,2026-08-21,Google Ads (Arama),/lgs-paket,1,Temsilci A,WhatsApp,1,1,0,0
L02020,2026-08-06,Google Ads (Arama),/fiyatlar,25,Temsilci C,WhatsApp,1,0,0,0
L02021,2026-08-15,Google Ads (Arama),/fiyatlar,38,Temsilci D,Çağrı merkezi,0,0,0,0
L02022,2026-08-24,Google Ads (Arama),/lgs-paket,10,Temsilci B,WhatsApp,1,1,0,0
L02023,2026-08-10,Google Ads (Arama),/yks-kocluk,50,Temsilci B,WhatsApp,0,0,0,0
L02024,2026-08-17,Google Ads (Arama),/yks-kocluk,18,Temsilci D,Çağrı merkezi,0,0,0,0
L02025,2026-08-13,Google Ads (Arama),/ucretsiz-deneme-dersi,25,Temsilci B,WhatsApp,0,0,0,0
L02026,2026-08-23,Meta Ads,/blog/*,371,Temsilci B,WhatsApp,0,0,0,0
L02027,2026-08-05,Meta Ads,/yks-kocluk,218,Temsilci C,WhatsApp,1,1,0,0
L02028,2026-08-05,Meta Ads,/fiyatlar,6,Temsilci D,Çağrı merkezi,1,0,0,0
L02029,2026-08-07,Meta Ads,/fiyatlar,51,Temsilci C,WhatsApp,1,0,0,0
L02030,2026-08-14,Meta Ads,/yks-kocluk,6,Temsilci B,WhatsApp,1,0,0,0
L02031,2026-08-01,Meta Ads,/lgs-paket,52,Temsilci C,WhatsApp,1,1,0,0
L02032,2026-08-16,Meta Ads,/ucretsiz-deneme-dersi,51,Temsilci D,Çağrı merkezi,0,0,0,0
L02033,2026-08-04,Meta Ads,/lgs-paket,202,Temsilci C,WhatsApp,1,0,0,0
L02034,2026-08-29,Meta Ads,/yks-kocluk,1101,Temsilci F,Çağrı merkezi,1,1,0,0
L02035,2026-08-16,Meta Ads,/ucretsiz-deneme-dersi,5,Temsilci E,Çağrı merkezi,1,1,1,4220
L02036,2026-08-17,Meta Ads,/fiyatlar,50,Temsilci E,Çağrı merkezi,1,1,0,0
L02037,2026-08-16,Meta Ads,/yks-kocluk,44,Temsilci B,WhatsApp,1,1,0,0
L02038,2026-08-05,Meta Ads,/yks-kocluk,13,Temsilci D,Çağrı merkezi,1,1,0,0
L02039,2026-08-06,Meta Ads,/yks-kocluk,175,Temsilci F,Çağrı merkezi,1,0,0,0
L02040,2026-08-12,Meta Ads,/ucretsiz-deneme-dersi,6,Temsilci A,WhatsApp,1,0,0,0
L02041,2026-08-06,Meta Ads,/yks-kocluk,39,Temsilci E,Çağrı merkezi,0,0,0,0
L02042,2026-08-01,Meta Ads,/lgs-paket,431,Temsilci F,Çağrı merkezi,0,0,0,0
L02043,2026-08-10,Meta Ads,/lgs-paket,241,Temsilci F,Çağrı merkezi,0,0,0,0
L02044,2026-08-26,Meta Ads,/fiyatlar,26,Temsilci E,Çağrı merkezi,1,1,0,0
L02045,2026-08-12,Meta Ads,/yks-kocluk,138,Temsilci B,WhatsApp,0,0,0,0
L02046,2026-08-13,Meta Ads,/fiyatlar,1,Temsilci A,WhatsApp,1,0,0,0
L02047,2026-08-19,Meta Ads,/yks-kocluk,92,Temsilci E,Çağrı merkezi,0,0,0,0
L02048,2026-08-15,Meta Ads,/lgs-paket,14,Temsilci D,Çağrı merkezi,1,0,0,0
L02049,2026-08-12,Meta Ads,/yks-kocluk,64,Temsilci E,Çağrı merkezi,1,1,0,0
L02050,2026-08-27,Meta Ads,/yks-kocluk,28,Temsilci C,WhatsApp,1,1,0,0
L02051,2026-08-21,Meta Ads,/yks-kocluk,3,Temsilci A,WhatsApp,1,0,0,0
L02052,2026-08-08,Meta Ads,/yks-kocluk,19,Temsilci E,Çağrı merkezi,1,0,0,0
L02053,2026-08-14,Meta Ads,/fiyatlar,500,Temsilci C,WhatsApp,0,0,0,0
L02054,2026-08-08,Meta Ads,/fiyatlar,1443,Temsilci F,Çağrı merkezi,0,0,0,0
L02055,2026-08-02,Meta Ads,/yks-kocluk,19,Temsilci C,WhatsApp,1,0,0,0
L02056,2026-08-26,Meta Ads,/fiyatlar,9,Temsilci D,Çağrı merkezi,1,1,0,0
L02057,2026-08-10,Meta Ads,/lgs-paket,1,Temsilci A,WhatsApp,1,0,0,0
L02058,2026-08-24,Meta Ads,/fiyatlar,40,Temsilci D,Çağrı merkezi,0,0,0,0
L02059,2026-08-19,Meta Ads,/yks-kocluk,134,Temsilci C,WhatsApp,0,0,0,0
L02060,2026-08-26,Meta Ads,/yks-kocluk,3,Temsilci A,WhatsApp,1,0,0,0
L02061,2026-08-14,Meta Ads,/yks-kocluk,362,Temsilci F,Çağrı merkezi,1,0,0,0
L02062,2026-08-20,Meta Ads,/lgs-paket,40,Temsilci B,WhatsApp,1,1,1,4360
L02063,2026-08-05,Meta Ads,/yks-kocluk,11,Temsilci D,Çağrı merkezi,0,0,0,0
L02064,2026-08-11,Meta Ads,/yks-kocluk,1,Temsilci B,WhatsApp,1,1,0,0
L02065,2026-08-23,Meta Ads,/ucretsiz-deneme-dersi,37,Temsilci D,Çağrı merkezi,1,1,0,0
L02066,2026-08-30,Meta Ads,/lgs-paket,204,Temsilci C,WhatsApp,1,0,0,0
L02067,2026-08-15,Meta Ads,/fiyatlar,10,Temsilci D,Çağrı merkezi,1,0,0,0
L02068,2026-08-09,Meta Ads,/lgs-paket,1607,Temsilci F,Çağrı merkezi,0,0,0,0
L02069,2026-08-21,Meta Ads,/lgs-paket,12,Temsilci C,WhatsApp,1,0,0,0
L02070,2026-08-10,Meta Ads,/yks-kocluk,84,Temsilci C,WhatsApp,1,1,0,0
L02071,2026-08-20,Meta Ads,/lgs-paket,6,Temsilci D,Çağrı merkezi,1,0,0,0
L02072,2026-08-10,Meta Ads,/lgs-paket,55,Temsilci D,Çağrı merkezi,1,0,0,0
L02073,2026-08-13,Meta Ads,/ucretsiz-deneme-dersi,1,Temsilci A,WhatsApp,1,0,0,0
L02074,2026-08-19,Meta Ads,/yks-kocluk,51,Temsilci B,WhatsApp,0,0,0,0
L02075,2026-08-13,Meta Ads,/lgs-paket,195,Temsilci C,WhatsApp,1,0,0,0
L02076,2026-08-11,Meta Ads,/ucretsiz-deneme-dersi,27,Temsilci F,Çağrı merkezi,0,0,0,0
L02077,2026-08-21,Meta Ads,/ucretsiz-deneme-dersi,98,Temsilci C,WhatsApp,1,1,0,0
L02078,2026-08-25,Meta Ads,/lgs-paket,2,Temsilci D,Çağrı merkezi,1,1,1,5510
L02079,2026-08-25,Meta Ads,/lgs-paket,40,Temsilci B,WhatsApp,1,0,0,0
L02080,2026-08-14,Meta Ads,/blog/*,3,Temsilci D,Çağrı merkezi,1,1,0,0
L02081,2026-08-17,Meta Ads,/blog/*,46,Temsilci E,Çağrı merkezi,1,1,0,0
L02082,2026-08-06,Meta Ads,/ucretsiz-deneme-dersi,14,Temsilci D,Çağrı merkezi,0,0,0,0
L02083,2026-08-01,Meta Ads,/ucretsiz-deneme-dersi,414,Temsilci F,Çağrı merkezi,0,0,0,0
L02084,2026-08-07,Meta Ads,/fiyatlar,21,Temsilci B,WhatsApp,1,1,0,0
L02085,2026-08-23,Meta Ads,/blog/*,70,Temsilci C,WhatsApp,1,1,0,0
L02086,2026-08-15,Meta Ads,/yks-kocluk,113,Temsilci E,Çağrı merkezi,1,1,0,0
L02087,2026-08-21,Meta Ads,/yks-kocluk,100,Temsilci E,Çağrı merkezi,0,0,0,0
L02088,2026-08-30,Meta Ads,/yks-kocluk,54,Temsilci D,Çağrı merkezi,1,0,0,0
L02089,2026-08-22,Meta Ads,/ucretsiz-deneme-dersi,1042,Temsilci E,Çağrı merkezi,0,0,0,0
L02090,2026-08-03,Meta Ads,/ucretsiz-deneme-dersi,301,Temsilci C,WhatsApp,0,0,0,0
L02091,2026-08-23,Meta Ads,/ucretsiz-deneme-dersi,3804,Temsilci F,Çağrı merkezi,0,0,0,0
L02092,2026-08-15,Meta Ads,/lgs-paket,52,Temsilci F,Çağrı merkezi,0,0,0,0
L02093,2026-08-27,Meta Ads,/fiyatlar,3,Temsilci A,WhatsApp,1,0,0,0
L02094,2026-08-21,Meta Ads,/lgs-paket,1,Temsilci A,WhatsApp,1,0,0,0
L02095,2026-08-19,Meta Ads,/ucretsiz-deneme-dersi,8,Temsilci A,WhatsApp,1,0,0,0
L02096,2026-08-05,Meta Ads,/fiyatlar,3,Temsilci D,Çağrı merkezi,1,0,0,0
L02097,2026-08-03,Meta Ads,/lgs-paket,162,Temsilci F,Çağrı merkezi,1,1,0,0
L02098,2026-08-15,Meta Ads,/yks-kocluk,51,Temsilci D,Çağrı merkezi,1,0,0,0
L02099,2026-08-25,Meta Ads,/yks-kocluk,19,Temsilci E,Çağrı merkezi,1,1,0,0
L02100,2026-08-10,Meta Ads,/yks-kocluk,41,Temsilci F,Çağrı merkezi,1,0,0,0
L02101,2026-08-15,Meta Ads,/ucretsiz-deneme-dersi,167,Temsilci B,WhatsApp,0,0,0,0
L02102,2026-08-05,Meta Ads,/ucretsiz-deneme-dersi,4,Temsilci D,Çağrı merkezi,1,0,0,0
L02103,2026-08-19,Meta Ads,/yks-kocluk,1,Temsilci E,Çağrı merkezi,1,0,0,0
L02104,2026-08-28,Meta Ads,/blog/*,8,Temsilci D,Çağrı merkezi,0,0,0,0
L02105,2026-08-12,Meta Ads,/ucretsiz-deneme-dersi,105,Temsilci E,Çağrı merkezi,1,1,0,0
L02106,2026-08-16,Meta Ads,/ucretsiz-deneme-dersi,127,Temsilci E,Çağrı merkezi,1,1,0,0
L02107,2026-08-03,Meta Ads,/lgs-paket,32,Temsilci C,WhatsApp,1,0,0,0
L02108,2026-08-24,Meta Ads,/ucretsiz-deneme-dersi,53,Temsilci F,Çağrı merkezi,1,0,0,0
L02109,2026-08-21,Meta Ads,/fiyatlar,449,Temsilci F,Çağrı merkezi,0,0,0,0
L02110,2026-08-17,Meta Ads,/fiyatlar,54,Temsilci F,Çağrı merkezi,0,0,0,0
L02111,2026-08-13,Meta Ads,/ucretsiz-deneme-dersi,99,Temsilci C,WhatsApp,1,0,0,0
L02112,2026-08-28,Meta Ads,/ucretsiz-deneme-dersi,21,Temsilci A,WhatsApp,1,0,0,0
L02113,2026-08-08,Meta Ads,/yks-kocluk,169,Temsilci F,Çağrı merkezi,0,0,0,0
L02114,2026-08-28,Meta Ads,/yks-kocluk,303,Temsilci F,Çağrı merkezi,1,0,0,0
L02115,2026-08-09,Meta Ads,/lgs-paket,29,Temsilci A,WhatsApp,1,0,0,0
L02116,2026-08-29,Meta Ads,/fiyatlar,69,Temsilci E,Çağrı merkezi,1,1,0,0
L02117,2026-08-16,Meta Ads,/lgs-paket,411,Temsilci E,Çağrı merkezi,1,0,0,0
L02118,2026-08-03,Meta Ads,/yks-kocluk,3,Temsilci A,WhatsApp,1,1,0,0
L02119,2026-08-20,Meta Ads,/lgs-paket,1,Temsilci E,Çağrı merkezi,1,0,0,0
L02120,2026-08-24,Meta Ads,/fiyatlar,52,Temsilci F,Çağrı merkezi,0,0,0,0
L02121,2026-08-20,Meta Ads,/ucretsiz-deneme-dersi,2,Temsilci A,WhatsApp,1,1,0,0
L02122,2026-08-11,Meta Ads,/lgs-paket,18,Temsilci E,Çağrı merkezi,1,1,0,0
L02123,2026-08-11,Meta Ads,/yks-kocluk,38,Temsilci E,Çağrı merkezi,1,1,0,0
L02124,2026-08-06,Meta Ads,/lgs-paket,313,Temsilci C,WhatsApp,0,0,0,0
L02125,2026-08-16,Meta Ads,/yks-kocluk,30,Temsilci A,WhatsApp,1,1,0,0
L02126,2026-08-11,Meta Ads,/ucretsiz-deneme-dersi,95,Temsilci E,Çağrı merkezi,1,1,0,0
L02127,2026-08-10,Meta Ads,/lgs-paket,204,Temsilci C,WhatsApp,1,0,0,0
L02128,2026-08-30,Meta Ads,/ucretsiz-deneme-dersi,215,Temsilci E,Çağrı merkezi,1,1,0,0
L02129,2026-08-06,Meta Ads,/fiyatlar,60,Temsilci E,Çağrı merkezi,1,0,0,0
L02130,2026-08-16,Meta Ads,/ucretsiz-deneme-dersi,64,Temsilci D,Çağrı merkezi,1,0,0,0
L02131,2026-08-16,Meta Ads,/blog/*,227,Temsilci C,WhatsApp,1,0,0,0
L02132,2026-08-27,Meta Ads,/ucretsiz-deneme-dersi,4,Temsilci D,Çağrı merkezi,1,0,0,0
L02133,2026-08-01,Meta Ads,/ucretsiz-deneme-dersi,2,Temsilci D,Çağrı merkezi,1,0,0,0
L02134,2026-08-05,Meta Ads,/blog/*,3,Temsilci C,WhatsApp,1,1,0,0
L02135,2026-08-10,Meta Ads,/fiyatlar,2,Temsilci A,WhatsApp,1,1,0,0
L02136,2026-08-07,Meta Ads,/ucretsiz-deneme-dersi,38,Temsilci E,Çağrı merkezi,0,0,0,0
L02137,2026-08-04,Meta Ads,/yks-kocluk,14,Temsilci B,WhatsApp,1,0,0,0
L02138,2026-08-16,Meta Ads,/blog/*,32,Temsilci A,WhatsApp,1,0,0,0
L02139,2026-08-23,Meta Ads,/lgs-paket,2125,Temsilci C,WhatsApp,0,0,0,0
L02140,2026-08-02,Meta Ads,/yks-kocluk,352,Temsilci F,Çağrı merkezi,0,0,0,0
L02141,2026-08-15,Meta Ads,/blog/*,13,Temsilci A,WhatsApp,0,0,0,0
L02142,2026-08-03,Meta Ads,/yks-kocluk,128,Temsilci F,Çağrı merkezi,1,1,0,0
L02143,2026-08-07,Meta Ads,/ucretsiz-deneme-dersi,3,Temsilci D,Çağrı merkezi,1,0,0,0
L02144,2026-08-09,Meta Ads,/lgs-paket,573,Temsilci C,WhatsApp,1,0,0,0
L02145,2026-08-28,Meta Ads,/ucretsiz-deneme-dersi,322,Temsilci F,Çağrı merkezi,0,0,0,0
L02146,2026-08-12,Meta Ads,/fiyatlar,17,Temsilci D,Çağrı merkezi,1,1,0,0
L02147,2026-08-12,Meta Ads,/yks-kocluk,853,Temsilci F,Çağrı merkezi,1,0,0,0
L02148,2026-08-30,Meta Ads,/yks-kocluk,22,Temsilci A,WhatsApp,1,0,0,0
L02149,2026-08-26,Meta Ads,/yks-kocluk,3,Temsilci E,Çağrı merkezi,0,0,0,0
L02150,2026-08-12,Meta Ads,/yks-kocluk,65,Temsilci D,Çağrı merkezi,0,0,0,0
L02151,2026-08-28,Meta Ads,/ucretsiz-deneme-dersi,37,Temsilci E,Çağrı merkezi,1,0,0,0
L02152,2026-08-24,Meta Ads,/yks-kocluk,22,Temsilci A,WhatsApp,0,0,0,0
L02153,2026-08-18,Meta Ads,/yks-kocluk,103,Temsilci E,Çağrı merkezi,1,0,0,0
L02154,2026-08-20,Meta Ads,/ucretsiz-deneme-dersi,49,Temsilci B,WhatsApp,0,0,0,0
L02155,2026-08-14,Meta Ads,/fiyatlar,7,Temsilci D,Çağrı merkezi,0,0,0,0
L02156,2026-08-24,Meta Ads,/yks-kocluk,11,Temsilci C,WhatsApp,1,1,0,0
L02157,2026-08-23,Meta Ads,/ucretsiz-deneme-dersi,92,Temsilci D,Çağrı merkezi,1,1,0,0
L02158,2026-08-13,Meta Ads,/yks-kocluk,14,Temsilci B,WhatsApp,1,0,0,0
L02159,2026-08-19,Meta Ads,/ucretsiz-deneme-dersi,106,Temsilci C,WhatsApp,0,0,0,0
L02160,2026-08-07,Meta Ads,/ucretsiz-deneme-dersi,143,Temsilci E,Çağrı merkezi,0,0,0,0
L02161,2026-08-23,Meta Ads,/fiyatlar,26,Temsilci B,WhatsApp,1,1,1,4690
L02162,2026-08-28,Meta Ads,/yks-kocluk,27,Temsilci B,WhatsApp,0,0,0,0
L02163,2026-08-11,Meta Ads,/fiyatlar,38,Temsilci B,WhatsApp,1,1,0,0
L02164,2026-08-08,Meta Ads,/blog/*,181,Temsilci B,WhatsApp,1,0,0,0
L02165,2026-08-15,Meta Ads,/yks-kocluk,1,Temsilci D,Çağrı merkezi,1,0,0,0
L02166,2026-08-07,Meta Ads,/lgs-paket,7,Temsilci D,Çağrı merkezi,1,0,0,0
L02167,2026-08-19,Meta Ads,/fiyatlar,21,Temsilci A,WhatsApp,1,0,0,0
L02168,2026-08-17,Meta Ads,/yks-kocluk,4,Temsilci B,WhatsApp,1,0,0,0
L02169,2026-08-24,Meta Ads,/blog/*,3,Temsilci D,Çağrı merkezi,0,0,0,0
L02170,2026-08-26,Meta Ads,/lgs-paket,4,Temsilci D,Çağrı merkezi,1,0,0,0
L02171,2026-08-01,Meta Ads,/lgs-paket,21,Temsilci D,Çağrı merkezi,0,0,0,0
L02172,2026-08-12,Meta Ads,/lgs-paket,254,Temsilci C,WhatsApp,1,0,0,0
L02173,2026-08-10,Meta Ads,/yks-kocluk,21,Temsilci F,Çağrı merkezi,1,1,0,0
L02174,2026-08-09,Meta Ads,/ucretsiz-deneme-dersi,23,Temsilci C,WhatsApp,0,0,0,0
L02175,2026-08-06,Meta Ads,/ucretsiz-deneme-dersi,26,Temsilci B,WhatsApp,1,0,0,0
L02176,2026-08-02,Meta Ads,/yks-kocluk,247,Temsilci B,WhatsApp,0,0,0,0
L02177,2026-08-12,Meta Ads,/ucretsiz-deneme-dersi,19,Temsilci B,WhatsApp,1,0,0,0
L02178,2026-08-05,Meta Ads,/ucretsiz-deneme-dersi,48,Temsilci F,Çağrı merkezi,0,0,0,0
L02179,2026-08-04,Meta Ads,/ucretsiz-deneme-dersi,4,Temsilci A,WhatsApp,1,0,0,0
L02180,2026-08-30,Meta Ads,/fiyatlar,75,Temsilci E,Çağrı merkezi,0,0,0,0
L02181,2026-08-11,Meta Ads,/yks-kocluk,1,Temsilci D,Çağrı merkezi,1,0,0,0
L02182,2026-08-02,Meta Ads,/lgs-paket,247,Temsilci E,Çağrı merkezi,1,1,0,0
L02183,2026-08-08,Meta Ads,/yks-kocluk,3,Temsilci A,WhatsApp,1,0,0,0
L02184,2026-08-28,Meta Ads,/fiyatlar,2,Temsilci D,Çağrı merkezi,1,0,0,0
L02185,2026-08-10,Meta Ads,/lgs-paket,19,Temsilci C,WhatsApp,1,1,0,0
L02186,2026-08-23,Meta Ads,/yks-kocluk,58,Temsilci D,Çağrı merkezi,0,0,0,0
L02187,2026-08-07,Meta Ads,/yks-kocluk,8,Temsilci E,Çağrı merkezi,0,0,0,0
L02188,2026-08-08,Meta Ads,/ucretsiz-deneme-dersi,84,Temsilci F,Çağrı merkezi,1,0,0,0
L02189,2026-08-04,Meta Ads,/yks-kocluk,29,Temsilci C,WhatsApp,1,1,0,0
L02190,2026-08-22,Meta Ads,/ucretsiz-deneme-dersi,166,Temsilci E,Çağrı merkezi,0,0,0,0
L02191,2026-08-25,Meta Ads,/fiyatlar,77,Temsilci C,WhatsApp,0,0,0,0
L02192,2026-08-19,Meta Ads,/ucretsiz-deneme-dersi,8,Temsilci A,WhatsApp,0,0,0,0
L02193,2026-08-21,Meta Ads,/yks-kocluk,136,Temsilci B,WhatsApp,1,0,0,0
L02194,2026-08-27,Meta Ads,/ucretsiz-deneme-dersi,18,Temsilci B,WhatsApp,1,0,0,0
L02195,2026-08-28,Meta Ads,/lgs-paket,489,Temsilci F,Çağrı merkezi,0,0,0,0
L02196,2026-08-13,Meta Ads,/lgs-paket,21,Temsilci B,WhatsApp,1,0,0,0
L02197,2026-08-24,Meta Ads,/yks-kocluk,142,Temsilci E,Çağrı merkezi,1,0,0,0
L02198,2026-08-09,Meta Ads,/lgs-paket,62,Temsilci D,Çağrı merkezi,1,1,0,0
L02199,2026-08-25,Meta Ads,/lgs-paket,9,Temsilci A,WhatsApp,1,1,0,0
L02200,2026-08-04,Meta Ads,/yks-kocluk,21,Temsilci D,Çağrı merkezi,1,0,0,0
L02201,2026-08-05,Meta Ads,/fiyatlar,84,Temsilci C,WhatsApp,1,0,0,0
L02202,2026-08-28,Meta Ads,/blog/*,18,Temsilci B,WhatsApp,0,0,0,0
L02203,2026-08-17,Meta Ads,/yks-kocluk,60,Temsilci F,Çağrı merkezi,1,0,0,0
L02204,2026-08-12,Meta Ads,/lgs-paket,29,Temsilci B,WhatsApp,1,1,0,0
L02205,2026-08-18,Meta Ads,/yks-kocluk,10,Temsilci E,Çağrı merkezi,1,0,0,0
L02206,2026-08-21,Meta Ads,/ucretsiz-deneme-dersi,14,Temsilci E,Çağrı merkezi,0,0,0,0
L02207,2026-08-23,Meta Ads,/yks-kocluk,106,Temsilci E,Çağrı merkezi,1,1,0,0
L02208,2026-08-13,Meta Ads,/yks-kocluk,197,Temsilci E,Çağrı merkezi,0,0,0,0
L02209,2026-08-15,Meta Ads,/yks-kocluk,2338,Temsilci F,Çağrı merkezi,1,1,0,0
L02210,2026-08-10,Meta Ads,/yks-kocluk,228,Temsilci F,Çağrı merkezi,0,0,0,0
L02211,2026-08-02,Meta Ads,/ucretsiz-deneme-dersi,19,Temsilci B,WhatsApp,0,0,0,0
L02212,2026-08-25,Meta Ads,/blog/*,17,Temsilci B,WhatsApp,1,0,0,0
L02213,2026-08-19,Meta Ads,/yks-kocluk,10,Temsilci C,WhatsApp,0,0,0,0
L02214,2026-08-09,Meta Ads,/yks-kocluk,6,Temsilci D,Çağrı merkezi,1,0,0,0
L02215,2026-08-05,Meta Ads,/yks-kocluk,39,Temsilci B,WhatsApp,0,0,0,0
L02216,2026-08-01,Meta Ads,/ucretsiz-deneme-dersi,72,Temsilci E,Çağrı merkezi,1,0,0,0
L02217,2026-08-16,Meta Ads,/yks-kocluk,15,Temsilci D,Çağrı merkezi,1,0,0,0
L02218,2026-08-15,Meta Ads,/yks-kocluk,351,Temsilci F,Çağrı merkezi,1,0,0,0
L02219,2026-08-13,Meta Ads,/fiyatlar,17,Temsilci C,WhatsApp,1,0,0,0
L02220,2026-08-29,Meta Ads,/ucretsiz-deneme-dersi,60,Temsilci D,Çağrı merkezi,1,1,0,0
L02221,2026-08-20,Meta Ads,/blog/*,39,Temsilci C,WhatsApp,0,0,0,0
L02222,2026-08-16,Meta Ads,/fiyatlar,23,Temsilci D,Çağrı merkezi,1,0,0,0
L02223,2026-08-09,Meta Ads,/fiyatlar,271,Temsilci F,Çağrı merkezi,1,0,0,0
L02224,2026-08-14,Meta Ads,/ucretsiz-deneme-dersi,571,Temsilci C,WhatsApp,1,1,0,0
L02225,2026-08-08,Meta Ads,/ucretsiz-deneme-dersi,110,Temsilci B,WhatsApp,0,0,0,0
L02226,2026-08-04,Meta Ads,/blog/*,161,Temsilci F,Çağrı merkezi,0,0,0,0
L02227,2026-08-19,Meta Ads,/lgs-paket,112,Temsilci E,Çağrı merkezi,0,0,0,0
L02228,2026-08-02,Meta Ads,/ucretsiz-deneme-dersi,351,Temsilci E,Çağrı merkezi,0,0,0,0
L02229,2026-08-04,Meta Ads,/ucretsiz-deneme-dersi,20,Temsilci A,WhatsApp,1,0,0,0
L02230,2026-08-23,Meta Ads,/fiyatlar,71,Temsilci D,Çağrı merkezi,0,0,0,0
L02231,2026-08-02,Meta Ads,/lgs-paket,80,Temsilci D,Çağrı merkezi,1,0,0,0
L02232,2026-08-13,Meta Ads,/fiyatlar,327,Temsilci F,Çağrı merkezi,1,0,0,0
L02233,2026-08-07,Meta Ads,/ucretsiz-deneme-dersi,6,Temsilci A,WhatsApp,1,1,0,0
L02234,2026-08-01,Meta Ads,/ucretsiz-deneme-dersi,218,Temsilci C,WhatsApp,0,0,0,0
L02235,2026-08-12,Meta Ads,/blog/*,11,Temsilci B,WhatsApp,0,0,0,0
L02236,2026-08-11,Meta Ads,/lgs-paket,73,Temsilci F,Çağrı merkezi,0,0,0,0
L02237,2026-08-07,Meta Ads,/lgs-paket,57,Temsilci E,Çağrı merkezi,0,0,0,0
L02238,2026-08-25,Meta Ads,/lgs-paket,65,Temsilci B,WhatsApp,0,0,0,0
L02239,2026-08-11,Meta Ads,/lgs-paket,74,Temsilci E,Çağrı merkezi,0,0,0,0
L02240,2026-08-08,Meta Ads,/yks-kocluk,52,Temsilci C,WhatsApp,0,0,0,0
L02241,2026-08-21,Meta Ads,/lgs-paket,38,Temsilci E,Çağrı merkezi,1,1,0,0
L02242,2026-08-23,Meta Ads,/lgs-paket,803,Temsilci C,WhatsApp,0,0,0,0
L02243,2026-08-25,Meta Ads,/yks-kocluk,14,Temsilci B,WhatsApp,1,0,0,0
L02244,2026-08-30,Meta Ads,/lgs-paket,691,Temsilci F,Çağrı merkezi,0,0,0,0
L02245,2026-08-18,Meta Ads,/yks-kocluk,65,Temsilci E,Çağrı merkezi,1,1,0,0
L02246,2026-08-29,Meta Ads,/ucretsiz-deneme-dersi,77,Temsilci C,WhatsApp,1,1,1,4280
L02247,2026-08-28,Meta Ads,/blog/*,133,Temsilci C,WhatsApp,0,0,0,0
L02248,2026-08-11,Meta Ads,/blog/*,21,Temsilci D,Çağrı merkezi,1,1,0,0
L02249,2026-08-01,Meta Ads,/lgs-paket,3436,Temsilci F,Çağrı merkezi,1,1,0,0
L02250,2026-08-07,Meta Ads,/yks-kocluk,39,Temsilci C,WhatsApp,1,0,0,0
L02251,2026-08-27,Meta Ads,/lgs-paket,44,Temsilci E,Çağrı merkezi,1,0,0,0
L02252,2026-08-28,Meta Ads,/lgs-paket,12,Temsilci D,Çağrı merkezi,0,0,0,0
L02253,2026-08-13,Meta Ads,/ucretsiz-deneme-dersi,382,Temsilci F,Çağrı merkezi,1,0,0,0
L02254,2026-08-14,Meta Ads,/lgs-paket,14,Temsilci B,WhatsApp,1,0,0,0
L02255,2026-08-05,Meta Ads,/yks-kocluk,68,Temsilci F,Çağrı merkezi,1,1,0,0
L02256,2026-08-26,Meta Ads,/blog/*,155,Temsilci F,Çağrı merkezi,1,0,0,0
L02257,2026-08-20,Meta Ads,/yks-kocluk,177,Temsilci C,WhatsApp,0,0,0,0
L02258,2026-08-18,Meta Ads,/fiyatlar,22,Temsilci B,WhatsApp,1,1,0,0
L02259,2026-08-16,Meta Ads,/ucretsiz-deneme-dersi,64,Temsilci A,WhatsApp,1,0,0,0
L02260,2026-08-18,Meta Ads,/ucretsiz-deneme-dersi,91,Temsilci C,WhatsApp,0,0,0,0
L02261,2026-08-03,Meta Ads,/ucretsiz-deneme-dersi,19,Temsilci A,WhatsApp,1,1,0,0
L02262,2026-08-01,Meta Ads,/ucretsiz-deneme-dersi,24,Temsilci D,Çağrı merkezi,1,1,0,0
L02263,2026-08-22,Meta Ads,/lgs-paket,230,Temsilci E,Çağrı merkezi,1,1,0,0
L02264,2026-08-17,Meta Ads,/blog/*,51,Temsilci B,WhatsApp,0,0,0,0
L02265,2026-08-19,Meta Ads,/yks-kocluk,21,Temsilci A,WhatsApp,1,0,0,0
L02266,2026-08-19,Meta Ads,/yks-kocluk,6,Temsilci A,WhatsApp,1,0,0,0
L02267,2026-08-24,Meta Ads,/yks-kocluk,82,Temsilci E,Çağrı merkezi,0,0,0,0
L02268,2026-08-27,Meta Ads,/yks-kocluk,634,Temsilci F,Çağrı merkezi,0,0,0,0
L02269,2026-08-11,Meta Ads,/yks-kocluk,10,Temsilci D,Çağrı merkezi,0,0,0,0
L02270,2026-08-13,Meta Ads,/fiyatlar,14,Temsilci D,Çağrı merkezi,1,1,1,4200
L02271,2026-08-23,Meta Ads,/lgs-paket,339,Temsilci C,WhatsApp,1,1,0,0
L02272,2026-08-21,Meta Ads,/ucretsiz-deneme-dersi,84,Temsilci C,WhatsApp,1,1,0,0
L02273,2026-08-02,Meta Ads,/blog/*,24,Temsilci A,WhatsApp,1,1,0,0
L02274,2026-08-01,Meta Ads,/yks-kocluk,15,Temsilci D,Çağrı merkezi,0,0,0,0
L02275,2026-08-19,Meta Ads,/ucretsiz-deneme-dersi,19,Temsilci A,WhatsApp,1,0,0,0
L02276,2026-08-06,Meta Ads,/lgs-paket,14,Temsilci C,WhatsApp,1,1,0,0
L02277,2026-08-06,Meta Ads,/fiyatlar,449,Temsilci F,Çağrı merkezi,0,0,0,0
L02278,2026-08-17,Meta Ads,/yks-kocluk,1,Temsilci D,Çağrı merkezi,1,0,0,0
L02279,2026-08-26,Meta Ads,/blog/*,383,Temsilci C,WhatsApp,1,0,0,0
L02280,2026-08-19,Meta Ads,/lgs-paket,4,Temsilci A,WhatsApp,1,0,0,0
L02281,2026-08-30,Meta Ads,/yks-kocluk,111,Temsilci D,Çağrı merkezi,1,1,0,0
L02282,2026-08-04,Meta Ads,/ucretsiz-deneme-dersi,2,Temsilci A,WhatsApp,1,1,0,0
L02283,2026-08-07,Meta Ads,/ucretsiz-deneme-dersi,3,Temsilci A,WhatsApp,0,0,0,0
L02284,2026-08-30,Meta Ads,/lgs-paket,1033,Temsilci F,Çağrı merkezi,0,0,0,0
L02285,2026-08-04,Meta Ads,/fiyatlar,7,Temsilci A,WhatsApp,1,0,0,0
L02286,2026-08-19,Meta Ads,/ucretsiz-deneme-dersi,28,Temsilci E,Çağrı merkezi,1,1,0,0
L02287,2026-08-15,Meta Ads,/ucretsiz-deneme-dersi,1415,Temsilci C,WhatsApp,1,0,0,0
L02288,2026-08-03,Meta Ads,/lgs-paket,1,Temsilci D,Çağrı merkezi,1,0,0,0
L02289,2026-08-10,Meta Ads,/lgs-paket,206,Temsilci C,WhatsApp,0,0,0,0
L02290,2026-08-17,Meta Ads,/fiyatlar,103,Temsilci B,WhatsApp,1,0,0,0
L02291,2026-08-29,Meta Ads,/ucretsiz-deneme-dersi,125,Temsilci B,WhatsApp,0,0,0,0
L02292,2026-08-18,Meta Ads,/yks-kocluk,68,Temsilci C,WhatsApp,1,0,0,0
L02293,2026-08-27,Meta Ads,/fiyatlar,16,Temsilci D,Çağrı merkezi,1,1,0,0
L02294,2026-08-23,Meta Ads,/yks-kocluk,13,Temsilci B,WhatsApp,0,0,0,0
L02295,2026-08-29,Meta Ads,/yks-kocluk,37,Temsilci C,WhatsApp,1,1,0,0
L02296,2026-08-01,Meta Ads,/yks-kocluk,10,Temsilci D,Çağrı merkezi,1,0,0,0
L02297,2026-08-01,Meta Ads,/fiyatlar,1411,Temsilci F,Çağrı merkezi,0,0,0,0
L02298,2026-08-06,Meta Ads,/blog/*,16,Temsilci B,WhatsApp,0,0,0,0
L02299,2026-08-02,Meta Ads,/yks-kocluk,54,Temsilci E,Çağrı merkezi,0,0,0,0
L02300,2026-08-29,Meta Ads,/blog/*,710,Temsilci F,Çağrı merkezi,0,0,0,0
L02301,2026-08-21,Meta Ads,/yks-kocluk,320,Temsilci F,Çağrı merkezi,1,0,0,0
L02302,2026-08-14,Meta Ads,/fiyatlar,4,Temsilci D,Çağrı merkezi,1,0,0,0
L02303,2026-08-16,Meta Ads,/yks-kocluk,21,Temsilci A,WhatsApp,1,0,0,0
L02304,2026-08-15,Meta Ads,/yks-kocluk,212,Temsilci F,Çağrı merkezi,0,0,0,0
L02305,2026-08-04,Meta Ads,/yks-kocluk,1,Temsilci D,Çağrı merkezi,1,1,0,0
L02306,2026-08-22,Meta Ads,/ucretsiz-deneme-dersi,427,Temsilci F,Çağrı merkezi,0,0,0,0
L02307,2026-08-10,Meta Ads,/fiyatlar,16,Temsilci C,WhatsApp,1,0,0,0
L02308,2026-08-29,Meta Ads,/yks-kocluk,17,Temsilci A,WhatsApp,1,1,0,0
L02309,2026-08-16,Meta Ads,/lgs-paket,5,Temsilci A,WhatsApp,1,1,0,0
L02310,2026-08-26,Meta Ads,/yks-kocluk,11,Temsilci D,Çağrı merkezi,1,1,0,0
L02311,2026-08-02,Meta Ads,/ucretsiz-deneme-dersi,280,Temsilci E,Çağrı merkezi,1,1,0,0
L02312,2026-08-19,Meta Ads,/yks-kocluk,15,Temsilci B,WhatsApp,0,0,0,0
L02313,2026-08-30,Meta Ads,/yks-kocluk,9,Temsilci D,Çağrı merkezi,1,1,1,4030
L02314,2026-08-03,Meta Ads,/yks-kocluk,52,Temsilci F,Çağrı merkezi,0,0,0,0
L02315,2026-08-15,Meta Ads,/yks-kocluk,3,Temsilci D,Çağrı merkezi,1,0,0,0
L02316,2026-08-18,Meta Ads,/yks-kocluk,183,Temsilci E,Çağrı merkezi,1,0,0,0
L02317,2026-08-14,Meta Ads,/lgs-paket,6,Temsilci A,WhatsApp,1,0,0,0
L02318,2026-08-12,Meta Ads,/yks-kocluk,7,Temsilci A,WhatsApp,1,1,1,4290
L02319,2026-08-19,Meta Ads,/yks-kocluk,50,Temsilci B,WhatsApp,1,0,0,0
L02320,2026-08-01,Meta Ads,/ucretsiz-deneme-dersi,116,Temsilci D,Çağrı merkezi,0,0,0,0
L02321,2026-08-10,Meta Ads,/ucretsiz-deneme-dersi,7,Temsilci D,Çağrı merkezi,1,0,0,0
L02322,2026-08-20,Meta Ads,/yks-kocluk,146,Temsilci F,Çağrı merkezi,0,0,0,0
L02323,2026-08-05,Meta Ads,/lgs-paket,35,Temsilci C,WhatsApp,1,0,0,0
L02324,2026-08-13,Meta Ads,/blog/*,16,Temsilci B,WhatsApp,1,0,0,0
L02325,2026-08-05,Meta Ads,/yks-kocluk,15,Temsilci D,Çağrı merkezi,1,1,0,0
L02326,2026-08-27,Meta Ads,/ucretsiz-deneme-dersi,100,Temsilci B,WhatsApp,1,0,0,0
L02327,2026-08-24,Meta Ads,/lgs-paket,7,Temsilci D,Çağrı merkezi,1,0,0,0
L02328,2026-08-05,Meta Ads,/ucretsiz-deneme-dersi,10,Temsilci B,WhatsApp,1,0,0,0
L02329,2026-08-28,Meta Ads,/ucretsiz-deneme-dersi,25,Temsilci E,Çağrı merkezi,1,0,0,0
L02330,2026-08-26,Meta Ads,/lgs-paket,88,Temsilci F,Çağrı merkezi,1,0,0,0
L02331,2026-08-18,Meta Ads,/ucretsiz-deneme-dersi,329,Temsilci C,WhatsApp,0,0,0,0
L02332,2026-08-28,Meta Ads,/ucretsiz-deneme-dersi,1,Temsilci A,WhatsApp,1,0,0,0
L02333,2026-08-22,Meta Ads,/lgs-paket,109,Temsilci E,Çağrı merkezi,0,0,0,0
L02334,2026-08-01,Meta Ads,/ucretsiz-deneme-dersi,35,Temsilci D,Çağrı merkezi,1,0,0,0
L02335,2026-08-22,Meta Ads,/ucretsiz-deneme-dersi,126,Temsilci B,WhatsApp,0,0,0,0
L02336,2026-08-26,Meta Ads,/yks-kocluk,5,Temsilci D,Çağrı merkezi,1,0,0,0
L02337,2026-08-25,Meta Ads,/blog/*,132,Temsilci C,WhatsApp,0,0,0,0
L02338,2026-08-17,Meta Ads,/ucretsiz-deneme-dersi,7,Temsilci A,WhatsApp,0,0,0,0
L02339,2026-08-03,Meta Ads,/yks-kocluk,2,Temsilci A,WhatsApp,1,0,0,0
L02340,2026-08-12,Meta Ads,/yks-kocluk,111,Temsilci B,WhatsApp,1,1,0,0
L02341,2026-08-11,Meta Ads,/ucretsiz-deneme-dersi,8,Temsilci D,Çağrı merkezi,1,1,1,4770
L02342,2026-08-29,Meta Ads,/fiyatlar,66,Temsilci B,WhatsApp,1,0,0,0
L02343,2026-08-06,Meta Ads,/ucretsiz-deneme-dersi,152,Temsilci F,Çağrı merkezi,0,0,0,0
L02344,2026-08-23,Meta Ads,/fiyatlar,458,Temsilci B,WhatsApp,0,0,0,0
L02345,2026-08-05,Meta Ads,/fiyatlar,8,Temsilci A,WhatsApp,1,1,0,0
L02346,2026-08-06,Meta Ads,/ucretsiz-deneme-dersi,64,Temsilci E,Çağrı merkezi,0,0,0,0
L02347,2026-08-30,Meta Ads,/lgs-paket,39,Temsilci E,Çağrı merkezi,0,0,0,0
L02348,2026-08-16,Meta Ads,/blog/*,81,Temsilci E,Çağrı merkezi,1,1,0,0
L02349,2026-08-06,Meta Ads,/yks-kocluk,158,Temsilci C,WhatsApp,0,0,0,0
L02350,2026-08-04,Meta Ads,/blog/*,53,Temsilci F,Çağrı merkezi,1,1,0,0
L02351,2026-08-26,Meta Ads,/yks-kocluk,226,Temsilci E,Çağrı merkezi,1,0,0,0
L02352,2026-08-19,Meta Ads,/lgs-paket,16,Temsilci B,WhatsApp,1,0,0,0
L02353,2026-08-17,Meta Ads,/fiyatlar,4,Temsilci A,WhatsApp,1,1,1,4070
L02354,2026-08-15,Meta Ads,/blog/*,20,Temsilci C,WhatsApp,1,0,0,0
L02355,2026-08-15,Meta Ads,/ucretsiz-deneme-dersi,393,Temsilci C,WhatsApp,1,0,0,0
L02356,2026-08-20,Meta Ads,/yks-kocluk,1,Temsilci E,Çağrı merkezi,1,0,0,0
L02357,2026-08-13,Meta Ads,/lgs-paket,267,Temsilci F,Çağrı merkezi,0,0,0,0
L02358,2026-08-11,Meta Ads,/lgs-paket,106,Temsilci E,Çağrı merkezi,0,0,0,0
L02359,2026-08-14,Meta Ads,/ucretsiz-deneme-dersi,100,Temsilci B,WhatsApp,0,0,0,0
L02360,2026-08-18,Meta Ads,/yks-kocluk,43,Temsilci C,WhatsApp,0,0,0,0
L02361,2026-08-30,Meta Ads,/ucretsiz-deneme-dersi,2054,Temsilci F,Çağrı merkezi,0,0,0,0
L02362,2026-08-29,Meta Ads,/yks-kocluk,201,Temsilci B,WhatsApp,1,1,0,0
L02363,2026-08-05,Meta Ads,/ucretsiz-deneme-dersi,53,Temsilci B,WhatsApp,0,0,0,0
L02364,2026-08-01,Meta Ads,/ucretsiz-deneme-dersi,1382,Temsilci F,Çağrı merkezi,0,0,0,0
L02365,2026-08-20,Meta Ads,/yks-kocluk,54,Temsilci E,Çağrı merkezi,0,0,0,0
L02366,2026-08-15,Meta Ads,/ucretsiz-deneme-dersi,756,Temsilci C,WhatsApp,1,1,0,0
L02367,2026-08-07,Meta Ads,/fiyatlar,1,Temsilci A,WhatsApp,1,1,0,0
L02368,2026-08-22,Meta Ads,/yks-kocluk,27,Temsilci A,WhatsApp,1,0,0,0
L02369,2026-08-07,Meta Ads,/lgs-paket,43,Temsilci B,WhatsApp,1,0,0,0
L02370,2026-08-16,Meta Ads,/yks-kocluk,753,Temsilci F,Çağrı merkezi,0,0,0,0
L02371,2026-08-15,Meta Ads,/yks-kocluk,2,Temsilci A,WhatsApp,0,0,0,0
L02372,2026-08-09,Meta Ads,/yks-kocluk,165,Temsilci E,Çağrı merkezi,1,1,0,0
L02373,2026-08-07,Meta Ads,/yks-kocluk,198,Temsilci C,WhatsApp,1,1,0,0
L02374,2026-08-10,Meta Ads,/ucretsiz-deneme-dersi,56,Temsilci E,Çağrı merkezi,1,1,0,0
L02375,2026-08-08,Meta Ads,/lgs-paket,1858,Temsilci F,Çağrı merkezi,0,0,0,0
L02376,2026-08-10,Meta Ads,/ucretsiz-deneme-dersi,1,Temsilci A,WhatsApp,1,0,0,0
L02377,2026-08-02,Meta Ads,/ucretsiz-deneme-dersi,3,Temsilci D,Çağrı merkezi,1,0,0,0
L02378,2026-08-01,Meta Ads,/blog/*,78,Temsilci F,Çağrı merkezi,1,0,0,0
L02379,2026-08-12,Meta Ads,/ucretsiz-deneme-dersi,62,Temsilci E,Çağrı merkezi,1,1,0,0
L02380,2026-08-15,Meta Ads,/lgs-paket,19,Temsilci D,Çağrı merkezi,1,0,0,0
L02381,2026-08-18,Meta Ads,/blog/*,9,Temsilci B,WhatsApp,1,0,0,0
L02382,2026-08-14,Meta Ads,/lgs-paket,5,Temsilci D,Çağrı merkezi,1,0,0,0
L02383,2026-08-13,Meta Ads,/lgs-paket,7,Temsilci D,Çağrı merkezi,1,0,0,0
L02384,2026-08-14,Meta Ads,/blog/*,54,Temsilci B,WhatsApp,1,0,0,0
L02385,2026-08-05,Meta Ads,/lgs-paket,3,Temsilci A,WhatsApp,1,0,0,0
L02386,2026-08-05,Meta Ads,/ucretsiz-deneme-dersi,9,Temsilci B,WhatsApp,1,0,0,0
L02387,2026-08-09,Meta Ads,/yks-kocluk,14,Temsilci A,WhatsApp,1,0,0,0
L02388,2026-08-28,Meta Ads,/lgs-paket,7,Temsilci B,WhatsApp,1,0,0,0
L02389,2026-08-14,Meta Ads,/blog/*,23,Temsilci B,WhatsApp,1,1,1,5850
L02390,2026-08-23,Meta Ads,/lgs-paket,75,Temsilci C,WhatsApp,1,0,0,0
L02391,2026-08-07,Meta Ads,/lgs-paket,19,Temsilci A,WhatsApp,1,1,0,0
L02392,2026-08-20,Meta Ads,/lgs-paket,5,Temsilci A,WhatsApp,1,1,0,0
L02393,2026-08-23,Meta Ads,/fiyatlar,408,Temsilci C,WhatsApp,1,1,0,0
L02394,2026-08-08,Meta Ads,/yks-kocluk,571,Temsilci C,WhatsApp,0,0,0,0
L02395,2026-08-29,Meta Ads,/yks-kocluk,65,Temsilci D,Çağrı merkezi,1,0,0,0
L02396,2026-08-11,Meta Ads,/ucretsiz-deneme-dersi,118,Temsilci B,WhatsApp,0,0,0,0
L02397,2026-08-19,Meta Ads,/blog/*,43,Temsilci B,WhatsApp,1,0,0,0
L02398,2026-08-08,Meta Ads,/lgs-paket,93,Temsilci D,Çağrı merkezi,1,0,0,0
L02399,2026-08-13,Meta Ads,/ucretsiz-deneme-dersi,21,Temsilci E,Çağrı merkezi,1,0,0,0
L02400,2026-08-29,Meta Ads,/fiyatlar,260,Temsilci F,Çağrı merkezi,1,0,0,0
L02401,2026-08-26,Meta Ads,/ucretsiz-deneme-dersi,37,Temsilci F,Çağrı merkezi,0,0,0,0
L02402,2026-08-02,Meta Ads,/lgs-paket,123,Temsilci B,WhatsApp,1,0,0,0
L02403,2026-08-16,Meta Ads,/ucretsiz-deneme-dersi,1538,Temsilci C,WhatsApp,0,0,0,0
L02404,2026-08-11,Meta Ads,/ucretsiz-deneme-dersi,12,Temsilci E,Çağrı merkezi,0,0,0,0
L02405,2026-08-07,Meta Ads,/blog/*,51,Temsilci E,Çağrı merkezi,1,1,0,0
L02406,2026-08-17,Meta Ads,/ucretsiz-deneme-dersi,40,Temsilci C,WhatsApp,1,0,0,0
L02407,2026-08-28,Meta Ads,/yks-kocluk,32,Temsilci C,WhatsApp,1,1,0,0
L02408,2026-08-14,Meta Ads,/yks-kocluk,18,Temsilci D,Çağrı merkezi,0,0,0,0
L02409,2026-08-15,Meta Ads,/ucretsiz-deneme-dersi,33,Temsilci E,Çağrı merkezi,1,1,0,0
L02410,2026-08-15,Meta Ads,/yks-kocluk,784,Temsilci F,Çağrı merkezi,1,0,0,0
L02411,2026-08-11,Meta Ads,/blog/*,1,Temsilci A,WhatsApp,1,0,0,0
L02412,2026-08-05,Meta Ads,/yks-kocluk,113,Temsilci F,Çağrı merkezi,1,0,0,0
L02413,2026-08-11,Meta Ads,/lgs-paket,133,Temsilci C,WhatsApp,0,0,0,0
L02414,2026-08-21,Meta Ads,/yks-kocluk,78,Temsilci E,Çağrı merkezi,1,0,0,0
L02415,2026-08-24,Meta Ads,/ucretsiz-deneme-dersi,24,Temsilci B,WhatsApp,0,0,0,0
L02416,2026-08-05,Meta Ads,/yks-kocluk,10,Temsilci E,Çağrı merkezi,1,1,0,0
L02417,2026-08-12,Meta Ads,/yks-kocluk,5,Temsilci D,Çağrı merkezi,1,1,1,4370
L02418,2026-08-26,Meta Ads,/lgs-paket,28,Temsilci B,WhatsApp,1,1,1,5330
L02419,2026-08-28,Meta Ads,/yks-kocluk,2,Temsilci B,WhatsApp,1,1,0,0
L02420,2026-08-23,Meta Ads,/yks-kocluk,1,Temsilci A,WhatsApp,1,0,0,0
L02421,2026-08-28,Meta Ads,/yks-kocluk,55,Temsilci C,WhatsApp,0,0,0,0
L02422,2026-08-22,Meta Ads,/lgs-paket,279,Temsilci E,Çağrı merkezi,1,0,0,0
L02423,2026-08-23,Meta Ads,/lgs-paket,1,Temsilci A,WhatsApp,1,1,0,0
L02424,2026-08-01,Meta Ads,/lgs-paket,18,Temsilci A,WhatsApp,1,0,0,0
L02425,2026-08-06,Meta Ads,/lgs-paket,27,Temsilci B,WhatsApp,0,0,0,0
L02426,2026-08-24,Meta Ads,/ucretsiz-deneme-dersi,114,Temsilci C,WhatsApp,1,1,0,0
L02427,2026-08-20,Meta Ads,/yks-kocluk,14,Temsilci B,WhatsApp,1,1,0,0
L02428,2026-08-01,Meta Ads,/lgs-paket,936,Temsilci F,Çağrı merkezi,0,0,0,0
L02429,2026-08-07,Meta Ads,/yks-kocluk,3,Temsilci A,WhatsApp,1,0,0,0
L02430,2026-08-07,Meta Ads,/yks-kocluk,73,Temsilci E,Çağrı merkezi,1,0,0,0
L02431,2026-08-07,Meta Ads,/fiyatlar,63,Temsilci C,WhatsApp,1,0,0,0
L02432,2026-08-19,Meta Ads,/fiyatlar,34,Temsilci C,WhatsApp,1,1,0,0
L02433,2026-08-28,Meta Ads,/yks-kocluk,35,Temsilci D,Çağrı merkezi,1,1,0,0
L02434,2026-08-20,Meta Ads,/ucretsiz-deneme-dersi,8,Temsilci D,Çağrı merkezi,1,0,0,0
L02435,2026-08-22,Meta Ads,/fiyatlar,10,Temsilci B,WhatsApp,1,1,1,3360
L02436,2026-08-01,Meta Ads,/blog/*,8,Temsilci A,WhatsApp,1,0,0,0
L02437,2026-08-06,Meta Ads,/yks-kocluk,34,Temsilci C,WhatsApp,1,0,0,0
L02438,2026-08-29,Meta Ads,/lgs-paket,265,Temsilci C,WhatsApp,1,0,0,0
L02439,2026-08-29,Meta Ads,/yks-kocluk,37,Temsilci B,WhatsApp,0,0,0,0
L02440,2026-08-29,Meta Ads,/blog/*,16,Temsilci B,WhatsApp,1,0,0,0
L02441,2026-08-26,Meta Ads,/yks-kocluk,2,Temsilci D,Çağrı merkezi,1,0,0,0
L02442,2026-08-15,Meta Ads,/fiyatlar,229,Temsilci E,Çağrı merkezi,1,1,0,0
L02443,2026-08-03,Meta Ads,/ucretsiz-deneme-dersi,8,Temsilci B,WhatsApp,1,1,1,4410
L02444,2026-08-15,Meta Ads,/lgs-paket,18,Temsilci A,WhatsApp,1,1,0,0
L02445,2026-08-09,Meta Ads,/ucretsiz-deneme-dersi,548,Temsilci F,Çağrı merkezi,0,0,0,0
L02446,2026-08-01,Meta Ads,/ucretsiz-deneme-dersi,33,Temsilci B,WhatsApp,1,1,0,0
L02447,2026-08-28,Meta Ads,/ucretsiz-deneme-dersi,10,Temsilci D,Çağrı merkezi,1,0,0,0
L02448,2026-08-23,Meta Ads,/fiyatlar,7,Temsilci A,WhatsApp,1,1,0,0
L02449,2026-08-18,Meta Ads,/yks-kocluk,557,Temsilci F,Çağrı merkezi,0,0,0,0
L02450,2026-08-18,Meta Ads,/yks-kocluk,245,Temsilci F,Çağrı merkezi,1,0,0,0
L02451,2026-08-12,Meta Ads,/lgs-paket,204,Temsilci C,WhatsApp,1,0,0,0
L02452,2026-08-29,Meta Ads,/lgs-paket,101,Temsilci E,Çağrı merkezi,0,0,0,0
L02453,2026-08-03,Meta Ads,/ucretsiz-deneme-dersi,14,Temsilci B,WhatsApp,1,0,0,0
L02454,2026-08-25,Meta Ads,/lgs-paket,43,Temsilci F,Çağrı merkezi,1,0,0,0
L02455,2026-08-28,Meta Ads,/blog/*,32,Temsilci B,WhatsApp,1,0,0,0
L02456,2026-08-06,Meta Ads,/fiyatlar,8,Temsilci E,Çağrı merkezi,0,0,0,0
L02457,2026-08-07,Meta Ads,/fiyatlar,1,Temsilci D,Çağrı merkezi,1,1,0,0
L02458,2026-08-02,Meta Ads,/lgs-paket,1,Temsilci E,Çağrı merkezi,0,0,0,0
L02459,2026-08-22,Meta Ads,/blog/*,216,Temsilci F,Çağrı merkezi,0,0,0,0
L02460,2026-08-11,Meta Ads,/lgs-paket,184,Temsilci C,WhatsApp,0,0,0,0
L02461,2026-08-18,Meta Ads,/blog/*,59,Temsilci E,Çağrı merkezi,1,0,0,0
L02462,2026-08-24,Meta Ads,/lgs-paket,2,Temsilci A,WhatsApp,1,1,0,0
L02463,2026-08-25,Meta Ads,/yks-kocluk,13,Temsilci A,WhatsApp,0,0,0,0
L02464,2026-08-26,Meta Ads,/yks-kocluk,87,Temsilci B,WhatsApp,0,0,0,0
L02465,2026-08-10,Meta Ads,/yks-kocluk,4,Temsilci D,Çağrı merkezi,1,0,0,0
L02466,2026-08-27,Meta Ads,/yks-kocluk,1,Temsilci A,WhatsApp,1,1,0,0
L02467,2026-08-03,Meta Ads,/yks-kocluk,36,Temsilci D,Çağrı merkezi,1,1,0,0
L02468,2026-08-23,Meta Ads,/ucretsiz-deneme-dersi,240,Temsilci C,WhatsApp,1,0,0,0
L02469,2026-08-19,Meta Ads,/fiyatlar,229,Temsilci F,Çağrı merkezi,1,0,0,0
L02470,2026-08-02,Meta Ads,/lgs-paket,15,Temsilci C,WhatsApp,1,0,0,0
L02471,2026-08-13,Meta Ads,/ucretsiz-deneme-dersi,3,Temsilci A,WhatsApp,1,0,0,0
L02472,2026-08-22,Meta Ads,/lgs-paket,10,Temsilci A,WhatsApp,0,0,0,0
L02473,2026-08-25,Meta Ads,/fiyatlar,3,Temsilci D,Çağrı merkezi,1,1,0,0
L02474,2026-08-21,Meta Ads,/blog/*,6,Temsilci D,Çağrı merkezi,1,0,0,0
L02475,2026-08-16,Meta Ads,/yks-kocluk,394,Temsilci C,WhatsApp,0,0,0,0
L02476,2026-08-15,Meta Ads,/yks-kocluk,4,Temsilci D,Çağrı merkezi,1,0,0,0
L02477,2026-08-22,Meta Ads,/ucretsiz-deneme-dersi,113,Temsilci E,Çağrı merkezi,1,0,0,0
L02478,2026-08-23,Meta Ads,/ucretsiz-deneme-dersi,204,Temsilci E,Çağrı merkezi,1,0,0,0
L02479,2026-08-23,Meta Ads,/lgs-paket,285,Temsilci B,WhatsApp,1,1,0,0
L02480,2026-08-11,Meta Ads,/lgs-paket,40,Temsilci F,Çağrı merkezi,0,0,0,0
L02481,2026-08-07,Meta Ads,/lgs-paket,1,Temsilci B,WhatsApp,1,0,0,0
L02482,2026-08-29,Meta Ads,/yks-kocluk,2,Temsilci D,Çağrı merkezi,1,1,0,0
L02483,2026-08-28,Meta Ads,/lgs-paket,141,Temsilci F,Çağrı merkezi,0,0,0,0
L02484,2026-08-30,Meta Ads,/yks-kocluk,18,Temsilci B,WhatsApp,1,0,0,0
L02485,2026-08-19,Meta Ads,/yks-kocluk,5,Temsilci D,Çağrı merkezi,1,1,0,0
L02486,2026-08-23,Meta Ads,/lgs-paket,22,Temsilci E,Çağrı merkezi,1,1,0,0
L02487,2026-08-14,Meta Ads,/yks-kocluk,2,Temsilci A,WhatsApp,0,0,0,0
L02488,2026-08-12,Meta Ads,/lgs-paket,138,Temsilci E,Çağrı merkezi,0,0,0,0
L02489,2026-08-29,Meta Ads,/yks-kocluk,4,Temsilci A,WhatsApp,1,0,0,0
L02490,2026-08-15,Meta Ads,/ucretsiz-deneme-dersi,90,Temsilci E,Çağrı merkezi,1,1,0,0
L02491,2026-08-06,Meta Ads,/ucretsiz-deneme-dersi,5,Temsilci A,WhatsApp,1,1,1,5160
L02492,2026-08-01,Meta Ads,/lgs-paket,299,Temsilci E,Çağrı merkezi,1,0,0,0
L02493,2026-08-19,Meta Ads,/lgs-paket,297,Temsilci C,WhatsApp,1,0,0,0
L02494,2026-08-28,Meta Ads,/lgs-paket,7,Temsilci B,WhatsApp,1,0,0,0
L02495,2026-08-04,Meta Ads,/yks-kocluk,55,Temsilci E,Çağrı merkezi,1,0,0,0
L02496,2026-08-05,Meta Ads,/ucretsiz-deneme-dersi,9,Temsilci E,Çağrı merkezi,1,0,0,0
L02497,2026-08-03,Meta Ads,/ucretsiz-deneme-dersi,35,Temsilci B,WhatsApp,1,0,0,0
L02498,2026-08-08,Meta Ads,/fiyatlar,3,Temsilci D,Çağrı merkezi,1,0,0,0
L02499,2026-08-25,Meta Ads,/lgs-paket,39,Temsilci B,WhatsApp,0,0,0,0
L02500,2026-08-13,Meta Ads,/lgs-paket,48,Temsilci B,WhatsApp,1,0,0,0
L02501,2026-08-26,Meta Ads,/lgs-paket,12,Temsilci D,Çağrı merkezi,1,1,0,0
L02502,2026-08-10,Meta Ads,/lgs-paket,3,Temsilci A,WhatsApp,1,1,1,5680
L02503,2026-08-05,Meta Ads,/ucretsiz-deneme-dersi,3,Temsilci A,WhatsApp,1,0,0,0
L02504,2026-08-26,Meta Ads,/blog/*,51,Temsilci C,WhatsApp,1,1,0,0
L02505,2026-08-16,Meta Ads,/lgs-paket,59,Temsilci D,Çağrı merkezi,0,0,0,0
L02506,2026-08-19,Meta Ads,/ucretsiz-deneme-dersi,223,Temsilci F,Çağrı merkezi,0,0,0,0
L02507,2026-08-19,Meta Ads,/yks-kocluk,13,Temsilci C,WhatsApp,1,1,0,0
L02508,2026-08-21,Meta Ads,/yks-kocluk,75,Temsilci F,Çağrı merkezi,1,1,0,0
L02509,2026-08-11,Meta Ads,/blog/*,333,Temsilci C,WhatsApp,0,0,0,0
L02510,2026-08-12,Meta Ads,/blog/*,61,Temsilci B,WhatsApp,1,0,0,0
L02511,2026-08-09,Meta Ads,/ucretsiz-deneme-dersi,904,Temsilci F,Çağrı merkezi,0,0,0,0
L02512,2026-08-29,Meta Ads,/ucretsiz-deneme-dersi,294,Temsilci F,Çağrı merkezi,0,0,0,0
L02513,2026-08-12,Meta Ads,/ucretsiz-deneme-dersi,21,Temsilci E,Çağrı merkezi,0,0,0,0
L02514,2026-08-19,Meta Ads,/lgs-paket,8,Temsilci A,WhatsApp,0,0,0,0
L02515,2026-08-21,Meta Ads,/yks-kocluk,86,Temsilci E,Çağrı merkezi,0,0,0,0
L02516,2026-08-06,Meta Ads,/fiyatlar,6,Temsilci D,Çağrı merkezi,1,0,0,0
L02517,2026-08-30,Meta Ads,/ucretsiz-deneme-dersi,80,Temsilci E,Çağrı merkezi,1,1,1,4260
L02518,2026-08-18,Meta Ads,/blog/*,1,Temsilci A,WhatsApp,1,1,0,0
L02519,2026-08-30,Meta Ads,/blog/*,331,Temsilci E,Çağrı merkezi,0,0,0,0
L02520,2026-08-14,Meta Ads,/yks-kocluk,24,Temsilci A,WhatsApp,1,0,0,0
L02521,2026-08-04,Meta Ads,/lgs-paket,5,Temsilci D,Çağrı merkezi,1,1,0,0
L02522,2026-08-02,Meta Ads,/yks-kocluk,7,Temsilci A,WhatsApp,1,1,0,0
L02523,2026-08-30,Meta Ads,/ucretsiz-deneme-dersi,10,Temsilci D,Çağrı merkezi,0,0,0,0
L02524,2026-08-19,Meta Ads,/yks-kocluk,2,Temsilci A,WhatsApp,1,1,0,0
L02525,2026-08-08,Meta Ads,/yks-kocluk,163,Temsilci E,Çağrı merkezi,1,0,0,0
L02526,2026-08-27,Meta Ads,/yks-kocluk,5,Temsilci A,WhatsApp,1,1,0,0
L02527,2026-08-27,Meta Ads,/lgs-paket,53,Temsilci E,Çağrı merkezi,0,0,0,0
L02528,2026-08-03,Meta Ads,/ucretsiz-deneme-dersi,212,Temsilci E,Çağrı merkezi,1,0,0,0
L02529,2026-08-04,Meta Ads,/yks-kocluk,3,Temsilci D,Çağrı merkezi,1,1,1,3830
L02530,2026-08-04,Meta Ads,/yks-kocluk,89,Temsilci F,Çağrı merkezi,1,0,0,0
L02531,2026-08-13,Meta Ads,/lgs-paket,4,Temsilci B,WhatsApp,1,0,0,0
L02532,2026-08-15,Meta Ads,/yks-kocluk,80,Temsilci D,Çağrı merkezi,0,0,0,0
L02533,2026-08-01,Meta Ads,/lgs-paket,112,Temsilci C,WhatsApp,0,0,0,0
L02534,2026-08-14,Meta Ads,/ucretsiz-deneme-dersi,23,Temsilci E,Çağrı merkezi,1,0,0,0
L02535,2026-08-13,Meta Ads,/fiyatlar,13,Temsilci E,Çağrı merkezi,1,1,0,0
L02536,2026-08-22,Meta Ads,/lgs-paket,10,Temsilci D,Çağrı merkezi,1,1,0,0
L02537,2026-08-10,Meta Ads,/fiyatlar,11,Temsilci D,Çağrı merkezi,1,1,0,0
L02538,2026-08-08,Meta Ads,/ucretsiz-deneme-dersi,13,Temsilci A,WhatsApp,0,0,0,0
L02539,2026-08-13,Meta Ads,/ucretsiz-deneme-dersi,67,Temsilci C,WhatsApp,1,0,0,0
L02540,2026-08-30,Meta Ads,/lgs-paket,12,Temsilci D,Çağrı merkezi,1,1,0,0
L02541,2026-08-16,Meta Ads,/yks-kocluk,235,Temsilci B,WhatsApp,0,0,0,0
L02542,2026-08-20,Meta Ads,/lgs-paket,65,Temsilci B,WhatsApp,0,0,0,0
L02543,2026-08-12,Meta Ads,/yks-kocluk,3,Temsilci B,WhatsApp,0,0,0,0
L02544,2026-08-03,Meta Ads,/ucretsiz-deneme-dersi,3,Temsilci E,Çağrı merkezi,1,0,0,0
L02545,2026-08-15,Meta Ads,/yks-kocluk,240,Temsilci B,WhatsApp,1,0,0,0
L02546,2026-08-08,Meta Ads,/lgs-paket,90,Temsilci B,WhatsApp,1,1,1,5030
L02547,2026-08-26,Meta Ads,/fiyatlar,46,Temsilci F,Çağrı merkezi,1,0,0,0
L02548,2026-08-29,Meta Ads,/yks-kocluk,35,Temsilci A,WhatsApp,1,0,0,0
L02549,2026-08-03,Meta Ads,/ucretsiz-deneme-dersi,238,Temsilci C,WhatsApp,1,1,0,0
L02550,2026-08-25,Meta Ads,/lgs-paket,6,Temsilci B,WhatsApp,0,0,0,0
L02551,2026-08-08,Meta Ads,/ucretsiz-deneme-dersi,948,Temsilci C,WhatsApp,0,0,0,0
L02552,2026-08-17,Meta Ads,/fiyatlar,39,Temsilci E,Çağrı merkezi,1,1,1,3650
L02553,2026-08-05,Meta Ads,/yks-kocluk,99,Temsilci E,Çağrı merkezi,1,1,0,0
L02554,2026-08-06,Meta Ads,/ucretsiz-deneme-dersi,68,Temsilci F,Çağrı merkezi,1,0,0,0
L02555,2026-08-03,Meta Ads,/blog/*,1,Temsilci B,WhatsApp,1,0,0,0
L02556,2026-08-22,Meta Ads,/ucretsiz-deneme-dersi,150,Temsilci E,Çağrı merkezi,1,0,0,0
L02557,2026-08-21,Meta Ads,/blog/*,216,Temsilci C,WhatsApp,0,0,0,0
L02558,2026-08-27,Meta Ads,/ucretsiz-deneme-dersi,104,Temsilci C,WhatsApp,1,0,0,0
L02559,2026-08-16,Meta Ads,/yks-kocluk,5,Temsilci A,WhatsApp,1,1,0,0
L02560,2026-08-20,Meta Ads,/fiyatlar,6,Temsilci D,Çağrı merkezi,1,1,1,3260
L02561,2026-08-14,Meta Ads,/ucretsiz-deneme-dersi,21,Temsilci B,WhatsApp,1,0,0,0
L02562,2026-08-05,Meta Ads,/ucretsiz-deneme-dersi,71,Temsilci C,WhatsApp,1,0,0,0
L02563,2026-08-29,Meta Ads,/lgs-paket,21,Temsilci D,Çağrı merkezi,1,1,1,3580
L02564,2026-08-02,Meta Ads,/yks-kocluk,278,Temsilci B,WhatsApp,0,0,0,0
L02565,2026-08-10,Meta Ads,/lgs-paket,88,Temsilci C,WhatsApp,1,0,0,0
L02566,2026-08-14,Meta Ads,/yks-kocluk,61,Temsilci C,WhatsApp,1,0,0,0
L02567,2026-08-30,Meta Ads,/blog/*,3,Temsilci D,Çağrı merkezi,1,1,0,0
L02568,2026-08-01,Meta Ads,/blog/*,167,Temsilci B,WhatsApp,0,0,0,0
L02569,2026-08-02,Meta Ads,/yks-kocluk,122,Temsilci B,WhatsApp,1,0,0,0
L02570,2026-08-11,Meta Ads,/ucretsiz-deneme-dersi,5,Temsilci D,Çağrı merkezi,1,1,0,0
L02571,2026-08-19,Meta Ads,/yks-kocluk,17,Temsilci D,Çağrı merkezi,1,0,0,0
L02572,2026-08-22,Meta Ads,/ucretsiz-deneme-dersi,1161,Temsilci F,Çağrı merkezi,1,0,0,0
L02573,2026-08-05,Meta Ads,/blog/*,5,Temsilci D,Çağrı merkezi,1,0,0,0
L02574,2026-08-21,Meta Ads,/yks-kocluk,50,Temsilci B,WhatsApp,1,0,0,0
L02575,2026-08-09,Meta Ads,/lgs-paket,1,Temsilci A,WhatsApp,1,1,0,0
L02576,2026-08-07,Meta Ads,/lgs-paket,19,Temsilci B,WhatsApp,1,0,0,0
L02577,2026-08-07,Meta Ads,/yks-kocluk,1,Temsilci A,WhatsApp,1,0,0,0
L02578,2026-08-26,Meta Ads,/yks-kocluk,30,Temsilci D,Çağrı merkezi,1,0,0,0
L02579,2026-08-04,Meta Ads,/yks-kocluk,20,Temsilci D,Çağrı merkezi,1,0,0,0
L02580,2026-08-12,Meta Ads,/fiyatlar,120,Temsilci C,WhatsApp,1,0,0,0
L02581,2026-08-24,Meta Ads,/yks-kocluk,95,Temsilci F,Çağrı merkezi,1,0,0,0
L02582,2026-08-23,Meta Ads,/ucretsiz-deneme-dersi,275,Temsilci F,Çağrı merkezi,0,0,0,0
L02583,2026-08-29,Meta Ads,/yks-kocluk,12,Temsilci A,WhatsApp,1,0,0,0
L02584,2026-08-10,Meta Ads,/lgs-paket,1139,Temsilci F,Çağrı merkezi,1,0,0,0
L02585,2026-08-26,Meta Ads,/fiyatlar,10,Temsilci A,WhatsApp,1,0,0,0
L02586,2026-08-08,Meta Ads,/fiyatlar,76,Temsilci B,WhatsApp,1,1,0,0
L02587,2026-08-12,Meta Ads,/lgs-paket,7,Temsilci D,Çağrı merkezi,1,1,1,4550
L02588,2026-08-30,Meta Ads,/ucretsiz-deneme-dersi,1277,Temsilci C,WhatsApp,1,1,0,0
L02589,2026-08-14,Meta Ads,/lgs-paket,2,Temsilci A,WhatsApp,1,1,0,0
L02590,2026-08-16,Meta Ads,/blog/*,37,Temsilci D,Çağrı merkezi,1,0,0,0
L02591,2026-08-10,Meta Ads,/yks-kocluk,14,Temsilci B,WhatsApp,1,0,0,0
L02592,2026-08-28,Meta Ads,/yks-kocluk,1,Temsilci A,WhatsApp,1,1,0,0
L02593,2026-08-29,Meta Ads,/yks-kocluk,877,Temsilci F,Çağrı merkezi,0,0,0,0
L02594,2026-08-01,Meta Ads,/lgs-paket,3,Temsilci A,WhatsApp,0,0,0,0
L02595,2026-08-12,Meta Ads,/ucretsiz-deneme-dersi,106,Temsilci F,Çağrı merkezi,1,1,0,0
L02596,2026-08-11,Meta Ads,/yks-kocluk,5,Temsilci E,Çağrı merkezi,1,1,0,0
L02597,2026-08-26,Meta Ads,/yks-kocluk,21,Temsilci D,Çağrı merkezi,1,1,0,0
L02598,2026-08-27,Meta Ads,/lgs-paket,18,Temsilci E,Çağrı merkezi,1,0,0,0
L02599,2026-08-09,Meta Ads,/yks-kocluk,608,Temsilci F,Çağrı merkezi,1,1,0,0
L02600,2026-08-13,Meta Ads,/fiyatlar,43,Temsilci F,Çağrı merkezi,1,0,0,0
L02601,2026-08-17,Meta Ads,/yks-kocluk,294,Temsilci F,Çağrı merkezi,1,0,0,0
L02602,2026-08-08,Meta Ads,/ucretsiz-deneme-dersi,538,Temsilci C,WhatsApp,1,0,0,0
L02603,2026-08-23,Meta Ads,/yks-kocluk,1,Temsilci A,WhatsApp,1,1,0,0
L02604,2026-08-05,Meta Ads,/yks-kocluk,2,Temsilci A,WhatsApp,1,1,1,4550
L02605,2026-08-14,Meta Ads,/yks-kocluk,265,Temsilci F,Çağrı merkezi,0,0,0,0
L02606,2026-08-24,Meta Ads,/ucretsiz-deneme-dersi,57,Temsilci F,Çağrı merkezi,1,1,0,0
L02607,2026-08-07,Meta Ads,/lgs-paket,1,Temsilci A,WhatsApp,1,1,1,4590
L02608,2026-08-22,Meta Ads,/blog/*,1667,Temsilci F,Çağrı merkezi,0,0,0,0
L02609,2026-08-27,Meta Ads,/yks-kocluk,132,Temsilci F,Çağrı merkezi,1,0,0,0
L02610,2026-08-19,Meta Ads,/fiyatlar,1,Temsilci B,WhatsApp,1,0,0,0
L02611,2026-08-14,Meta Ads,/yks-kocluk,22,Temsilci C,WhatsApp,0,0,0,0
L02612,2026-08-08,Meta Ads,/lgs-paket,132,Temsilci D,Çağrı merkezi,0,0,0,0
L02613,2026-08-24,Meta Ads,/yks-kocluk,9,Temsilci A,WhatsApp,1,0,0,0
L02614,2026-08-26,Meta Ads,/ucretsiz-deneme-dersi,1,Temsilci C,WhatsApp,1,0,0,0
L02615,2026-08-17,Meta Ads,/yks-kocluk,14,Temsilci B,WhatsApp,1,0,0,0
L02616,2026-08-17,Meta Ads,/yks-kocluk,26,Temsilci D,Çağrı merkezi,0,0,0,0
L02617,2026-08-20,Meta Ads,/blog/*,20,Temsilci B,WhatsApp,0,0,0,0
L02618,2026-08-26,Meta Ads,/yks-kocluk,215,Temsilci F,Çağrı merkezi,1,0,0,0
L02619,2026-08-15,Meta Ads,/yks-kocluk,9,Temsilci C,WhatsApp,1,0,0,0
L02620,2026-08-03,Meta Ads,/lgs-paket,32,Temsilci D,Çağrı merkezi,0,0,0,0
L02621,2026-08-20,Meta Ads,/ucretsiz-deneme-dersi,252,Temsilci C,WhatsApp,1,1,0,0
L02622,2026-08-28,Meta Ads,/yks-kocluk,39,Temsilci B,WhatsApp,1,1,1,3850
L02623,2026-08-08,Meta Ads,/blog/*,11,Temsilci D,Çağrı merkezi,1,1,1,5440
L02624,2026-08-18,Meta Ads,/fiyatlar,155,Temsilci E,Çağrı merkezi,1,0,0,0
L02625,2026-08-24,Meta Ads,/ucretsiz-deneme-dersi,372,Temsilci F,Çağrı merkezi,0,0,0,0
L02626,2026-08-22,Meta Ads,/yks-kocluk,46,Temsilci E,Çağrı merkezi,0,0,0,0
L02627,2026-08-10,Meta Ads,/ucretsiz-deneme-dersi,91,Temsilci B,WhatsApp,1,0,0,0
L02628,2026-08-06,Meta Ads,/lgs-paket,1,Temsilci B,WhatsApp,1,1,0,0
L02629,2026-08-16,Meta Ads,/yks-kocluk,328,Temsilci B,WhatsApp,0,0,0,0
L02630,2026-08-06,Meta Ads,/ucretsiz-deneme-dersi,71,Temsilci F,Çağrı merkezi,1,0,0,0
L02631,2026-08-24,Meta Ads,/yks-kocluk,9,Temsilci A,WhatsApp,1,0,0,0
L02632,2026-08-23,Meta Ads,/lgs-paket,2,Temsilci A,WhatsApp,1,1,0,0
L02633,2026-08-08,Meta Ads,/yks-kocluk,1645,Temsilci C,WhatsApp,1,0,0,0
L02634,2026-08-04,Meta Ads,/lgs-paket,34,Temsilci E,Çağrı merkezi,1,0,0,0
L02635,2026-08-09,Meta Ads,/ucretsiz-deneme-dersi,762,Temsilci C,WhatsApp,1,1,0,0
L02636,2026-08-09,Meta Ads,/ucretsiz-deneme-dersi,314,Temsilci E,Çağrı merkezi,0,0,0,0
L02637,2026-08-03,Meta Ads,/blog/*,6,Temsilci B,WhatsApp,1,0,0,0
L02638,2026-08-18,Meta Ads,/yks-kocluk,104,Temsilci F,Çağrı merkezi,1,1,0,0
L02639,2026-08-04,Meta Ads,/fiyatlar,3,Temsilci D,Çağrı merkezi,1,0,0,0
L02640,2026-08-25,Meta Ads,/ucretsiz-deneme-dersi,17,Temsilci F,Çağrı merkezi,0,0,0,0
L02641,2026-08-08,Meta Ads,/fiyatlar,34,Temsilci D,Çağrı merkezi,1,1,0,0
L02642,2026-08-29,Meta Ads,/yks-kocluk,9,Temsilci D,Çağrı merkezi,1,1,0,0
L02643,2026-08-12,Meta Ads,/ucretsiz-deneme-dersi,17,Temsilci D,Çağrı merkezi,1,1,0,0
L02644,2026-08-05,Meta Ads,/fiyatlar,40,Temsilci E,Çağrı merkezi,0,0,0,0
L02645,2026-08-19,Meta Ads,/yks-kocluk,10,Temsilci D,Çağrı merkezi,1,0,0,0
L02646,2026-08-04,Meta Ads,/ucretsiz-deneme-dersi,9,Temsilci A,WhatsApp,1,1,0,0
L02647,2026-08-14,Meta Ads,/yks-kocluk,1,Temsilci A,WhatsApp,1,0,0,0
L02648,2026-08-05,Meta Ads,/ucretsiz-deneme-dersi,87,Temsilci D,Çağrı merkezi,1,0,0,0
L02649,2026-08-03,Meta Ads,/blog/*,11,Temsilci C,WhatsApp,1,1,1,5930
L02650,2026-08-11,Meta Ads,/yks-kocluk,12,Temsilci A,WhatsApp,0,0,0,0
L02651,2026-08-20,Meta Ads,/ucretsiz-deneme-dersi,3,Temsilci A,WhatsApp,1,1,1,5670
L02652,2026-08-06,Meta Ads,/ucretsiz-deneme-dersi,89,Temsilci E,Çağrı merkezi,1,1,0,0
L02653,2026-08-18,Meta Ads,/ucretsiz-deneme-dersi,10,Temsilci A,WhatsApp,1,0,0,0
L02654,2026-08-23,Meta Ads,/lgs-paket,206,Temsilci E,Çağrı merkezi,1,1,0,0
L02655,2026-08-10,Meta Ads,/fiyatlar,1,Temsilci D,Çağrı merkezi,1,0,0,0
L02656,2026-08-05,Meta Ads,/yks-kocluk,1,Temsilci E,Çağrı merkezi,1,1,0,0
L02657,2026-08-13,Meta Ads,/lgs-paket,24,Temsilci C,WhatsApp,0,0,0,0
L02658,2026-08-29,Meta Ads,/ucretsiz-deneme-dersi,9,Temsilci A,WhatsApp,1,0,0,0
L02659,2026-08-23,Meta Ads,/fiyatlar,1405,Temsilci F,Çağrı merkezi,1,0,0,0
L02660,2026-08-05,Meta Ads,/yks-kocluk,171,Temsilci F,Çağrı merkezi,0,0,0,0
L02661,2026-08-01,Meta Ads,/ucretsiz-deneme-dersi,421,Temsilci C,WhatsApp,0,0,0,0
L02662,2026-08-27,Meta Ads,/yks-kocluk,15,Temsilci E,Çağrı merkezi,1,0,0,0
L02663,2026-08-13,Meta Ads,/yks-kocluk,19,Temsilci E,Çağrı merkezi,1,0,0,0
L02664,2026-08-14,Meta Ads,/fiyatlar,44,Temsilci C,WhatsApp,1,0,0,0
L02665,2026-08-23,Meta Ads,/lgs-paket,781,Temsilci F,Çağrı merkezi,1,1,0,0
L02666,2026-08-24,Meta Ads,/yks-kocluk,30,Temsilci B,WhatsApp,0,0,0,0
L02667,2026-08-19,Meta Ads,/yks-kocluk,69,Temsilci F,Çağrı merkezi,0,0,0,0
L02668,2026-08-08,Meta Ads,/blog/*,40,Temsilci F,Çağrı merkezi,1,1,0,0
L02669,2026-08-09,Meta Ads,/blog/*,1,Temsilci E,Çağrı merkezi,1,1,0,0
L02670,2026-08-14,Meta Ads,/yks-kocluk,21,Temsilci B,WhatsApp,1,0,0,0
L02671,2026-08-04,Meta Ads,/fiyatlar,530,Temsilci C,WhatsApp,1,0,0,0
L02672,2026-08-09,Meta Ads,/lgs-paket,239,Temsilci B,WhatsApp,1,1,0,0
L02673,2026-08-22,Meta Ads,/fiyatlar,234,Temsilci F,Çağrı merkezi,1,1,1,3230
L02674,2026-08-15,Meta Ads,/yks-kocluk,29,Temsilci A,WhatsApp,1,1,1,4010
L02675,2026-08-10,Meta Ads,/yks-kocluk,18,Temsilci D,Çağrı merkezi,1,0,0,0
L02676,2026-08-03,Meta Ads,/ucretsiz-deneme-dersi,51,Temsilci C,WhatsApp,1,1,0,0
L02677,2026-08-27,Meta Ads,/lgs-paket,4,Temsilci D,Çağrı merkezi,1,0,0,0
L02678,2026-08-05,Meta Ads,/yks-kocluk,36,Temsilci B,WhatsApp,1,0,0,0
L02679,2026-08-18,Meta Ads,/lgs-paket,4,Temsilci B,WhatsApp,1,0,0,0
L02680,2026-08-23,Meta Ads,/yks-kocluk,610,Temsilci F,Çağrı merkezi,1,1,1,5860
L02681,2026-08-04,Meta Ads,/yks-kocluk,41,Temsilci C,WhatsApp,1,0,0,0
L02682,2026-08-30,Meta Ads,/lgs-paket,164,Temsilci E,Çağrı merkezi,0,0,0,0
L02683,2026-08-30,Meta Ads,/yks-kocluk,159,Temsilci D,Çağrı merkezi,1,0,0,0
L02684,2026-08-11,Meta Ads,/ucretsiz-deneme-dersi,30,Temsilci E,Çağrı merkezi,1,0,0,0
L02685,2026-08-06,Meta Ads,/yks-kocluk,179,Temsilci C,WhatsApp,1,0,0,0
L02686,2026-08-09,Meta Ads,/ucretsiz-deneme-dersi,432,Temsilci F,Çağrı merkezi,0,0,0,0
L02687,2026-08-20,Meta Ads,/ucretsiz-deneme-dersi,14,Temsilci C,WhatsApp,1,1,0,0
L02688,2026-08-02,Meta Ads,/fiyatlar,312,Temsilci C,WhatsApp,1,1,0,0
L02689,2026-08-18,Meta Ads,/yks-kocluk,1,Temsilci A,WhatsApp,1,1,0,0
L02690,2026-08-07,Meta Ads,/lgs-paket,303,Temsilci E,Çağrı merkezi,1,0,0,0
L02691,2026-08-18,Meta Ads,/lgs-paket,9,Temsilci B,WhatsApp,1,1,1,3250
L02692,2026-08-19,Meta Ads,/lgs-paket,144,Temsilci C,WhatsApp,0,0,0,0
L02693,2026-08-29,Meta Ads,/yks-kocluk,1260,Temsilci C,WhatsApp,0,0,0,0
L02694,2026-08-03,Meta Ads,/fiyatlar,42,Temsilci E,Çağrı merkezi,1,0,0,0
L02695,2026-08-02,Meta Ads,/lgs-paket,382,Temsilci C,WhatsApp,0,0,0,0
L02696,2026-08-23,Meta Ads,/ucretsiz-deneme-dersi,71,Temsilci D,Çağrı merkezi,1,0,0,0
L02697,2026-08-11,Meta Ads,/yks-kocluk,48,Temsilci E,Çağrı merkezi,0,0,0,0
L02698,2026-08-09,Meta Ads,/yks-kocluk,361,Temsilci F,Çağrı merkezi,1,0,0,0
L02699,2026-08-23,Meta Ads,/yks-kocluk,86,Temsilci F,Çağrı merkezi,1,1,0,0
L02700,2026-08-06,Meta Ads,/fiyatlar,47,Temsilci B,WhatsApp,0,0,0,0
L02701,2026-08-07,Meta Ads,/fiyatlar,5,Temsilci B,WhatsApp,1,0,0,0
L02702,2026-08-08,Meta Ads,/ucretsiz-deneme-dersi,3,Temsilci A,WhatsApp,0,0,0,0
L02703,2026-08-07,Meta Ads,/lgs-paket,252,Temsilci C,WhatsApp,1,0,0,0
L02704,2026-08-27,Meta Ads,/fiyatlar,6,Temsilci D,Çağrı merkezi,1,1,1,5550
L02705,2026-08-14,Meta Ads,/yks-kocluk,8,Temsilci B,WhatsApp,1,1,0,0
L02706,2026-08-27,Meta Ads,/yks-kocluk,176,Temsilci F,Çağrı merkezi,0,0,0,0
L02707,2026-08-22,Meta Ads,/lgs-paket,441,Temsilci E,Çağrı merkezi,0,0,0,0
L02708,2026-08-11,Meta Ads,/fiyatlar,62,Temsilci B,WhatsApp,1,0,0,0
L02709,2026-08-07,Meta Ads,/blog/*,2,Temsilci D,Çağrı merkezi,1,0,0,0
L02710,2026-08-11,Meta Ads,/yks-kocluk,91,Temsilci B,WhatsApp,0,0,0,0
L02711,2026-08-27,Meta Ads,/yks-kocluk,4,Temsilci D,Çağrı merkezi,1,0,0,0
L02712,2026-08-03,Meta Ads,/fiyatlar,10,Temsilci A,WhatsApp,1,1,0,0
L02713,2026-08-18,Meta Ads,/blog/*,5,Temsilci A,WhatsApp,1,0,0,0
L02714,2026-08-23,Meta Ads,/ucretsiz-deneme-dersi,7,Temsilci B,WhatsApp,1,0,0,0
L02715,2026-08-26,Meta Ads,/yks-kocluk,4,Temsilci A,WhatsApp,1,0,0,0
L02716,2026-08-08,Meta Ads,/lgs-paket,9,Temsilci A,WhatsApp,1,1,0,0
L02717,2026-08-05,Meta Ads,/fiyatlar,3,Temsilci A,WhatsApp,1,1,0,0
L02718,2026-08-08,Meta Ads,/ucretsiz-deneme-dersi,15,Temsilci A,WhatsApp,1,1,0,0
L02719,2026-08-18,Meta Ads,/yks-kocluk,86,Temsilci C,WhatsApp,0,0,0,0
L02720,2026-08-28,Meta Ads,/yks-kocluk,9,Temsilci A,WhatsApp,0,0,0,0
L02721,2026-08-25,Meta Ads,/ucretsiz-deneme-dersi,12,Temsilci A,WhatsApp,1,1,1,5270
L02722,2026-08-21,Meta Ads,/ucretsiz-deneme-dersi,7,Temsilci A,WhatsApp,1,0,0,0
L02723,2026-08-15,Meta Ads,/ucretsiz-deneme-dersi,201,Temsilci E,Çağrı merkezi,1,0,0,0
L02724,2026-08-20,Meta Ads,/yks-kocluk,156,Temsilci B,WhatsApp,1,0,0,0
L02725,2026-08-26,Meta Ads,/fiyatlar,82,Temsilci F,Çağrı merkezi,1,1,0,0
L02726,2026-08-05,Meta Ads,/ucretsiz-deneme-dersi,43,Temsilci E,Çağrı merkezi,1,0,0,0
L02727,2026-08-25,Meta Ads,/yks-kocluk,61,Temsilci B,WhatsApp,1,0,0,0
L02728,2026-08-02,Meta Ads,/yks-kocluk,2,Temsilci D,Çağrı merkezi,1,1,0,0
L02729,2026-08-01,Meta Ads,/ucretsiz-deneme-dersi,58,Temsilci B,WhatsApp,1,1,0,0
L02730,2026-08-09,Meta Ads,/lgs-paket,20,Temsilci D,Çağrı merkezi,1,0,0,0
L02731,2026-08-26,Meta Ads,/yks-kocluk,164,Temsilci B,WhatsApp,1,1,0,0
L02732,2026-08-06,Meta Ads,/ucretsiz-deneme-dersi,16,Temsilci D,Çağrı merkezi,1,1,0,0
L02733,2026-08-14,Meta Ads,/yks-kocluk,11,Temsilci D,Çağrı merkezi,1,0,0,0
L02734,2026-08-12,Meta Ads,/ucretsiz-deneme-dersi,9,Temsilci A,WhatsApp,0,0,0,0
L02735,2026-08-28,Meta Ads,/blog/*,5,Temsilci B,WhatsApp,1,0,0,0
L02736,2026-08-30,Meta Ads,/yks-kocluk,12,Temsilci D,Çağrı merkezi,1,0,0,0
L02737,2026-08-30,Meta Ads,/lgs-paket,6,Temsilci A,WhatsApp,1,0,0,0
L02738,2026-08-21,Meta Ads,/yks-kocluk,8,Temsilci D,Çağrı merkezi,0,0,0,0
L02739,2026-08-17,Meta Ads,/yks-kocluk,346,Temsilci F,Çağrı merkezi,0,0,0,0
L02740,2026-08-03,Meta Ads,/lgs-paket,6,Temsilci B,WhatsApp,1,0,0,0
L02741,2026-08-20,Meta Ads,/ucretsiz-deneme-dersi,45,Temsilci F,Çağrı merkezi,1,0,0,0
L02742,2026-08-24,Meta Ads,/yks-kocluk,24,Temsilci C,WhatsApp,1,0,0,0
L02743,2026-08-23,Meta Ads,/yks-kocluk,1085,Temsilci F,Çağrı merkezi,0,0,0,0
L02744,2026-08-07,Meta Ads,/yks-kocluk,12,Temsilci C,WhatsApp,0,0,0,0
L02745,2026-08-27,Meta Ads,/lgs-paket,119,Temsilci F,Çağrı merkezi,1,0,0,0
L02746,2026-08-25,Meta Ads,/yks-kocluk,1,Temsilci A,WhatsApp,1,0,0,0
L02747,2026-08-12,Meta Ads,/yks-kocluk,50,Temsilci F,Çağrı merkezi,1,0,0,0
L02748,2026-08-24,Meta Ads,/yks-kocluk,4,Temsilci A,WhatsApp,1,0,0,0
L02749,2026-08-28,Meta Ads,/yks-kocluk,177,Temsilci E,Çağrı merkezi,0,0,0,0
L02750,2026-08-30,Meta Ads,/fiyatlar,161,Temsilci B,WhatsApp,1,0,0,0
L02751,2026-08-17,Meta Ads,/lgs-paket,56,Temsilci C,WhatsApp,0,0,0,0
L02752,2026-08-15,Meta Ads,/ucretsiz-deneme-dersi,53,Temsilci F,Çağrı merkezi,0,0,0,0
L02753,2026-08-02,Meta Ads,/yks-kocluk,50,Temsilci F,Çağrı merkezi,0,0,0,0
L02754,2026-08-08,Meta Ads,/yks-kocluk,29,Temsilci B,WhatsApp,1,1,0,0
L02755,2026-08-09,Meta Ads,/ucretsiz-deneme-dersi,109,Temsilci F,Çağrı merkezi,0,0,0,0
L02756,2026-08-26,Meta Ads,/yks-kocluk,1,Temsilci A,WhatsApp,1,0,0,0
L02757,2026-08-15,Meta Ads,/ucretsiz-deneme-dersi,17,Temsilci A,WhatsApp,1,1,0,0
L02758,2026-08-21,Meta Ads,/ucretsiz-deneme-dersi,3,Temsilci D,Çağrı merkezi,1,1,1,5660
L02759,2026-08-28,Meta Ads,/yks-kocluk,19,Temsilci A,WhatsApp,0,0,0,0
L02760,2026-08-20,Meta Ads,/ucretsiz-deneme-dersi,17,Temsilci D,Çağrı merkezi,1,1,0,0
L02761,2026-08-17,Meta Ads,/fiyatlar,70,Temsilci E,Çağrı merkezi,1,1,0,0
L02762,2026-08-07,Meta Ads,/fiyatlar,5,Temsilci A,WhatsApp,1,0,0,0
L02763,2026-08-18,Meta Ads,/yks-kocluk,41,Temsilci E,Çağrı merkezi,1,0,0,0
L02764,2026-08-11,Meta Ads,/lgs-paket,165,Temsilci F,Çağrı merkezi,0,0,0,0
L02765,2026-08-27,Meta Ads,/blog/*,19,Temsilci A,WhatsApp,0,0,0,0
L02766,2026-08-30,Meta Ads,/yks-kocluk,219,Temsilci E,Çağrı merkezi,1,0,0,0
L02767,2026-08-12,Meta Ads,/yks-kocluk,1,Temsilci A,WhatsApp,1,0,0,0
L02768,2026-08-28,Meta Ads,/lgs-paket,19,Temsilci E,Çağrı merkezi,1,1,0,0
L02769,2026-08-16,Meta Ads,/lgs-paket,19,Temsilci A,WhatsApp,1,1,1,5220
L02770,2026-08-07,Meta Ads,/ucretsiz-deneme-dersi,9,Temsilci E,Çağrı merkezi,1,1,0,0
L02771,2026-08-03,Meta Ads,/yks-kocluk,7,Temsilci A,WhatsApp,0,0,0,0
L02772,2026-08-10,Meta Ads,/yks-kocluk,29,Temsilci E,Çağrı merkezi,1,0,0,0
L02773,2026-08-21,Meta Ads,/yks-kocluk,38,Temsilci C,WhatsApp,0,0,0,0
L02774,2026-08-14,Meta Ads,/lgs-paket,11,Temsilci F,Çağrı merkezi,1,1,0,0
L02775,2026-08-25,Meta Ads,/fiyatlar,17,Temsilci A,WhatsApp,0,0,0,0
L02776,2026-08-02,Meta Ads,/lgs-paket,55,Temsilci B,WhatsApp,1,0,0,0
L02777,2026-08-27,Meta Ads,/fiyatlar,3,Temsilci A,WhatsApp,1,1,0,0
L02778,2026-08-07,Meta Ads,/yks-kocluk,51,Temsilci B,WhatsApp,1,1,1,4410
L02779,2026-08-18,Meta Ads,/yks-kocluk,6,Temsilci E,Çağrı merkezi,1,0,0,0
L02780,2026-08-25,Meta Ads,/ucretsiz-deneme-dersi,34,Temsilci B,WhatsApp,0,0,0,0
L02781,2026-08-27,Meta Ads,/yks-kocluk,792,Temsilci F,Çağrı merkezi,1,1,0,0
L02782,2026-08-26,Meta Ads,/lgs-paket,18,Temsilci D,Çağrı merkezi,1,1,0,0
L02783,2026-08-30,Meta Ads,/lgs-paket,28,Temsilci E,Çağrı merkezi,1,1,0,0
L02784,2026-08-24,Meta Ads,/yks-kocluk,7,Temsilci A,WhatsApp,1,0,0,0
L02785,2026-08-20,Meta Ads,/fiyatlar,25,Temsilci E,Çağrı merkezi,1,0,0,0
L02786,2026-08-26,Meta Ads,/yks-kocluk,11,Temsilci E,Çağrı merkezi,1,0,0,0
L02787,2026-08-09,Meta Ads,/ucretsiz-deneme-dersi,63,Temsilci B,WhatsApp,1,0,0,0
L02788,2026-08-21,Meta Ads,/lgs-paket,47,Temsilci E,Çağrı merkezi,1,0,0,0
L02789,2026-08-10,Meta Ads,/fiyatlar,223,Temsilci F,Çağrı merkezi,0,0,0,0
L02790,2026-08-24,Meta Ads,/ucretsiz-deneme-dersi,1,Temsilci D,Çağrı merkezi,1,1,0,0
L02791,2026-08-19,Meta Ads,/lgs-paket,16,Temsilci E,Çağrı merkezi,1,1,1,4600
L02792,2026-08-10,Meta Ads,/ucretsiz-deneme-dersi,107,Temsilci B,WhatsApp,0,0,0,0
L02793,2026-08-04,Meta Ads,/yks-kocluk,12,Temsilci B,WhatsApp,1,0,0,0
L02794,2026-08-13,Meta Ads,/ucretsiz-deneme-dersi,3,Temsilci A,WhatsApp,1,0,0,0
L02795,2026-08-16,Meta Ads,/yks-kocluk,105,Temsilci F,Çağrı merkezi,0,0,0,0
L02796,2026-08-29,Meta Ads,/yks-kocluk,8,Temsilci D,Çağrı merkezi,1,0,0,0
L02797,2026-08-24,Meta Ads,/yks-kocluk,14,Temsilci E,Çağrı merkezi,1,0,0,0
L02798,2026-08-12,Meta Ads,/ucretsiz-deneme-dersi,8,Temsilci E,Çağrı merkezi,0,0,0,0
L02799,2026-08-25,Meta Ads,/yks-kocluk,246,Temsilci C,WhatsApp,0,0,0,0
L02800,2026-08-14,Meta Ads,/fiyatlar,24,Temsilci A,WhatsApp,0,0,0,0
L02801,2026-08-14,TikTok Ads,/lgs-paket,90,Temsilci E,Çağrı merkezi,0,0,0,0
L02802,2026-08-13,TikTok Ads,/ucretsiz-deneme-dersi,110,Temsilci C,WhatsApp,1,0,0,0
L02803,2026-08-03,TikTok Ads,/ucretsiz-deneme-dersi,10,Temsilci D,Çağrı merkezi,1,0,0,0
L02804,2026-08-30,TikTok Ads,/fiyatlar,17,Temsilci A,WhatsApp,0,0,0,0
L02805,2026-08-04,TikTok Ads,/ucretsiz-deneme-dersi,513,Temsilci F,Çağrı merkezi,0,0,0,0
L02806,2026-08-26,TikTok Ads,/lgs-paket,23,Temsilci E,Çağrı merkezi,0,0,0,0
L02807,2026-08-04,TikTok Ads,/yks-kocluk,53,Temsilci B,WhatsApp,1,1,0,0
L02808,2026-08-25,TikTok Ads,/yks-kocluk,17,Temsilci E,Çağrı merkezi,0,0,0,0
L02809,2026-08-28,TikTok Ads,/yks-kocluk,23,Temsilci B,WhatsApp,1,1,0,0
L02810,2026-08-14,TikTok Ads,/ucretsiz-deneme-dersi,1,Temsilci D,Çağrı merkezi,1,0,0,0
L02811,2026-08-25,TikTok Ads,/lgs-paket,3,Temsilci B,WhatsApp,1,0,0,0
L02812,2026-08-11,TikTok Ads,/fiyatlar,1,Temsilci A,WhatsApp,1,0,0,0
L02813,2026-08-20,TikTok Ads,/ucretsiz-deneme-dersi,2,Temsilci A,WhatsApp,1,0,0,0
L02814,2026-08-11,TikTok Ads,/yks-kocluk,18,Temsilci D,Çağrı merkezi,0,0,0,0
L02815,2026-08-17,TikTok Ads,/yks-kocluk,164,Temsilci E,Çağrı merkezi,0,0,0,0
L02816,2026-08-21,TikTok Ads,/yks-kocluk,110,Temsilci F,Çağrı merkezi,1,1,0,0
L02817,2026-08-15,TikTok Ads,/lgs-paket,243,Temsilci C,WhatsApp,1,0,0,0
L02818,2026-08-29,TikTok Ads,/yks-kocluk,60,Temsilci D,Çağrı merkezi,1,1,0,0
L02819,2026-08-01,TikTok Ads,/lgs-paket,29,Temsilci A,WhatsApp,1,0,0,0
L02820,2026-08-16,TikTok Ads,/blog/*,84,Temsilci A,WhatsApp,1,0,0,0
L02821,2026-08-03,TikTok Ads,/ucretsiz-deneme-dersi,3,Temsilci C,WhatsApp,0,0,0,0
L02822,2026-08-22,TikTok Ads,/lgs-paket,74,Temsilci A,WhatsApp,1,0,0,0
L02823,2026-08-03,TikTok Ads,/blog/*,62,Temsilci C,WhatsApp,0,0,0,0
L02824,2026-08-07,TikTok Ads,/lgs-paket,1,Temsilci D,Çağrı merkezi,1,1,1,4720
L02825,2026-08-29,TikTok Ads,/fiyatlar,90,Temsilci F,Çağrı merkezi,1,1,0,0
L02826,2026-08-25,TikTok Ads,/lgs-paket,214,Temsilci E,Çağrı merkezi,1,0,0,0
L02827,2026-08-18,TikTok Ads,/ucretsiz-deneme-dersi,66,Temsilci C,WhatsApp,1,0,0,0
L02828,2026-08-29,TikTok Ads,/ucretsiz-deneme-dersi,180,Temsilci C,WhatsApp,0,0,0,0
L02829,2026-08-24,TikTok Ads,/blog/*,21,Temsilci E,Çağrı merkezi,1,0,0,0
L02830,2026-08-17,TikTok Ads,/yks-kocluk,3,Temsilci A,WhatsApp,1,1,0,0
L02831,2026-08-22,TikTok Ads,/yks-kocluk,11,Temsilci A,WhatsApp,1,0,0,0
L02832,2026-08-29,TikTok Ads,/lgs-paket,46,Temsilci D,Çağrı merkezi,1,1,1,3110
L02833,2026-08-03,TikTok Ads,/fiyatlar,42,Temsilci E,Çağrı merkezi,1,0,0,0
L02834,2026-08-09,TikTok Ads,/lgs-paket,8,Temsilci D,Çağrı merkezi,1,0,0,0
L02835,2026-08-16,TikTok Ads,/ucretsiz-deneme-dersi,783,Temsilci F,Çağrı merkezi,1,0,0,0
L02836,2026-08-27,TikTok Ads,/yks-kocluk,15,Temsilci E,Çağrı merkezi,1,0,0,0
L02837,2026-08-18,TikTok Ads,/ucretsiz-deneme-dersi,73,Temsilci C,WhatsApp,1,0,0,0
L02838,2026-08-15,TikTok Ads,/blog/*,14,Temsilci A,WhatsApp,1,0,0,0
L02839,2026-08-21,TikTok Ads,/lgs-paket,628,Temsilci F,Çağrı merkezi,1,0,0,0
L02840,2026-08-02,TikTok Ads,/lgs-paket,11,Temsilci D,Çağrı merkezi,1,0,0,0
L02841,2026-08-05,TikTok Ads,/fiyatlar,3,Temsilci A,WhatsApp,1,0,0,0
L02842,2026-08-03,TikTok Ads,/ucretsiz-deneme-dersi,7,Temsilci B,WhatsApp,1,1,1,5050
L02843,2026-08-22,TikTok Ads,/fiyatlar,7,Temsilci C,WhatsApp,1,0,0,0
L02844,2026-08-30,TikTok Ads,/yks-kocluk,254,Temsilci C,WhatsApp,1,1,0,0
L02845,2026-08-30,TikTok Ads,/yks-kocluk,29,Temsilci E,Çağrı merkezi,1,0,0,0
L02846,2026-08-25,TikTok Ads,/ucretsiz-deneme-dersi,5,Temsilci A,WhatsApp,1,0,0,0
L02847,2026-08-08,TikTok Ads,/lgs-paket,150,Temsilci E,Çağrı merkezi,0,0,0,0
L02848,2026-08-28,TikTok Ads,/yks-kocluk,5,Temsilci B,WhatsApp,0,0,0,0
L02849,2026-08-28,TikTok Ads,/yks-kocluk,18,Temsilci A,WhatsApp,1,1,0,0
L02850,2026-08-14,TikTok Ads,/blog/*,69,Temsilci E,Çağrı merkezi,1,0,0,0
L02851,2026-08-21,TikTok Ads,/yks-kocluk,23,Temsilci E,Çağrı merkezi,1,0,0,0
L02852,2026-08-21,TikTok Ads,/yks-kocluk,2,Temsilci A,WhatsApp,1,0,0,0
L02853,2026-08-15,TikTok Ads,/blog/*,25,Temsilci A,WhatsApp,1,1,1,4820
L02854,2026-08-13,TikTok Ads,/lgs-paket,3,Temsilci D,Çağrı merkezi,1,0,0,0
L02855,2026-08-01,TikTok Ads,/blog/*,14,Temsilci D,Çağrı merkezi,0,0,0,0
L02856,2026-08-20,TikTok Ads,/yks-kocluk,262,Temsilci F,Çağrı merkezi,1,0,0,0
L02857,2026-08-16,TikTok Ads,/lgs-paket,238,Temsilci B,WhatsApp,0,0,0,0
L02858,2026-08-14,TikTok Ads,/lgs-paket,448,Temsilci F,Çağrı merkezi,0,0,0,0
L02859,2026-08-05,TikTok Ads,/yks-kocluk,12,Temsilci E,Çağrı merkezi,0,0,0,0
L02860,2026-08-02,TikTok Ads,/ucretsiz-deneme-dersi,74,Temsilci E,Çağrı merkezi,1,0,0,0
L02861,2026-08-06,TikTok Ads,/ucretsiz-deneme-dersi,16,Temsilci B,WhatsApp,1,0,0,0
L02862,2026-08-22,TikTok Ads,/fiyatlar,690,Temsilci C,WhatsApp,1,0,0,0
L02863,2026-08-11,TikTok Ads,/ucretsiz-deneme-dersi,2,Temsilci E,Çağrı merkezi,1,1,0,0
L02864,2026-08-06,TikTok Ads,/ucretsiz-deneme-dersi,268,Temsilci C,WhatsApp,1,1,0,0
L02865,2026-08-15,TikTok Ads,/ucretsiz-deneme-dersi,19,Temsilci B,WhatsApp,0,0,0,0
L02866,2026-08-20,TikTok Ads,/yks-kocluk,68,Temsilci F,Çağrı merkezi,0,0,0,0
L02867,2026-08-22,TikTok Ads,/lgs-paket,361,Temsilci E,Çağrı merkezi,0,0,0,0
L02868,2026-08-27,TikTok Ads,/fiyatlar,28,Temsilci B,WhatsApp,0,0,0,0
L02869,2026-08-19,TikTok Ads,/blog/*,73,Temsilci C,WhatsApp,1,0,0,0
L02870,2026-08-30,TikTok Ads,/yks-kocluk,276,Temsilci E,Çağrı merkezi,0,0,0,0
L02871,2026-08-30,TikTok Ads,/lgs-paket,241,Temsilci C,WhatsApp,0,0,0,0
L02872,2026-08-06,TikTok Ads,/lgs-paket,14,Temsilci E,Çağrı merkezi,1,1,0,0
L02873,2026-08-22,TikTok Ads,/lgs-paket,241,Temsilci B,WhatsApp,0,0,0,0
L02874,2026-08-04,TikTok Ads,/lgs-paket,6,Temsilci D,Çağrı merkezi,1,0,0,0
L02875,2026-08-17,TikTok Ads,/yks-kocluk,36,Temsilci D,Çağrı merkezi,1,1,0,0
L02876,2026-08-16,TikTok Ads,/ucretsiz-deneme-dersi,854,Temsilci C,WhatsApp,1,1,0,0
L02877,2026-08-04,TikTok Ads,/fiyatlar,96,Temsilci E,Çağrı merkezi,1,0,0,0
L02878,2026-08-30,TikTok Ads,/lgs-paket,8,Temsilci D,Çağrı merkezi,1,0,0,0
L02879,2026-08-11,TikTok Ads,/ucretsiz-deneme-dersi,221,Temsilci C,WhatsApp,1,1,0,0
L02880,2026-08-03,TikTok Ads,/yks-kocluk,1,Temsilci D,Çağrı merkezi,1,1,0,0
L02881,2026-08-06,TikTok Ads,/lgs-paket,60,Temsilci B,WhatsApp,1,0,0,0
L02882,2026-08-17,TikTok Ads,/yks-kocluk,7,Temsilci D,Çağrı merkezi,1,1,0,0
L02883,2026-08-28,TikTok Ads,/yks-kocluk,389,Temsilci F,Çağrı merkezi,1,0,0,0
L02884,2026-08-03,TikTok Ads,/yks-kocluk,27,Temsilci C,WhatsApp,1,0,0,0
L02885,2026-08-04,TikTok Ads,/ucretsiz-deneme-dersi,35,Temsilci E,Çağrı merkezi,1,0,0,0
L02886,2026-08-05,TikTok Ads,/ucretsiz-deneme-dersi,2,Temsilci A,WhatsApp,1,0,0,0
L02887,2026-08-17,TikTok Ads,/lgs-paket,72,Temsilci C,WhatsApp,0,0,0,0
L02888,2026-08-30,TikTok Ads,/yks-kocluk,23,Temsilci D,Çağrı merkezi,0,0,0,0
L02889,2026-08-28,TikTok Ads,/ucretsiz-deneme-dersi,30,Temsilci E,Çağrı merkezi,1,0,0,0
L02890,2026-08-09,TikTok Ads,/yks-kocluk,18,Temsilci B,WhatsApp,1,0,0,0
L02891,2026-08-24,TikTok Ads,/fiyatlar,109,Temsilci C,WhatsApp,1,0,0,0
L02892,2026-08-12,TikTok Ads,/ucretsiz-deneme-dersi,217,Temsilci C,WhatsApp,0,0,0,0
L02893,2026-08-10,TikTok Ads,/yks-kocluk,13,Temsilci B,WhatsApp,1,1,1,4350
L02894,2026-08-11,TikTok Ads,/yks-kocluk,13,Temsilci A,WhatsApp,1,0,0,0
L02895,2026-08-12,TikTok Ads,/ucretsiz-deneme-dersi,57,Temsilci E,Çağrı merkezi,1,0,0,0
L02896,2026-08-05,TikTok Ads,/ucretsiz-deneme-dersi,10,Temsilci A,WhatsApp,0,0,0,0
L02897,2026-08-03,TikTok Ads,/yks-kocluk,58,Temsilci C,WhatsApp,1,1,0,0
L02898,2026-08-18,TikTok Ads,/ucretsiz-deneme-dersi,25,Temsilci F,Çağrı merkezi,1,0,0,0
L02899,2026-08-17,TikTok Ads,/ucretsiz-deneme-dersi,11,Temsilci D,Çağrı merkezi,0,0,0,0
L02900,2026-08-16,TikTok Ads,/yks-kocluk,3908,Temsilci F,Çağrı merkezi,1,0,0,0
L02901,2026-08-21,TikTok Ads,/ucretsiz-deneme-dersi,716,Temsilci F,Çağrı merkezi,0,0,0,0
L02902,2026-08-05,TikTok Ads,/ucretsiz-deneme-dersi,16,Temsilci B,WhatsApp,1,0,0,0
L02903,2026-08-06,TikTok Ads,/fiyatlar,33,Temsilci C,WhatsApp,0,0,0,0
L02904,2026-08-17,TikTok Ads,/yks-kocluk,43,Temsilci B,WhatsApp,0,0,0,0
L02905,2026-08-04,TikTok Ads,/ucretsiz-deneme-dersi,63,Temsilci B,WhatsApp,1,0,0,0
L02906,2026-08-29,TikTok Ads,/fiyatlar,21,Temsilci A,WhatsApp,1,1,0,0
L02907,2026-08-29,TikTok Ads,/yks-kocluk,66,Temsilci B,WhatsApp,1,1,0,0
L02908,2026-08-12,TikTok Ads,/yks-kocluk,51,Temsilci B,WhatsApp,1,0,0,0
L02909,2026-08-22,TikTok Ads,/lgs-paket,282,Temsilci B,WhatsApp,1,1,0,0
L02910,2026-08-12,TikTok Ads,/ucretsiz-deneme-dersi,93,Temsilci C,WhatsApp,1,0,0,0
L02911,2026-08-02,TikTok Ads,/yks-kocluk,18,Temsilci E,Çağrı merkezi,0,0,0,0
L02912,2026-08-28,TikTok Ads,/ucretsiz-deneme-dersi,6,Temsilci D,Çağrı merkezi,1,1,1,2850
L02913,2026-08-28,TikTok Ads,/yks-kocluk,39,Temsilci D,Çağrı merkezi,0,0,0,0
L02914,2026-08-06,TikTok Ads,/yks-kocluk,58,Temsilci F,Çağrı merkezi,1,0,0,0
L02915,2026-08-07,TikTok Ads,/blog/*,210,Temsilci F,Çağrı merkezi,1,0,0,0
L02916,2026-08-01,TikTok Ads,/yks-kocluk,21,Temsilci B,WhatsApp,0,0,0,0
L02917,2026-08-30,TikTok Ads,/ucretsiz-deneme-dersi,446,Temsilci F,Çağrı merkezi,1,1,0,0
L02918,2026-08-11,TikTok Ads,/ucretsiz-deneme-dersi,4,Temsilci E,Çağrı merkezi,1,0,0,0
L02919,2026-08-05,TikTok Ads,/yks-kocluk,14,Temsilci B,WhatsApp,1,0,0,0
L02920,2026-08-26,TikTok Ads,/ucretsiz-deneme-dersi,12,Temsilci E,Çağrı merkezi,1,1,0,0
L02921,2026-08-16,TikTok Ads,/ucretsiz-deneme-dersi,56,Temsilci D,Çağrı merkezi,0,0,0,0
L02922,2026-08-08,TikTok Ads,/yks-kocluk,14,Temsilci D,Çağrı merkezi,0,0,0,0
L02923,2026-08-19,TikTok Ads,/yks-kocluk,121,Temsilci C,WhatsApp,0,0,0,0
L02924,2026-08-16,TikTok Ads,/ucretsiz-deneme-dersi,104,Temsilci F,Çağrı merkezi,0,0,0,0
L02925,2026-08-20,TikTok Ads,/fiyatlar,32,Temsilci E,Çağrı merkezi,1,1,1,2860
L02926,2026-08-08,TikTok Ads,/ucretsiz-deneme-dersi,122,Temsilci E,Çağrı merkezi,0,0,0,0
L02927,2026-08-16,TikTok Ads,/ucretsiz-deneme-dersi,83,Temsilci B,WhatsApp,0,0,0,0
L02928,2026-08-11,TikTok Ads,/yks-kocluk,160,Temsilci E,Çağrı merkezi,0,0,0,0
L02929,2026-08-05,TikTok Ads,/yks-kocluk,335,Temsilci F,Çağrı merkezi,1,0,0,0
L02930,2026-08-13,TikTok Ads,/ucretsiz-deneme-dersi,477,Temsilci F,Çağrı merkezi,0,0,0,0
L02931,2026-08-06,TikTok Ads,/yks-kocluk,2,Temsilci A,WhatsApp,1,0,0,0
L02932,2026-08-22,TikTok Ads,/fiyatlar,135,Temsilci E,Çağrı merkezi,0,0,0,0
L02933,2026-08-15,TikTok Ads,/lgs-paket,145,Temsilci B,WhatsApp,0,0,0,0
L02934,2026-08-29,TikTok Ads,/lgs-paket,85,Temsilci E,Çağrı merkezi,1,0,0,0
L02935,2026-08-30,TikTok Ads,/yks-kocluk,5,Temsilci A,WhatsApp,1,1,0,0
L02936,2026-08-21,TikTok Ads,/yks-kocluk,106,Temsilci E,Çağrı merkezi,1,1,1,4680
L02937,2026-08-06,TikTok Ads,/blog/*,203,Temsilci F,Çağrı merkezi,0,0,0,0
L02938,2026-08-03,TikTok Ads,/yks-kocluk,36,Temsilci B,WhatsApp,1,0,0,0
L02939,2026-08-19,TikTok Ads,/ucretsiz-deneme-dersi,6,Temsilci F,Çağrı merkezi,1,0,0,0
L02940,2026-08-21,TikTok Ads,/fiyatlar,12,Temsilci E,Çağrı merkezi,1,1,1,3700
L02941,2026-08-16,TikTok Ads,/yks-kocluk,756,Temsilci F,Çağrı merkezi,1,0,0,0
L02942,2026-08-05,TikTok Ads,/lgs-paket,39,Temsilci F,Çağrı merkezi,1,1,0,0
L02943,2026-08-22,TikTok Ads,/blog/*,22,Temsilci D,Çağrı merkezi,1,1,1,4540
L02944,2026-08-22,TikTok Ads,/yks-kocluk,10,Temsilci A,WhatsApp,1,0,0,0
L02945,2026-08-02,TikTok Ads,/yks-kocluk,27,Temsilci F,Çağrı merkezi,1,1,0,0
L02946,2026-08-17,TikTok Ads,/ucretsiz-deneme-dersi,8,Temsilci B,WhatsApp,1,0,0,0
L02947,2026-08-02,TikTok Ads,/yks-kocluk,69,Temsilci B,WhatsApp,1,0,0,0
L02948,2026-08-22,TikTok Ads,/yks-kocluk,1759,Temsilci F,Çağrı merkezi,0,0,0,0
L02949,2026-08-25,TikTok Ads,/lgs-paket,51,Temsilci B,WhatsApp,1,1,0,0
L02950,2026-08-26,TikTok Ads,/lgs-paket,12,Temsilci D,Çağrı merkezi,1,1,1,4290
L02951,2026-08-05,TikTok Ads,/yks-kocluk,66,Temsilci C,WhatsApp,1,0,0,0
L02952,2026-08-07,TikTok Ads,/ucretsiz-deneme-dersi,730,Temsilci C,WhatsApp,1,0,0,0
L02953,2026-08-26,TikTok Ads,/yks-kocluk,320,Temsilci F,Çağrı merkezi,1,0,0,0
L02954,2026-08-23,TikTok Ads,/ucretsiz-deneme-dersi,82,Temsilci E,Çağrı merkezi,0,0,0,0
L02955,2026-08-19,TikTok Ads,/lgs-paket,9,Temsilci A,WhatsApp,1,0,0,0
L02956,2026-08-05,TikTok Ads,/yks-kocluk,33,Temsilci D,Çağrı merkezi,1,0,0,0
L02957,2026-08-13,TikTok Ads,/yks-kocluk,8,Temsilci B,WhatsApp,1,0,0,0
L02958,2026-08-29,TikTok Ads,/ucretsiz-deneme-dersi,3,Temsilci B,WhatsApp,0,0,0,0
L02959,2026-08-30,TikTok Ads,/yks-kocluk,9,Temsilci A,WhatsApp,1,1,0,0
L02960,2026-08-02,TikTok Ads,/yks-kocluk,12,Temsilci E,Çağrı merkezi,1,0,0,0
L02961,2026-08-14,TikTok Ads,/lgs-paket,1,Temsilci E,Çağrı merkezi,1,1,0,0
L02962,2026-08-21,TikTok Ads,/blog/*,3,Temsilci A,WhatsApp,1,0,0,0
L02963,2026-08-27,TikTok Ads,/fiyatlar,247,Temsilci F,Çağrı merkezi,1,0,0,0
L02964,2026-08-10,TikTok Ads,/yks-kocluk,1,Temsilci A,WhatsApp,1,0,0,0
L02965,2026-08-13,TikTok Ads,/blog/*,135,Temsilci E,Çağrı merkezi,0,0,0,0
L02966,2026-08-12,TikTok Ads,/lgs-paket,137,Temsilci C,WhatsApp,1,0,0,0
L02967,2026-08-25,TikTok Ads,/blog/*,47,Temsilci C,WhatsApp,0,0,0,0
L02968,2026-08-08,TikTok Ads,/yks-kocluk,3,Temsilci A,WhatsApp,1,0,0,0
L02969,2026-08-01,TikTok Ads,/yks-kocluk,12,Temsilci E,Çağrı merkezi,1,0,0,0
L02970,2026-08-04,TikTok Ads,/yks-kocluk,10,Temsilci A,WhatsApp,1,0,0,0
L02971,2026-08-08,TikTok Ads,/yks-kocluk,14,Temsilci D,Çağrı merkezi,0,0,0,0
L02972,2026-08-16,TikTok Ads,/yks-kocluk,8,Temsilci E,Çağrı merkezi,1,1,0,0
L02973,2026-08-12,TikTok Ads,/lgs-paket,31,Temsilci B,WhatsApp,0,0,0,0
L02974,2026-08-04,TikTok Ads,/blog/*,15,Temsilci F,Çağrı merkezi,1,0,0,0
L02975,2026-08-14,TikTok Ads,/lgs-paket,2,Temsilci B,WhatsApp,1,1,0,0
L02976,2026-08-27,TikTok Ads,/fiyatlar,491,Temsilci C,WhatsApp,0,0,0,0
L02977,2026-08-16,TikTok Ads,/yks-kocluk,8,Temsilci D,Çağrı merkezi,1,1,0,0
L02978,2026-08-06,TikTok Ads,/lgs-paket,62,Temsilci E,Çağrı merkezi,1,0,0,0
L02979,2026-08-20,TikTok Ads,/yks-kocluk,1,Temsilci A,WhatsApp,1,1,0,0
L02980,2026-08-26,TikTok Ads,/fiyatlar,33,Temsilci B,WhatsApp,1,0,0,0
L02981,2026-08-15,TikTok Ads,/blog/*,93,Temsilci D,Çağrı merkezi,1,1,0,0
L02982,2026-08-03,TikTok Ads,/lgs-paket,42,Temsilci B,WhatsApp,1,1,0,0
L02983,2026-08-13,TikTok Ads,/lgs-paket,2,Temsilci A,WhatsApp,1,0,0,0
L02984,2026-08-25,TikTok Ads,/yks-kocluk,1,Temsilci A,WhatsApp,1,0,0,0
L02985,2026-08-04,TikTok Ads,/fiyatlar,1,Temsilci A,WhatsApp,1,0,0,0
L02986,2026-08-18,TikTok Ads,/ucretsiz-deneme-dersi,4,Temsilci E,Çağrı merkezi,1,0,0,0
L02987,2026-08-28,TikTok Ads,/ucretsiz-deneme-dersi,75,Temsilci F,Çağrı merkezi,1,1,0,0
L02988,2026-08-03,TikTok Ads,/yks-kocluk,2,Temsilci B,WhatsApp,1,0,0,0
L02989,2026-08-26,TikTok Ads,/ucretsiz-deneme-dersi,425,Temsilci F,Çağrı merkezi,0,0,0,0
L02990,2026-08-30,TikTok Ads,/fiyatlar,145,Temsilci E,Çağrı merkezi,1,1,1,3810
L02991,2026-08-15,TikTok Ads,/ucretsiz-deneme-dersi,20,Temsilci D,Çağrı merkezi,1,1,0,0
L02992,2026-08-13,TikTok Ads,/blog/*,9,Temsilci B,WhatsApp,1,1,0,0
L02993,2026-08-09,TikTok Ads,/yks-kocluk,176,Temsilci B,WhatsApp,1,1,0,0
L02994,2026-08-17,TikTok Ads,/ucretsiz-deneme-dersi,19,Temsilci E,Çağrı merkezi,1,1,0,0
L02995,2026-08-26,TikTok Ads,/yks-kocluk,415,Temsilci F,Çağrı merkezi,1,0,0,0
L02996,2026-08-28,TikTok Ads,/blog/*,36,Temsilci F,Çağrı merkezi,1,1,0,0
L02997,2026-08-29,TikTok Ads,/lgs-paket,14,Temsilci B,WhatsApp,1,0,0,0
L02998,2026-08-22,TikTok Ads,/ucretsiz-deneme-dersi,21,Temsilci A,WhatsApp,1,1,0,0
L02999,2026-08-29,TikTok Ads,/blog/*,6,Temsilci A,WhatsApp,1,0,0,0
L03000,2026-08-19,TikTok Ads,/lgs-paket,119,Temsilci E,Çağrı merkezi,0,0,0,0
L03001,2026-08-15,TikTok Ads,/fiyatlar,2,Temsilci A,WhatsApp,1,1,0,0
L03002,2026-08-17,TikTok Ads,/ucretsiz-deneme-dersi,368,Temsilci C,WhatsApp,1,0,0,0
L03003,2026-08-28,TikTok Ads,/yks-kocluk,145,Temsilci E,Çağrı merkezi,0,0,0,0
L03004,2026-08-10,TikTok Ads,/lgs-paket,50,Temsilci B,WhatsApp,1,0,0,0
L03005,2026-08-12,TikTok Ads,/lgs-paket,628,Temsilci F,Çağrı merkezi,0,0,0,0
L03006,2026-08-15,TikTok Ads,/blog/*,282,Temsilci C,WhatsApp,1,1,0,0
L03007,2026-08-09,TikTok Ads,/lgs-paket,27,Temsilci D,Çağrı merkezi,1,1,0,0
L03008,2026-08-27,TikTok Ads,/yks-kocluk,5,Temsilci E,Çağrı merkezi,1,1,0,0
L03009,2026-08-03,TikTok Ads,/blog/*,122,Temsilci E,Çağrı merkezi,0,0,0,0
L03010,2026-08-19,TikTok Ads,/yks-kocluk,32,Temsilci B,WhatsApp,1,0,0,0
L03011,2026-08-05,TikTok Ads,/lgs-paket,10,Temsilci D,Çağrı merkezi,0,0,0,0
L03012,2026-08-30,TikTok Ads,/fiyatlar,847,Temsilci F,Çağrı merkezi,1,0,0,0
L03013,2026-08-08,TikTok Ads,/ucretsiz-deneme-dersi,1152,Temsilci C,WhatsApp,1,0,0,0
L03014,2026-08-04,TikTok Ads,/lgs-paket,4,Temsilci A,WhatsApp,1,1,0,0
L03015,2026-08-22,TikTok Ads,/fiyatlar,677,Temsilci F,Çağrı merkezi,1,0,0,0
L03016,2026-08-12,TikTok Ads,/yks-kocluk,10,Temsilci D,Çağrı merkezi,0,0,0,0
L03017,2026-08-22,TikTok Ads,/ucretsiz-deneme-dersi,8,Temsilci D,Çağrı merkezi,1,0,0,0
L03018,2026-08-30,TikTok Ads,/lgs-paket,279,Temsilci F,Çağrı merkezi,0,0,0,0
L03019,2026-08-13,TikTok Ads,/lgs-paket,74,Temsilci F,Çağrı merkezi,1,1,0,0
L03020,2026-08-10,TikTok Ads,/yks-kocluk,1,Temsilci D,Çağrı merkezi,1,1,1,5030
L03021,2026-08-12,TikTok Ads,/ucretsiz-deneme-dersi,61,Temsilci B,WhatsApp,1,0,0,0
L03022,2026-08-05,TikTok Ads,/yks-kocluk,177,Temsilci E,Çağrı merkezi,0,0,0,0
L03023,2026-08-09,TikTok Ads,/lgs-paket,230,Temsilci E,Çağrı merkezi,1,1,0,0
L03024,2026-08-09,TikTok Ads,/lgs-paket,572,Temsilci B,WhatsApp,0,0,0,0
L03025,2026-08-15,TikTok Ads,/ucretsiz-deneme-dersi,12,Temsilci A,WhatsApp,1,1,0,0
L03026,2026-08-07,TikTok Ads,/blog/*,5,Temsilci A,WhatsApp,1,0,0,0
L03027,2026-08-12,TikTok Ads,/ucretsiz-deneme-dersi,56,Temsilci E,Çağrı merkezi,1,0,0,0
L03028,2026-08-07,TikTok Ads,/ucretsiz-deneme-dersi,2,Temsilci A,WhatsApp,1,0,0,0
L03029,2026-08-01,TikTok Ads,/lgs-paket,5,Temsilci B,WhatsApp,1,0,0,0
L03030,2026-08-04,TikTok Ads,/lgs-paket,5,Temsilci F,Çağrı merkezi,1,0,0,0
L03031,2026-08-09,TikTok Ads,/ucretsiz-deneme-dersi,7,Temsilci D,Çağrı merkezi,1,1,0,0
L03032,2026-08-02,TikTok Ads,/fiyatlar,287,Temsilci F,Çağrı merkezi,1,0,0,0
L03033,2026-08-13,TikTok Ads,/fiyatlar,17,Temsilci D,Çağrı merkezi,1,0,0,0
L03034,2026-08-24,TikTok Ads,/yks-kocluk,7,Temsilci E,Çağrı merkezi,1,0,0,0
L03035,2026-08-25,TikTok Ads,/lgs-paket,5,Temsilci A,WhatsApp,0,0,0,0
L03036,2026-08-24,TikTok Ads,/yks-kocluk,7,Temsilci D,Çağrı merkezi,1,1,1,3360
L03037,2026-08-17,TikTok Ads,/fiyatlar,9,Temsilci A,WhatsApp,0,0,0,0
L03038,2026-08-20,TikTok Ads,/yks-kocluk,12,Temsilci D,Çağrı merkezi,0,0,0,0
L03039,2026-08-18,TikTok Ads,/lgs-paket,186,Temsilci F,Çağrı merkezi,0,0,0,0
L03040,2026-08-08,TikTok Ads,/ucretsiz-deneme-dersi,97,Temsilci E,Çağrı merkezi,1,0,0,0
L03041,2026-08-30,TikTok Ads,/lgs-paket,72,Temsilci E,Çağrı merkezi,0,0,0,0
L03042,2026-08-03,TikTok Ads,/yks-kocluk,17,Temsilci E,Çağrı merkezi,1,0,0,0
L03043,2026-08-04,TikTok Ads,/yks-kocluk,45,Temsilci B,WhatsApp,0,0,0,0
L03044,2026-08-02,TikTok Ads,/fiyatlar,220,Temsilci D,Çağrı merkezi,1,0,0,0
L03045,2026-08-29,TikTok Ads,/ucretsiz-deneme-dersi,59,Temsilci C,WhatsApp,1,0,0,0
L03046,2026-08-24,TikTok Ads,/yks-kocluk,42,Temsilci E,Çağrı merkezi,0,0,0,0
L03047,2026-08-26,TikTok Ads,/lgs-paket,5,Temsilci D,Çağrı merkezi,1,0,0,0
L03048,2026-08-05,TikTok Ads,/yks-kocluk,17,Temsilci E,Çağrı merkezi,1,1,0,0
L03049,2026-08-02,TikTok Ads,/yks-kocluk,885,Temsilci F,Çağrı merkezi,1,1,0,0
L03050,2026-08-19,TikTok Ads,/yks-kocluk,2,Temsilci A,WhatsApp,1,0,0,0
L03051,2026-08-28,TikTok Ads,/yks-kocluk,475,Temsilci F,Çağrı merkezi,0,0,0,0
L03052,2026-08-14,TikTok Ads,/lgs-paket,2,Temsilci A,WhatsApp,1,1,0,0
L03053,2026-08-30,TikTok Ads,/yks-kocluk,84,Temsilci D,Çağrı merkezi,1,0,0,0
L03054,2026-08-18,TikTok Ads,/fiyatlar,33,Temsilci E,Çağrı merkezi,0,0,0,0
L03055,2026-08-25,TikTok Ads,/yks-kocluk,7,Temsilci B,WhatsApp,1,0,0,0
L03056,2026-08-14,TikTok Ads,/yks-kocluk,42,Temsilci C,WhatsApp,1,0,0,0
L03057,2026-08-05,TikTok Ads,/fiyatlar,52,Temsilci B,WhatsApp,1,1,1,4210
L03058,2026-08-20,TikTok Ads,/ucretsiz-deneme-dersi,91,Temsilci B,WhatsApp,1,0,0,0
L03059,2026-08-14,TikTok Ads,/yks-kocluk,4,Temsilci B,WhatsApp,1,1,0,0
L03060,2026-08-15,TikTok Ads,/lgs-paket,50,Temsilci D,Çağrı merkezi,1,0,0,0
L03061,2026-08-25,TikTok Ads,/yks-kocluk,3,Temsilci A,WhatsApp,1,1,0,0
L03062,2026-08-04,TikTok Ads,/yks-kocluk,93,Temsilci E,Çağrı merkezi,1,0,0,0
L03063,2026-08-21,TikTok Ads,/lgs-paket,1,Temsilci A,WhatsApp,1,0,0,0
L03064,2026-08-04,TikTok Ads,/lgs-paket,221,Temsilci E,Çağrı merkezi,1,0,0,0
L03065,2026-08-18,TikTok Ads,/yks-kocluk,1,Temsilci A,WhatsApp,1,0,0,0
L03066,2026-08-15,TikTok Ads,/blog/*,56,Temsilci A,WhatsApp,1,1,0,0
L03067,2026-08-26,TikTok Ads,/yks-kocluk,36,Temsilci B,WhatsApp,1,1,1,3120
L03068,2026-08-07,TikTok Ads,/lgs-paket,47,Temsilci B,WhatsApp,0,0,0,0
L03069,2026-08-11,TikTok Ads,/yks-kocluk,167,Temsilci C,WhatsApp,0,0,0,0
L03070,2026-08-28,TikTok Ads,/ucretsiz-deneme-dersi,4,Temsilci A,WhatsApp,1,0,0,0
L03071,2026-08-06,TikTok Ads,/lgs-paket,414,Temsilci C,WhatsApp,1,1,0,0
L03072,2026-08-23,TikTok Ads,/ucretsiz-deneme-dersi,75,Temsilci E,Çağrı merkezi,1,0,0,0
L03073,2026-08-09,TikTok Ads,/yks-kocluk,2430,Temsilci F,Çağrı merkezi,1,0,0,0
L03074,2026-08-10,TikTok Ads,/ucretsiz-deneme-dersi,188,Temsilci C,WhatsApp,0,0,0,0
L03075,2026-08-28,TikTok Ads,/fiyatlar,1,Temsilci A,WhatsApp,1,0,0,0
L03076,2026-08-15,TikTok Ads,/yks-kocluk,184,Temsilci E,Çağrı merkezi,0,0,0,0
L03077,2026-08-16,TikTok Ads,/ucretsiz-deneme-dersi,255,Temsilci E,Çağrı merkezi,0,0,0,0
L03078,2026-08-15,TikTok Ads,/lgs-paket,61,Temsilci D,Çağrı merkezi,1,1,0,0
L03079,2026-08-24,TikTok Ads,/yks-kocluk,1,Temsilci B,WhatsApp,1,0,0,0
L03080,2026-08-13,TikTok Ads,/ucretsiz-deneme-dersi,14,Temsilci A,WhatsApp,1,1,0,0
L03081,2026-08-26,TikTok Ads,/fiyatlar,84,Temsilci E,Çağrı merkezi,0,0,0,0
L03082,2026-08-27,TikTok Ads,/yks-kocluk,176,Temsilci C,WhatsApp,1,0,0,0
L03083,2026-08-26,TikTok Ads,/blog/*,178,Temsilci C,WhatsApp,1,1,0,0
L03084,2026-08-08,TikTok Ads,/yks-kocluk,261,Temsilci B,WhatsApp,1,0,0,0
L03085,2026-08-28,TikTok Ads,/ucretsiz-deneme-dersi,324,Temsilci F,Çağrı merkezi,0,0,0,0
L03086,2026-08-23,TikTok Ads,/fiyatlar,27,Temsilci D,Çağrı merkezi,1,0,0,0
L03087,2026-08-27,TikTok Ads,/lgs-paket,11,Temsilci B,WhatsApp,1,0,0,0
L03088,2026-08-12,TikTok Ads,/yks-kocluk,1,Temsilci D,Çağrı merkezi,1,0,0,0
L03089,2026-08-29,TikTok Ads,/lgs-paket,14,Temsilci A,WhatsApp,1,0,0,0
L03090,2026-08-26,TikTok Ads,/lgs-paket,6,Temsilci A,WhatsApp,1,0,0,0
L03091,2026-08-24,TikTok Ads,/ucretsiz-deneme-dersi,36,Temsilci B,WhatsApp,1,0,0,0
L03092,2026-08-17,TikTok Ads,/lgs-paket,290,Temsilci C,WhatsApp,0,0,0,0
L03093,2026-08-26,TikTok Ads,/ucretsiz-deneme-dersi,30,Temsilci E,Çağrı merkezi,1,0,0,0
L03094,2026-08-29,Organik / SEO,/ucretsiz-deneme-dersi,12,Temsilci E,Çağrı merkezi,0,0,0,0
L03095,2026-08-11,Organik / SEO,/lgs-paket,34,Temsilci F,Çağrı merkezi,1,1,0,0
L03096,2026-08-05,Organik / SEO,/yks-kocluk,1,Temsilci B,WhatsApp,1,0,0,0
L03097,2026-08-20,Organik / SEO,/lgs-paket,15,Temsilci D,Çağrı merkezi,1,1,1,5380
L03098,2026-08-08,Organik / SEO,/ucretsiz-deneme-dersi,90,Temsilci B,WhatsApp,1,0,0,0
L03099,2026-08-05,Organik / SEO,/blog/*,259,Temsilci F,Çağrı merkezi,1,1,0,0
L03100,2026-08-29,Organik / SEO,/ucretsiz-deneme-dersi,89,Temsilci B,WhatsApp,1,1,0,0
L03101,2026-08-30,Organik / SEO,/yks-kocluk,16,Temsilci B,WhatsApp,0,0,0,0
L03102,2026-08-01,Organik / SEO,/yks-kocluk,269,Temsilci B,WhatsApp,1,0,0,0
L03103,2026-08-13,Organik / SEO,/lgs-paket,1,Temsilci D,Çağrı merkezi,1,1,0,0
L03104,2026-08-22,Organik / SEO,/fiyatlar,551,Temsilci F,Çağrı merkezi,1,1,1,4560
L03105,2026-08-12,Organik / SEO,/lgs-paket,2,Temsilci A,WhatsApp,0,0,0,0
L03106,2026-08-08,Organik / SEO,/fiyatlar,1293,Temsilci C,WhatsApp,0,0,0,0
L03107,2026-08-21,Organik / SEO,/blog/*,39,Temsilci E,Çağrı merkezi,1,1,0,0
L03108,2026-08-25,Organik / SEO,/ucretsiz-deneme-dersi,56,Temsilci E,Çağrı merkezi,1,1,0,0
L03109,2026-08-19,Organik / SEO,/yks-kocluk,375,Temsilci F,Çağrı merkezi,1,1,0,0
L03110,2026-08-01,Organik / SEO,/lgs-paket,104,Temsilci D,Çağrı merkezi,1,0,0,0
L03111,2026-08-09,Organik / SEO,/blog/*,746,Temsilci F,Çağrı merkezi,1,1,1,5790
L03112,2026-08-14,Organik / SEO,/lgs-paket,119,Temsilci F,Çağrı merkezi,1,1,0,0
L03113,2026-08-13,Organik / SEO,/fiyatlar,283,Temsilci C,WhatsApp,0,0,0,0
L03114,2026-08-23,Organik / SEO,/fiyatlar,530,Temsilci B,WhatsApp,1,1,0,0
L03115,2026-08-13,Organik / SEO,/ucretsiz-deneme-dersi,17,Temsilci E,Çağrı merkezi,1,1,0,0
L03116,2026-08-12,Organik / SEO,/ucretsiz-deneme-dersi,20,Temsilci B,WhatsApp,1,1,1,5310
L03117,2026-08-19,Organik / SEO,/ucretsiz-deneme-dersi,2,Temsilci D,Çağrı merkezi,1,0,0,0
L03118,2026-08-17,Organik / SEO,/yks-kocluk,10,Temsilci D,Çağrı merkezi,1,0,0,0
L03119,2026-08-04,Organik / SEO,/lgs-paket,259,Temsilci F,Çağrı merkezi,1,1,0,0
L03120,2026-08-12,Organik / SEO,/fiyatlar,2,Temsilci D,Çağrı merkezi,1,1,1,4820
L03121,2026-08-23,Organik / SEO,/ucretsiz-deneme-dersi,3,Temsilci B,WhatsApp,1,1,0,0
L03122,2026-08-12,Organik / SEO,/lgs-paket,177,Temsilci F,Çağrı merkezi,0,0,0,0
L03123,2026-08-28,Organik / SEO,/yks-kocluk,2,Temsilci A,WhatsApp,1,0,0,0
L03124,2026-08-25,Organik / SEO,/blog/*,25,Temsilci E,Çağrı merkezi,1,1,0,0
L03125,2026-08-11,Organik / SEO,/lgs-paket,4,Temsilci A,WhatsApp,1,0,0,0
L03126,2026-08-22,Organik / SEO,/ucretsiz-deneme-dersi,15,Temsilci D,Çağrı merkezi,1,0,0,0
L03127,2026-08-04,Organik / SEO,/lgs-paket,192,Temsilci F,Çağrı merkezi,1,1,0,0
L03128,2026-08-05,Organik / SEO,/lgs-paket,6,Temsilci B,WhatsApp,1,1,0,0
L03129,2026-08-03,Organik / SEO,/lgs-paket,512,Temsilci F,Çağrı merkezi,0,0,0,0
L03130,2026-08-09,Organik / SEO,/ucretsiz-deneme-dersi,152,Temsilci C,WhatsApp,1,0,0,0
L03131,2026-08-12,Organik / SEO,/ucretsiz-deneme-dersi,93,Temsilci C,WhatsApp,0,0,0,0
L03132,2026-08-11,Organik / SEO,/lgs-paket,7,Temsilci E,Çağrı merkezi,0,0,0,0
L03133,2026-08-05,Organik / SEO,/yks-kocluk,96,Temsilci C,WhatsApp,1,1,0,0
L03134,2026-08-02,Organik / SEO,/yks-kocluk,10,Temsilci D,Çağrı merkezi,1,1,1,3800
L03135,2026-08-06,Organik / SEO,/yks-kocluk,11,Temsilci B,WhatsApp,0,0,0,0
L03136,2026-08-06,Organik / SEO,/lgs-paket,52,Temsilci E,Çağrı merkezi,0,0,0,0
L03137,2026-08-29,Organik / SEO,/ucretsiz-deneme-dersi,1,Temsilci A,WhatsApp,1,0,0,0
L03138,2026-08-30,Organik / SEO,/fiyatlar,21,Temsilci B,WhatsApp,1,1,1,6740
L03139,2026-08-03,Organik / SEO,/lgs-paket,142,Temsilci E,Çağrı merkezi,0,0,0,0
L03140,2026-08-12,Organik / SEO,/yks-kocluk,1,Temsilci A,WhatsApp,1,1,0,0
L03141,2026-08-02,Organik / SEO,/yks-kocluk,89,Temsilci E,Çağrı merkezi,1,1,0,0
L03142,2026-08-26,Organik / SEO,/yks-kocluk,22,Temsilci F,Çağrı merkezi,1,1,0,0
L03143,2026-08-24,Organik / SEO,/lgs-paket,1,Temsilci D,Çağrı merkezi,1,1,1,3860
L03144,2026-08-14,Organik / SEO,/ucretsiz-deneme-dersi,4,Temsilci F,Çağrı merkezi,0,0,0,0
L03145,2026-08-09,Organik / SEO,/fiyatlar,76,Temsilci F,Çağrı merkezi,1,0,0,0
L03146,2026-08-18,Organik / SEO,/ucretsiz-deneme-dersi,83,Temsilci F,Çağrı merkezi,0,0,0,0
L03147,2026-08-05,Organik / SEO,/ucretsiz-deneme-dersi,35,Temsilci E,Çağrı merkezi,1,1,0,0
L03148,2026-08-14,Organik / SEO,/lgs-paket,16,Temsilci E,Çağrı merkezi,0,0,0,0
L03149,2026-08-25,Organik / SEO,/yks-kocluk,22,Temsilci F,Çağrı merkezi,1,0,0,0
L03150,2026-08-30,Organik / SEO,/yks-kocluk,9,Temsilci D,Çağrı merkezi,1,1,1,6040
L03151,2026-08-25,Organik / SEO,/yks-kocluk,57,Temsilci C,WhatsApp,1,0,0,0
L03152,2026-08-22,Organik / SEO,/ucretsiz-deneme-dersi,141,Temsilci B,WhatsApp,1,0,0,0
L03153,2026-08-07,Organik / SEO,/blog/*,107,Temsilci F,Çağrı merkezi,1,0,0,0
L03154,2026-08-27,Organik / SEO,/yks-kocluk,19,Temsilci B,WhatsApp,1,0,0,0
L03155,2026-08-18,Organik / SEO,/lgs-paket,135,Temsilci F,Çağrı merkezi,1,1,0,0
L03156,2026-08-09,Organik / SEO,/fiyatlar,135,Temsilci E,Çağrı merkezi,0,0,0,0
L03157,2026-08-06,Organik / SEO,/yks-kocluk,17,Temsilci B,WhatsApp,0,0,0,0
L03158,2026-08-30,Organik / SEO,/ucretsiz-deneme-dersi,255,Temsilci C,WhatsApp,1,1,0,0
L03159,2026-08-15,Organik / SEO,/fiyatlar,598,Temsilci C,WhatsApp,1,1,0,0
L03160,2026-08-03,Organik / SEO,/lgs-paket,2,Temsilci D,Çağrı merkezi,1,0,0,0
L03161,2026-08-01,Organik / SEO,/ucretsiz-deneme-dersi,532,Temsilci E,Çağrı merkezi,0,0,0,0
L03162,2026-08-11,Organik / SEO,/yks-kocluk,12,Temsilci D,Çağrı merkezi,1,1,0,0
L03163,2026-08-04,Organik / SEO,/fiyatlar,18,Temsilci A,WhatsApp,0,0,0,0
L03164,2026-08-15,Organik / SEO,/ucretsiz-deneme-dersi,4,Temsilci D,Çağrı merkezi,0,0,0,0
L03165,2026-08-01,Organik / SEO,/yks-kocluk,597,Temsilci C,WhatsApp,1,1,0,0
L03166,2026-08-06,Organik / SEO,/yks-kocluk,3,Temsilci A,WhatsApp,1,0,0,0
L03167,2026-08-11,Organik / SEO,/fiyatlar,168,Temsilci C,WhatsApp,1,1,1,3900
L03168,2026-08-05,Organik / SEO,/yks-kocluk,215,Temsilci C,WhatsApp,0,0,0,0
L03169,2026-08-12,Organik / SEO,/fiyatlar,1,Temsilci A,WhatsApp,1,0,0,0
L03170,2026-08-23,Organik / SEO,/fiyatlar,8,Temsilci A,WhatsApp,1,0,0,0
L03171,2026-08-30,Organik / SEO,/yks-kocluk,1666,Temsilci C,WhatsApp,0,0,0,0
L03172,2026-08-22,Organik / SEO,/ucretsiz-deneme-dersi,42,Temsilci D,Çağrı merkezi,1,1,1,6620
L03173,2026-08-16,Organik / SEO,/yks-kocluk,51,Temsilci D,Çağrı merkezi,0,0,0,0
L03174,2026-08-15,Organik / SEO,/ucretsiz-deneme-dersi,56,Temsilci A,WhatsApp,0,0,0,0
L03175,2026-08-19,Organik / SEO,/ucretsiz-deneme-dersi,7,Temsilci F,Çağrı merkezi,1,0,0,0
L03176,2026-08-03,Organik / SEO,/yks-kocluk,4,Temsilci D,Çağrı merkezi,1,1,1,5890
L03177,2026-08-07,Organik / SEO,/ucretsiz-deneme-dersi,7,Temsilci E,Çağrı merkezi,1,1,1,4310
L03178,2026-08-02,Organik / SEO,/lgs-paket,3013,Temsilci F,Çağrı merkezi,1,1,0,0
L03179,2026-08-20,Organik / SEO,/fiyatlar,163,Temsilci B,WhatsApp,1,0,0,0
L03180,2026-08-29,Organik / SEO,/yks-kocluk,86,Temsilci E,Çağrı merkezi,0,0,0,0
L03181,2026-08-08,Organik / SEO,/fiyatlar,703,Temsilci F,Çağrı merkezi,1,1,1,3830
L03182,2026-08-16,Organik / SEO,/ucretsiz-deneme-dersi,3,Temsilci E,Çağrı merkezi,1,1,0,0
L03183,2026-08-30,Organik / SEO,/fiyatlar,2,Temsilci A,WhatsApp,1,1,1,6070
L03184,2026-08-29,Organik / SEO,/yks-kocluk,29,Temsilci D,Çağrı merkezi,1,1,0,0
L03185,2026-08-07,Organik / SEO,/ucretsiz-deneme-dersi,104,Temsilci E,Çağrı merkezi,1,0,0,0
L03186,2026-08-12,Organik / SEO,/fiyatlar,1,Temsilci A,WhatsApp,1,1,0,0
L03187,2026-08-06,Organik / SEO,/yks-kocluk,1,Temsilci A,WhatsApp,1,0,0,0
L03188,2026-08-03,Organik / SEO,/lgs-paket,5,Temsilci D,Çağrı merkezi,1,1,1,5070
L03189,2026-08-09,Organik / SEO,/yks-kocluk,21,Temsilci A,WhatsApp,1,1,0,0
L03190,2026-08-08,Organik / SEO,/ucretsiz-deneme-dersi,197,Temsilci C,WhatsApp,1,1,0,0
L03191,2026-08-19,Organik / SEO,/yks-kocluk,22,Temsilci D,Çağrı merkezi,1,1,0,0
L03192,2026-08-18,Organik / SEO,/lgs-paket,9,Temsilci D,Çağrı merkezi,1,1,0,0
L03193,2026-08-03,Organik / SEO,/lgs-paket,3,Temsilci D,Çağrı merkezi,1,0,0,0
L03194,2026-08-10,Organik / SEO,/fiyatlar,443,Temsilci C,WhatsApp,0,0,0,0
L03195,2026-08-15,Organik / SEO,/yks-kocluk,157,Temsilci E,Çağrı merkezi,0,0,0,0
L03196,2026-08-15,Organik / SEO,/yks-kocluk,379,Temsilci E,Çağrı merkezi,1,1,0,0
L03197,2026-08-14,Organik / SEO,/yks-kocluk,1,Temsilci D,Çağrı merkezi,0,0,0,0
L03198,2026-08-08,Organik / SEO,/lgs-paket,196,Temsilci B,WhatsApp,0,0,0,0
L03199,2026-08-05,Organik / SEO,/lgs-paket,103,Temsilci C,WhatsApp,1,1,0,0
L03200,2026-08-01,Organik / SEO,/ucretsiz-deneme-dersi,1,Temsilci B,WhatsApp,1,1,1,4150
L03201,2026-08-23,Organik / SEO,/ucretsiz-deneme-dersi,4,Temsilci A,WhatsApp,1,0,0,0
L03202,2026-08-04,Organik / SEO,/ucretsiz-deneme-dersi,71,Temsilci E,Çağrı merkezi,1,1,0,0
L03203,2026-08-26,Organik / SEO,/yks-kocluk,132,Temsilci E,Çağrı merkezi,0,0,0,0
L03204,2026-08-22,Organik / SEO,/lgs-paket,12,Temsilci A,WhatsApp,0,0,0,0
L03205,2026-08-17,Organik / SEO,/lgs-paket,26,Temsilci E,Çağrı merkezi,1,1,0,0
L03206,2026-08-11,Organik / SEO,/ucretsiz-deneme-dersi,14,Temsilci D,Çağrı merkezi,1,0,0,0
L03207,2026-08-04,Organik / SEO,/lgs-paket,3,Temsilci E,Çağrı merkezi,1,0,0,0
L03208,2026-08-11,Organik / SEO,/fiyatlar,9,Temsilci D,Çağrı merkezi,0,0,0,0
L03209,2026-08-20,Organik / SEO,/fiyatlar,5,Temsilci A,WhatsApp,1,0,0,0
L03210,2026-08-17,Organik / SEO,/fiyatlar,28,Temsilci D,Çağrı merkezi,0,0,0,0
L03211,2026-08-09,Organik / SEO,/yks-kocluk,986,Temsilci C,WhatsApp,0,0,0,0
L03212,2026-08-17,Organik / SEO,/yks-kocluk,337,Temsilci F,Çağrı merkezi,1,1,0,0
L03213,2026-08-20,Organik / SEO,/yks-kocluk,34,Temsilci B,WhatsApp,0,0,0,0
L03214,2026-08-08,Organik / SEO,/yks-kocluk,7,Temsilci B,WhatsApp,1,1,0,0
L03215,2026-08-21,Organik / SEO,/yks-kocluk,90,Temsilci B,WhatsApp,0,0,0,0
L03216,2026-08-24,Organik / SEO,/yks-kocluk,44,Temsilci D,Çağrı merkezi,0,0,0,0
L03217,2026-08-19,Organik / SEO,/ucretsiz-deneme-dersi,42,Temsilci B,WhatsApp,0,0,0,0
L03218,2026-08-24,Organik / SEO,/ucretsiz-deneme-dersi,1,Temsilci A,WhatsApp,1,0,0,0
L03219,2026-08-09,Organik / SEO,/blog/*,136,Temsilci F,Çağrı merkezi,0,0,0,0
L03220,2026-08-05,Organik / SEO,/ucretsiz-deneme-dersi,5,Temsilci D,Çağrı merkezi,0,0,0,0
L03221,2026-08-23,Organik / SEO,/fiyatlar,57,Temsilci B,WhatsApp,1,0,0,0
L03222,2026-08-25,Organik / SEO,/yks-kocluk,3,Temsilci A,WhatsApp,1,1,1,3650
L03223,2026-08-27,Organik / SEO,/yks-kocluk,378,Temsilci F,Çağrı merkezi,1,0,0,0
L03224,2026-08-15,Organik / SEO,/lgs-paket,98,Temsilci D,Çağrı merkezi,1,1,1,3860
L03225,2026-08-01,Organik / SEO,/ucretsiz-deneme-dersi,18,Temsilci E,Çağrı merkezi,1,0,0,0
L03226,2026-08-24,Organik / SEO,/yks-kocluk,67,Temsilci C,WhatsApp,1,0,0,0
L03227,2026-08-06,Organik / SEO,/ucretsiz-deneme-dersi,14,Temsilci E,Çağrı merkezi,0,0,0,0
L03228,2026-08-01,Organik / SEO,/yks-kocluk,655,Temsilci F,Çağrı merkezi,1,0,0,0
L03229,2026-08-13,Organik / SEO,/yks-kocluk,5,Temsilci E,Çağrı merkezi,1,0,0,0
L03230,2026-08-14,Organik / SEO,/lgs-paket,3,Temsilci E,Çağrı merkezi,1,0,0,0
L03231,2026-08-27,Organik / SEO,/lgs-paket,7,Temsilci D,Çağrı merkezi,1,0,0,0
L03232,2026-08-13,Organik / SEO,/yks-kocluk,32,Temsilci D,Çağrı merkezi,1,1,0,0
L03233,2026-08-12,Organik / SEO,/yks-kocluk,19,Temsilci E,Çağrı merkezi,1,1,0,0
L03234,2026-08-15,Organik / SEO,/blog/*,164,Temsilci D,Çağrı merkezi,0,0,0,0
L03235,2026-08-20,Organik / SEO,/ucretsiz-deneme-dersi,61,Temsilci F,Çağrı merkezi,1,1,0,0
L03236,2026-08-13,Organik / SEO,/yks-kocluk,5,Temsilci B,WhatsApp,1,1,0,0
L03237,2026-08-04,Organik / SEO,/yks-kocluk,10,Temsilci B,WhatsApp,0,0,0,0
L03238,2026-08-22,Organik / SEO,/yks-kocluk,354,Temsilci F,Çağrı merkezi,0,0,0,0
L03239,2026-08-23,Organik / SEO,/yks-kocluk,138,Temsilci F,Çağrı merkezi,0,0,0,0
L03240,2026-08-28,Organik / SEO,/lgs-paket,5,Temsilci A,WhatsApp,1,0,0,0
L03241,2026-08-22,Organik / SEO,/ucretsiz-deneme-dersi,819,Temsilci F,Çağrı merkezi,1,0,0,0
L03242,2026-08-24,Organik / SEO,/yks-kocluk,21,Temsilci F,Çağrı merkezi,1,0,0,0
L03243,2026-08-09,Organik / SEO,/yks-kocluk,80,Temsilci E,Çağrı merkezi,1,1,0,0
L03244,2026-08-10,Organik / SEO,/blog/*,77,Temsilci B,WhatsApp,0,0,0,0
L03245,2026-08-12,Organik / SEO,/lgs-paket,10,Temsilci B,WhatsApp,0,0,0,0
L03246,2026-08-27,Organik / SEO,/yks-kocluk,66,Temsilci F,Çağrı merkezi,1,0,0,0
L03247,2026-08-28,Organik / SEO,/ucretsiz-deneme-dersi,6,Temsilci D,Çağrı merkezi,1,0,0,0
L03248,2026-08-12,Organik / SEO,/fiyatlar,119,Temsilci F,Çağrı merkezi,0,0,0,0
L03249,2026-08-22,Organik / SEO,/yks-kocluk,779,Temsilci C,WhatsApp,1,0,0,0
L03250,2026-08-24,Organik / SEO,/ucretsiz-deneme-dersi,179,Temsilci C,WhatsApp,0,0,0,0
L03251,2026-08-30,Organik / SEO,/ucretsiz-deneme-dersi,55,Temsilci B,WhatsApp,1,1,0,0
L03252,2026-08-28,Organik / SEO,/yks-kocluk,32,Temsilci D,Çağrı merkezi,1,1,0,0
L03253,2026-08-03,Organik / SEO,/lgs-paket,19,Temsilci C,WhatsApp,1,1,1,5820
L03254,2026-08-01,Organik / SEO,/ucretsiz-deneme-dersi,479,Temsilci E,Çağrı merkezi,1,1,0,0
L03255,2026-08-25,Organik / SEO,/lgs-paket,14,Temsilci B,WhatsApp,0,0,0,0
L03256,2026-08-19,Organik / SEO,/lgs-paket,260,Temsilci C,WhatsApp,1,0,0,0
L03257,2026-08-08,Organik / SEO,/yks-kocluk,72,Temsilci C,WhatsApp,1,0,0,0
L03258,2026-08-04,Organik / SEO,/yks-kocluk,2,Temsilci D,Çağrı merkezi,1,1,0,0
L03259,2026-08-09,Organik / SEO,/ucretsiz-deneme-dersi,42,Temsilci E,Çağrı merkezi,0,0,0,0
L03260,2026-08-06,Organik / SEO,/blog/*,2,Temsilci A,WhatsApp,1,1,0,0
L03261,2026-08-02,Organik / SEO,/lgs-paket,10,Temsilci D,Çağrı merkezi,1,1,0,0
L03262,2026-08-22,Organik / SEO,/fiyatlar,16,Temsilci A,WhatsApp,1,1,0,0
L03263,2026-08-27,Organik / SEO,/lgs-paket,5,Temsilci B,WhatsApp,1,1,0,0
L03264,2026-08-03,Organik / SEO,/fiyatlar,18,Temsilci E,Çağrı merkezi,1,1,0,0
L03265,2026-08-09,Organik / SEO,/ucretsiz-deneme-dersi,69,Temsilci B,WhatsApp,0,0,0,0
L03266,2026-08-26,Organik / SEO,/lgs-paket,260,Temsilci C,WhatsApp,0,0,0,0
L03267,2026-08-22,Organik / SEO,/lgs-paket,14,Temsilci A,WhatsApp,1,1,0,0
L03268,2026-08-27,Organik / SEO,/ucretsiz-deneme-dersi,181,Temsilci F,Çağrı merkezi,0,0,0,0
L03269,2026-08-29,Organik / SEO,/ucretsiz-deneme-dersi,31,Temsilci B,WhatsApp,1,1,0,0
L03270,2026-08-13,Organik / SEO,/ucretsiz-deneme-dersi,3,Temsilci D,Çağrı merkezi,1,1,0,0
L03271,2026-08-21,Organik / SEO,/fiyatlar,289,Temsilci F,Çağrı merkezi,0,0,0,0
L03272,2026-08-27,Organik / SEO,/lgs-paket,4,Temsilci E,Çağrı merkezi,0,0,0,0
L03273,2026-08-12,Organik / SEO,/yks-kocluk,59,Temsilci E,Çağrı merkezi,1,1,1,6310
L03274,2026-08-06,Organik / SEO,/ucretsiz-deneme-dersi,2,Temsilci A,WhatsApp,1,0,0,0
L03275,2026-08-07,Organik / SEO,/yks-kocluk,6,Temsilci A,WhatsApp,1,1,0,0
L03276,2026-08-25,Organik / SEO,/fiyatlar,9,Temsilci D,Çağrı merkezi,1,1,0,0
L03277,2026-08-30,Organik / SEO,/yks-kocluk,5,Temsilci A,WhatsApp,1,1,1,6060
L03278,2026-08-06,Organik / SEO,/fiyatlar,6,Temsilci A,WhatsApp,1,0,0,0
L03279,2026-08-28,Organik / SEO,/lgs-paket,15,Temsilci B,WhatsApp,1,0,0,0
L03280,2026-08-12,Organik / SEO,/fiyatlar,276,Temsilci F,Çağrı merkezi,0,0,0,0
L03281,2026-08-05,Organik / SEO,/yks-kocluk,284,Temsilci F,Çağrı merkezi,0,0,0,0
L03282,2026-08-08,Organik / SEO,/ucretsiz-deneme-dersi,274,Temsilci B,WhatsApp,0,0,0,0
L03283,2026-08-06,Organik / SEO,/yks-kocluk,268,Temsilci C,WhatsApp,0,0,0,0
L03284,2026-08-27,Organik / SEO,/fiyatlar,53,Temsilci B,WhatsApp,1,1,0,0
L03285,2026-08-17,Organik / SEO,/lgs-paket,4,Temsilci A,WhatsApp,1,1,0,0
L03286,2026-08-02,Organik / SEO,/lgs-paket,39,Temsilci D,Çağrı merkezi,0,0,0,0
L03287,2026-08-04,Organik / SEO,/ucretsiz-deneme-dersi,62,Temsilci B,WhatsApp,1,1,1,4030
L03288,2026-08-13,Organik / SEO,/yks-kocluk,448,Temsilci F,Çağrı merkezi,0,0,0,0
L03289,2026-08-18,Organik / SEO,/yks-kocluk,62,Temsilci E,Çağrı merkezi,1,1,1,6320
L03290,2026-08-22,Organik / SEO,/ucretsiz-deneme-dersi,479,Temsilci F,Çağrı merkezi,0,0,0,0
L03291,2026-08-09,Organik / SEO,/lgs-paket,740,Temsilci C,WhatsApp,1,1,0,0
L03292,2026-08-05,Organik / SEO,/yks-kocluk,141,Temsilci B,WhatsApp,0,0,0,0
L03293,2026-08-05,Organik / SEO,/blog/*,170,Temsilci F,Çağrı merkezi,0,0,0,0
L03294,2026-08-25,Organik / SEO,/ucretsiz-deneme-dersi,820,Temsilci C,WhatsApp,1,0,0,0
L03295,2026-08-28,Organik / SEO,/ucretsiz-deneme-dersi,44,Temsilci B,WhatsApp,0,0,0,0
L03296,2026-08-22,Organik / SEO,/ucretsiz-deneme-dersi,24,Temsilci B,WhatsApp,0,0,0,0
L03297,2026-08-13,Organik / SEO,/yks-kocluk,60,Temsilci B,WhatsApp,1,0,0,0
L03298,2026-08-07,Organik / SEO,/lgs-paket,14,Temsilci A,WhatsApp,1,0,0,0
L03299,2026-08-26,Organik / SEO,/ucretsiz-deneme-dersi,2,Temsilci B,WhatsApp,1,1,1,5770
L03300,2026-08-16,Organik / SEO,/yks-kocluk,1,Temsilci B,WhatsApp,1,1,0,0
L03301,2026-08-10,Organik / SEO,/ucretsiz-deneme-dersi,198,Temsilci F,Çağrı merkezi,1,0,0,0
L03302,2026-08-03,Organik / SEO,/yks-kocluk,2,Temsilci D,Çağrı merkezi,1,1,1,4890
L03303,2026-08-19,Organik / SEO,/fiyatlar,13,Temsilci D,Çağrı merkezi,1,1,1,5130
L03304,2026-08-12,Organik / SEO,/yks-kocluk,4,Temsilci E,Çağrı merkezi,1,0,0,0
L03305,2026-08-03,Organik / SEO,/lgs-paket,45,Temsilci D,Çağrı merkezi,1,1,0,0
L03306,2026-08-22,Organik / SEO,/lgs-paket,13,Temsilci D,Çağrı merkezi,1,0,0,0
L03307,2026-08-19,Organik / SEO,/ucretsiz-deneme-dersi,230,Temsilci E,Çağrı merkezi,0,0,0,0
L03308,2026-08-15,Organik / SEO,/lgs-paket,801,Temsilci C,WhatsApp,1,0,0,0
L03309,2026-08-26,Organik / SEO,/yks-kocluk,26,Temsilci C,WhatsApp,0,0,0,0
L03310,2026-08-22,Organik / SEO,/yks-kocluk,388,Temsilci E,Çağrı merkezi,1,1,0,0
L03311,2026-08-05,Organik / SEO,/yks-kocluk,30,Temsilci B,WhatsApp,1,1,0,0
L03312,2026-08-13,Organik / SEO,/lgs-paket,57,Temsilci E,Çağrı merkezi,1,1,0,0
L03313,2026-08-07,Organik / SEO,/yks-kocluk,8,Temsilci D,Çağrı merkezi,1,1,0,0
L03314,2026-08-25,Organik / SEO,/yks-kocluk,13,Temsilci D,Çağrı merkezi,1,1,0,0
L03315,2026-08-23,Organik / SEO,/ucretsiz-deneme-dersi,147,Temsilci E,Çağrı merkezi,1,1,0,0
L03316,2026-08-27,Organik / SEO,/ucretsiz-deneme-dersi,99,Temsilci B,WhatsApp,0,0,0,0
L03317,2026-08-29,Organik / SEO,/fiyatlar,310,Temsilci F,Çağrı merkezi,1,1,0,0
L03318,2026-08-11,Organik / SEO,/yks-kocluk,18,Temsilci A,WhatsApp,1,0,0,0
L03319,2026-08-21,Organik / SEO,/yks-kocluk,5,Temsilci B,WhatsApp,1,1,1,6270
L03320,2026-08-25,Organik / SEO,/lgs-paket,4,Temsilci D,Çağrı merkezi,1,0,0,0
L03321,2026-08-26,Organik / SEO,/blog/*,1,Temsilci D,Çağrı merkezi,1,1,0,0
L03322,2026-08-15,Organik / SEO,/lgs-paket,386,Temsilci C,WhatsApp,0,0,0,0
L03323,2026-08-16,Organik / SEO,/lgs-paket,114,Temsilci E,Çağrı merkezi,1,1,0,0
L03324,2026-08-14,Organik / SEO,/fiyatlar,27,Temsilci D,Çağrı merkezi,1,0,0,0
L03325,2026-08-09,Organik / SEO,/fiyatlar,1,Temsilci A,WhatsApp,1,1,1,4260
L03326,2026-08-19,Organik / SEO,/ucretsiz-deneme-dersi,117,Temsilci C,WhatsApp,1,0,0,0
L03327,2026-08-15,Organik / SEO,/yks-kocluk,700,Temsilci F,Çağrı merkezi,1,1,0,0
L03328,2026-08-11,Organik / SEO,/yks-kocluk,111,Temsilci F,Çağrı merkezi,1,1,0,0
L03329,2026-08-04,Organik / SEO,/yks-kocluk,22,Temsilci B,WhatsApp,1,1,1,3880
L03330,2026-08-11,Organik / SEO,/ucretsiz-deneme-dersi,53,Temsilci E,Çağrı merkezi,1,1,1,4870
L03331,2026-08-30,Organik / SEO,/yks-kocluk,479,Temsilci F,Çağrı merkezi,1,1,0,0
L03332,2026-08-29,Organik / SEO,/blog/*,670,Temsilci C,WhatsApp,1,1,1,6440
L03333,2026-08-20,Organik / SEO,/yks-kocluk,145,Temsilci E,Çağrı merkezi,0,0,0,0
L03334,2026-08-25,Organik / SEO,/ucretsiz-deneme-dersi,695,Temsilci F,Çağrı merkezi,1,1,0,0
L03335,2026-08-19,Organik / SEO,/fiyatlar,4,Temsilci D,Çağrı merkezi,1,0,0,0
L03336,2026-08-18,Instagram (organik),/yks-kocluk,2,Temsilci B,WhatsApp,1,1,0,0
L03337,2026-08-16,Instagram (organik),/ucretsiz-deneme-dersi,545,Temsilci B,WhatsApp,0,0,0,0
L03338,2026-08-18,Instagram (organik),/ucretsiz-deneme-dersi,48,Temsilci E,Çağrı merkezi,0,0,0,0
L03339,2026-08-04,Instagram (organik),/yks-kocluk,21,Temsilci A,WhatsApp,0,0,0,0
L03340,2026-08-25,Instagram (organik),/ucretsiz-deneme-dersi,2,Temsilci B,WhatsApp,1,0,0,0
L03341,2026-08-25,Instagram (organik),/yks-kocluk,50,Temsilci C,WhatsApp,0,0,0,0
L03342,2026-08-12,Instagram (organik),/yks-kocluk,297,Temsilci F,Çağrı merkezi,1,1,0,0
L03343,2026-08-05,Instagram (organik),/fiyatlar,1,Temsilci B,WhatsApp,1,1,0,0
L03344,2026-08-28,Instagram (organik),/yks-kocluk,1,Temsilci A,WhatsApp,1,0,0,0
L03345,2026-08-27,Instagram (organik),/yks-kocluk,498,Temsilci F,Çağrı merkezi,1,0,0,0
L03346,2026-08-07,Instagram (organik),/ucretsiz-deneme-dersi,5,Temsilci D,Çağrı merkezi,1,1,0,0
L03347,2026-08-13,Instagram (organik),/yks-kocluk,23,Temsilci E,Çağrı merkezi,1,1,1,6070
L03348,2026-08-26,Instagram (organik),/yks-kocluk,52,Temsilci E,Çağrı merkezi,0,0,0,0
L03349,2026-08-09,Instagram (organik),/ucretsiz-deneme-dersi,68,Temsilci E,Çağrı merkezi,1,1,0,0
L03350,2026-08-03,Instagram (organik),/yks-kocluk,44,Temsilci E,Çağrı merkezi,1,1,0,0
L03351,2026-08-07,Instagram (organik),/fiyatlar,94,Temsilci B,WhatsApp,0,0,0,0
L03352,2026-08-02,Instagram (organik),/fiyatlar,45,Temsilci B,WhatsApp,1,1,1,3670
L03353,2026-08-10,Instagram (organik),/yks-kocluk,15,Temsilci D,Çağrı merkezi,1,0,0,0
L03354,2026-08-22,Instagram (organik),/fiyatlar,64,Temsilci D,Çağrı merkezi,1,1,0,0
L03355,2026-08-29,Instagram (organik),/blog/*,316,Temsilci F,Çağrı merkezi,0,0,0,0
L03356,2026-08-05,Instagram (organik),/ucretsiz-deneme-dersi,67,Temsilci C,WhatsApp,1,1,0,0
L03357,2026-08-21,Instagram (organik),/yks-kocluk,861,Temsilci F,Çağrı merkezi,1,1,0,0
L03358,2026-08-07,Instagram (organik),/blog/*,33,Temsilci C,WhatsApp,1,1,0,0
L03359,2026-08-26,Instagram (organik),/fiyatlar,1,Temsilci A,WhatsApp,1,0,0,0
L03360,2026-08-09,Instagram (organik),/lgs-paket,98,Temsilci C,WhatsApp,0,0,0,0
L03361,2026-08-24,Instagram (organik),/fiyatlar,8,Temsilci B,WhatsApp,1,0,0,0
L03362,2026-08-20,Instagram (organik),/ucretsiz-deneme-dersi,1,Temsilci A,WhatsApp,1,1,0,0
L03363,2026-08-07,Instagram (organik),/yks-kocluk,2,Temsilci A,WhatsApp,1,1,0,0
L03364,2026-08-03,Instagram (organik),/ucretsiz-deneme-dersi,7,Temsilci A,WhatsApp,1,1,0,0
L03365,2026-08-01,Instagram (organik),/lgs-paket,6,Temsilci D,Çağrı merkezi,1,0,0,0
L03366,2026-08-25,Instagram (organik),/fiyatlar,80,Temsilci B,WhatsApp,1,1,0,0
L03367,2026-08-02,Instagram (organik),/yks-kocluk,295,Temsilci B,WhatsApp,0,0,0,0
L03368,2026-08-18,Instagram (organik),/ucretsiz-deneme-dersi,2,Temsilci D,Çağrı merkezi,1,1,0,0
L03369,2026-08-26,Instagram (organik),/yks-kocluk,27,Temsilci B,WhatsApp,1,0,0,0
L03370,2026-08-26,Instagram (organik),/ucretsiz-deneme-dersi,383,Temsilci F,Çağrı merkezi,0,0,0,0
L03371,2026-08-01,Instagram (organik),/yks-kocluk,150,Temsilci F,Çağrı merkezi,1,0,0,0
L03372,2026-08-10,Instagram (organik),/yks-kocluk,8,Temsilci C,WhatsApp,0,0,0,0
L03373,2026-08-24,Instagram (organik),/lgs-paket,151,Temsilci C,WhatsApp,0,0,0,0
L03374,2026-08-24,Instagram (organik),/ucretsiz-deneme-dersi,11,Temsilci A,WhatsApp,1,0,0,0
L03375,2026-08-16,Instagram (organik),/yks-kocluk,262,Temsilci C,WhatsApp,0,0,0,0
L03376,2026-08-27,Instagram (organik),/ucretsiz-deneme-dersi,91,Temsilci B,WhatsApp,1,1,0,0
L03377,2026-08-18,Instagram (organik),/fiyatlar,2,Temsilci D,Çağrı merkezi,1,0,0,0
L03378,2026-08-11,Instagram (organik),/lgs-paket,1,Temsilci A,WhatsApp,1,1,0,0
L03379,2026-08-26,Instagram (organik),/ucretsiz-deneme-dersi,6,Temsilci D,Çağrı merkezi,1,0,0,0
L03380,2026-08-30,Instagram (organik),/lgs-paket,134,Temsilci F,Çağrı merkezi,1,1,0,0
L03381,2026-08-19,Instagram (organik),/ucretsiz-deneme-dersi,9,Temsilci A,WhatsApp,1,1,0,0
L03382,2026-08-04,Instagram (organik),/lgs-paket,2,Temsilci E,Çağrı merkezi,1,0,0,0
L03383,2026-08-18,Instagram (organik),/lgs-paket,229,Temsilci F,Çağrı merkezi,0,0,0,0
L03384,2026-08-29,Instagram (organik),/blog/*,13,Temsilci A,WhatsApp,1,0,0,0
L03385,2026-08-10,Instagram (organik),/ucretsiz-deneme-dersi,647,Temsilci F,Çağrı merkezi,0,0,0,0
L03386,2026-08-12,Instagram (organik),/yks-kocluk,53,Temsilci E,Çağrı merkezi,0,0,0,0
L03387,2026-08-06,Instagram (organik),/ucretsiz-deneme-dersi,521,Temsilci F,Çağrı merkezi,0,0,0,0
L03388,2026-08-16,Instagram (organik),/yks-kocluk,19,Temsilci B,WhatsApp,1,1,1,3990
L03389,2026-08-15,Instagram (organik),/yks-kocluk,9,Temsilci A,WhatsApp,1,1,1,4450
L03390,2026-08-11,Instagram (organik),/ucretsiz-deneme-dersi,125,Temsilci C,WhatsApp,0,0,0,0
L03391,2026-08-28,Instagram (organik),/blog/*,47,Temsilci B,WhatsApp,1,0,0,0
L03392,2026-08-07,Instagram (organik),/yks-kocluk,49,Temsilci C,WhatsApp,1,0,0,0
L03393,2026-08-01,Instagram (organik),/yks-kocluk,133,Temsilci E,Çağrı merkezi,0,0,0,0
L03394,2026-08-30,Instagram (organik),/yks-kocluk,306,Temsilci C,WhatsApp,0,0,0,0
L03395,2026-08-01,Instagram (organik),/fiyatlar,221,Temsilci E,Çağrı merkezi,0,0,0,0
L03396,2026-08-22,Instagram (organik),/lgs-paket,280,Temsilci E,Çağrı merkezi,1,0,0,0
L03397,2026-08-15,Instagram (organik),/lgs-paket,233,Temsilci E,Çağrı merkezi,1,1,0,0
L03398,2026-08-06,Instagram (organik),/blog/*,74,Temsilci E,Çağrı merkezi,1,1,0,0
L03399,2026-08-16,Instagram (organik),/lgs-paket,21,Temsilci B,WhatsApp,1,1,0,0
L03400,2026-08-29,Instagram (organik),/lgs-paket,17,Temsilci E,Çağrı merkezi,0,0,0,0
L03401,2026-08-05,Instagram (organik),/yks-kocluk,119,Temsilci C,WhatsApp,0,0,0,0
L03402,2026-08-05,Instagram (organik),/ucretsiz-deneme-dersi,1,Temsilci A,WhatsApp,0,0,0,0
L03403,2026-08-30,Instagram (organik),/ucretsiz-deneme-dersi,5,Temsilci B,WhatsApp,1,1,0,0
L03404,2026-08-19,Instagram (organik),/lgs-paket,3,Temsilci D,Çağrı merkezi,1,0,0,0
L03405,2026-08-21,Instagram (organik),/lgs-paket,71,Temsilci E,Çağrı merkezi,0,0,0,0
L03406,2026-08-06,Instagram (organik),/yks-kocluk,1,Temsilci D,Çağrı merkezi,1,0,0,0
L03407,2026-08-01,Instagram (organik),/ucretsiz-deneme-dersi,80,Temsilci E,Çağrı merkezi,1,0,0,0
L03408,2026-08-08,Instagram (organik),/ucretsiz-deneme-dersi,1,Temsilci A,WhatsApp,1,0,0,0
L03409,2026-08-08,Instagram (organik),/ucretsiz-deneme-dersi,8,Temsilci B,WhatsApp,1,1,1,6100
L03410,2026-08-06,Instagram (organik),/ucretsiz-deneme-dersi,194,Temsilci C,WhatsApp,0,0,0,0
L03411,2026-08-30,Instagram (organik),/fiyatlar,391,Temsilci F,Çağrı merkezi,1,1,0,0
L03412,2026-08-16,Instagram (organik),/blog/*,1098,Temsilci C,WhatsApp,1,0,0,0
L03413,2026-08-17,Instagram (organik),/yks-kocluk,42,Temsilci E,Çağrı merkezi,1,0,0,0
L03414,2026-08-25,Instagram (organik),/yks-kocluk,1,Temsilci F,Çağrı merkezi,1,1,0,0
L03415,2026-08-30,Instagram (organik),/blog/*,43,Temsilci D,Çağrı merkezi,1,0,0,0
L03416,2026-08-17,Instagram (organik),/yks-kocluk,771,Temsilci F,Çağrı merkezi,0,0,0,0
L03417,2026-08-10,Instagram (organik),/blog/*,17,Temsilci D,Çağrı merkezi,0,0,0,0
L03418,2026-08-04,Instagram (organik),/ucretsiz-deneme-dersi,33,Temsilci F,Çağrı merkezi,1,1,0,0
L03419,2026-08-23,Instagram (organik),/blog/*,24,Temsilci B,WhatsApp,1,1,0,0
L03420,2026-08-02,Instagram (organik),/yks-kocluk,56,Temsilci E,Çağrı merkezi,1,0,0,0
L03421,2026-08-10,Instagram (organik),/ucretsiz-deneme-dersi,137,Temsilci E,Çağrı merkezi,0,0,0,0
L03422,2026-08-28,Instagram (organik),/ucretsiz-deneme-dersi,1,Temsilci A,WhatsApp,1,1,0,0
L03423,2026-08-14,Instagram (organik),/ucretsiz-deneme-dersi,207,Temsilci E,Çağrı merkezi,1,0,0,0
L03424,2026-08-04,Instagram (organik),/ucretsiz-deneme-dersi,66,Temsilci E,Çağrı merkezi,1,0,0,0
L03425,2026-08-02,Instagram (organik),/yks-kocluk,23,Temsilci D,Çağrı merkezi,1,0,0,0
L03426,2026-08-06,Instagram (organik),/ucretsiz-deneme-dersi,1,Temsilci A,WhatsApp,0,0,0,0
L03427,2026-08-24,Instagram (organik),/yks-kocluk,30,Temsilci C,WhatsApp,1,0,0,0
L03428,2026-08-01,Instagram (organik),/yks-kocluk,8,Temsilci A,WhatsApp,1,1,0,0
L03429,2026-08-08,Instagram (organik),/lgs-paket,58,Temsilci A,WhatsApp,1,1,0,0
L03430,2026-08-26,Instagram (organik),/ucretsiz-deneme-dersi,362,Temsilci F,Çağrı merkezi,0,0,0,0
L03431,2026-08-02,Instagram (organik),/yks-kocluk,32,Temsilci D,Çağrı merkezi,1,0,0,0
L03432,2026-08-25,Instagram (organik),/lgs-paket,68,Temsilci B,WhatsApp,1,0,0,0
L03433,2026-08-29,Instagram (organik),/yks-kocluk,181,Temsilci E,Çağrı merkezi,1,0,0,0
L03434,2026-08-07,Instagram (organik),/yks-kocluk,6,Temsilci D,Çağrı merkezi,1,1,0,0
L03435,2026-08-29,Instagram (organik),/ucretsiz-deneme-dersi,470,Temsilci E,Çağrı merkezi,0,0,0,0
L03436,2026-08-25,Instagram (organik),/lgs-paket,7,Temsilci D,Çağrı merkezi,1,0,0,0
L03437,2026-08-25,Instagram (organik),/yks-kocluk,1,Temsilci A,WhatsApp,1,0,0,0
L03438,2026-08-07,Instagram (organik),/fiyatlar,225,Temsilci F,Çağrı merkezi,1,0,0,0
L03439,2026-08-17,Instagram (organik),/ucretsiz-deneme-dersi,15,Temsilci B,WhatsApp,1,0,0,0
L03440,2026-08-24,Instagram (organik),/fiyatlar,36,Temsilci E,Çağrı merkezi,0,0,0,0
L03441,2026-08-25,Instagram (organik),/ucretsiz-deneme-dersi,5,Temsilci F,Çağrı merkezi,0,0,0,0
L03442,2026-08-16,Instagram (organik),/lgs-paket,22,Temsilci A,WhatsApp,1,0,0,0
L03443,2026-08-12,Instagram (organik),/fiyatlar,1,Temsilci B,WhatsApp,1,0,0,0
L03444,2026-08-04,Instagram (organik),/fiyatlar,40,Temsilci C,WhatsApp,1,1,0,0
L03445,2026-08-14,Instagram (organik),/yks-kocluk,65,Temsilci E,Çağrı merkezi,1,0,0,0
L03446,2026-08-19,Instagram (organik),/fiyatlar,68,Temsilci F,Çağrı merkezi,0,0,0,0
L03447,2026-08-12,Instagram (organik),/ucretsiz-deneme-dersi,46,Temsilci B,WhatsApp,1,0,0,0
L03448,2026-08-24,Instagram (organik),/yks-kocluk,6,Temsilci D,Çağrı merkezi,1,0,0,0
L03449,2026-08-18,Instagram (organik),/lgs-paket,33,Temsilci B,WhatsApp,1,0,0,0
L03450,2026-08-05,Instagram (organik),/yks-kocluk,13,Temsilci B,WhatsApp,1,0,0,0
L03451,2026-08-06,Instagram (organik),/lgs-paket,32,Temsilci B,WhatsApp,0,0,0,0
L03452,2026-08-21,Instagram (organik),/ucretsiz-deneme-dersi,16,Temsilci D,Çağrı merkezi,0,0,0,0
L03453,2026-08-19,Instagram (organik),/fiyatlar,4,Temsilci A,WhatsApp,1,1,0,0
L03454,2026-08-14,Instagram (organik),/ucretsiz-deneme-dersi,9,Temsilci C,WhatsApp,1,0,0,0
L03455,2026-08-16,Instagram (organik),/yks-kocluk,17,Temsilci A,WhatsApp,1,1,0,0
L03456,2026-08-09,Instagram (organik),/lgs-paket,808,Temsilci F,Çağrı merkezi,0,0,0,0
L03457,2026-08-13,Instagram (organik),/yks-kocluk,12,Temsilci E,Çağrı merkezi,1,1,0,0
L03458,2026-08-14,Instagram (organik),/lgs-paket,256,Temsilci C,WhatsApp,0,0,0,0
L03459,2026-08-21,Instagram (organik),/lgs-paket,16,Temsilci D,Çağrı merkezi,1,0,0,0
L03460,2026-08-13,Instagram (organik),/yks-kocluk,42,Temsilci E,Çağrı merkezi,1,1,0,0
L03461,2026-08-06,Instagram (organik),/ucretsiz-deneme-dersi,90,Temsilci E,Çağrı merkezi,0,0,0,0
L03462,2026-08-11,Instagram (organik),/blog/*,11,Temsilci A,WhatsApp,0,0,0,0
L03463,2026-08-06,Instagram (organik),/lgs-paket,1,Temsilci D,Çağrı merkezi,1,0,0,0
L03464,2026-08-29,Instagram (organik),/yks-kocluk,38,Temsilci E,Çağrı merkezi,1,1,0,0
L03465,2026-08-25,Instagram (organik),/yks-kocluk,115,Temsilci E,Çağrı merkezi,1,1,0,0
L03466,2026-08-02,Instagram (organik),/yks-kocluk,538,Temsilci C,WhatsApp,0,0,0,0
L03467,2026-08-08,Instagram (organik),/ucretsiz-deneme-dersi,539,Temsilci F,Çağrı merkezi,0,0,0,0
L03468,2026-08-24,Instagram (organik),/blog/*,23,Temsilci E,Çağrı merkezi,0,0,0,0
L03469,2026-08-08,Instagram (organik),/yks-kocluk,65,Temsilci D,Çağrı merkezi,0,0,0,0
L03470,2026-08-02,Instagram (organik),/yks-kocluk,24,Temsilci A,WhatsApp,1,0,0,0
L03471,2026-08-13,Instagram (organik),/yks-kocluk,24,Temsilci E,Çağrı merkezi,1,0,0,0
L03472,2026-08-12,Instagram (organik),/lgs-paket,5,Temsilci A,WhatsApp,1,1,1,4920
L03473,2026-08-28,Instagram (organik),/fiyatlar,79,Temsilci C,WhatsApp,1,1,0,0
L03474,2026-08-24,Instagram (organik),/fiyatlar,30,Temsilci F,Çağrı merkezi,1,1,0,0
L03475,2026-08-02,Instagram (organik),/yks-kocluk,1165,Temsilci F,Çağrı merkezi,1,0,0,0
L03476,2026-08-04,Instagram (organik),/yks-kocluk,352,Temsilci C,WhatsApp,1,0,0,0
L03477,2026-08-05,Instagram (organik),/ucretsiz-deneme-dersi,3,Temsilci A,WhatsApp,1,1,1,5960
L03478,2026-08-13,Instagram (organik),/fiyatlar,25,Temsilci C,WhatsApp,0,0,0,0
L03479,2026-08-13,Instagram (organik),/yks-kocluk,4,Temsilci B,WhatsApp,1,0,0,0
L03480,2026-08-16,Tavsiye,/yks-kocluk,61,Temsilci D,Çağrı merkezi,1,0,0,0
L03481,2026-08-04,Tavsiye,/ucretsiz-deneme-dersi,38,Temsilci C,WhatsApp,0,0,0,0
L03482,2026-08-21,Tavsiye,/ucretsiz-deneme-dersi,19,Temsilci D,Çağrı merkezi,1,1,0,0
L03483,2026-08-10,Tavsiye,/lgs-paket,369,Temsilci F,Çağrı merkezi,1,1,0,0
L03484,2026-08-06,Tavsiye,/yks-kocluk,27,Temsilci B,WhatsApp,1,1,1,4380
L03485,2026-08-11,Tavsiye,/ucretsiz-deneme-dersi,4,Temsilci B,WhatsApp,1,0,0,0
L03486,2026-08-20,Tavsiye,/yks-kocluk,69,Temsilci F,Çağrı merkezi,1,1,1,6840
L03487,2026-08-30,Tavsiye,/ucretsiz-deneme-dersi,11,Temsilci D,Çağrı merkezi,0,0,0,0
L03488,2026-08-05,Tavsiye,/ucretsiz-deneme-dersi,8,Temsilci D,Çağrı merkezi,1,1,1,6380
L03489,2026-08-20,Tavsiye,/lgs-paket,174,Temsilci C,WhatsApp,1,1,1,6170
L03490,2026-08-06,Tavsiye,/ucretsiz-deneme-dersi,21,Temsilci C,WhatsApp,0,0,0,0
L03491,2026-08-04,Tavsiye,/lgs-paket,22,Temsilci E,Çağrı merkezi,1,1,1,5050
L03492,2026-08-02,Tavsiye,/lgs-paket,41,Temsilci F,Çağrı merkezi,1,1,0,0
L03493,2026-08-10,Tavsiye,/yks-kocluk,51,Temsilci B,WhatsApp,1,1,1,5390
L03494,2026-08-17,Tavsiye,/ucretsiz-deneme-dersi,84,Temsilci F,Çağrı merkezi,0,0,0,0
L03495,2026-08-28,Tavsiye,/lgs-paket,122,Temsilci C,WhatsApp,0,0,0,0
L03496,2026-08-19,Tavsiye,/lgs-paket,48,Temsilci C,WhatsApp,0,0,0,0
L03497,2026-08-07,Tavsiye,/yks-kocluk,23,Temsilci B,WhatsApp,1,1,1,4650
L03498,2026-08-03,Tavsiye,/fiyatlar,7,Temsilci A,WhatsApp,1,1,0,0
L03499,2026-08-06,Tavsiye,/lgs-paket,4,Temsilci A,WhatsApp,1,0,0,0
L03500,2026-08-26,Tavsiye,/fiyatlar,3,Temsilci A,WhatsApp,1,1,1,4880
L03501,2026-08-18,Tavsiye,/lgs-paket,161,Temsilci C,WhatsApp,1,1,0,0
L03502,2026-08-14,Tavsiye,/yks-kocluk,57,Temsilci F,Çağrı merkezi,1,1,0,0
L03503,2026-08-26,Tavsiye,/lgs-paket,4,Temsilci A,WhatsApp,1,1,1,4550
L03504,2026-08-09,Tavsiye,/fiyatlar,4,Temsilci D,Çağrı merkezi,1,1,0,0
L03505,2026-08-19,Tavsiye,/fiyatlar,148,Temsilci E,Çağrı merkezi,0,0,0,0
L03506,2026-08-08,Tavsiye,/yks-kocluk,6,Temsilci D,Çağrı merkezi,1,1,1,6590
L03507,2026-08-09,Tavsiye,/blog/*,27,Temsilci C,WhatsApp,1,1,1,4040
L03508,2026-08-02,Tavsiye,/lgs-paket,80,Temsilci E,Çağrı merkezi,1,1,0,0
L03509,2026-08-27,Tavsiye,/blog/*,100,Temsilci F,Çağrı merkezi,1,1,0,0
L03510,2026-08-22,Tavsiye,/lgs-paket,91,Temsilci C,WhatsApp,1,1,0,0
L03511,2026-08-25,Tavsiye,/lgs-paket,76,Temsilci E,Çağrı merkezi,0,0,0,0
L03512,2026-08-22,Tavsiye,/ucretsiz-deneme-dersi,37,Temsilci D,Çağrı merkezi,1,1,0,0
L03513,2026-08-27,Tavsiye,/ucretsiz-deneme-dersi,5,Temsilci D,Çağrı merkezi,1,1,1,7100
L03514,2026-08-24,Tavsiye,/yks-kocluk,3,Temsilci E,Çağrı merkezi,1,1,1,6380
L03515,2026-08-20,Tavsiye,/ucretsiz-deneme-dersi,449,Temsilci F,Çağrı merkezi,0,0,0,0
L03516,2026-08-27,Tavsiye,/yks-kocluk,43,Temsilci E,Çağrı merkezi,1,0,0,0
L03517,2026-08-15,Tavsiye,/fiyatlar,1,Temsilci D,Çağrı merkezi,1,1,1,7160
L03518,2026-08-30,Tavsiye,/yks-kocluk,33,Temsilci A,WhatsApp,0,0,0,0
L03519,2026-08-07,Tavsiye,/lgs-paket,26,Temsilci B,WhatsApp,1,1,1,6360
L03520,2026-08-21,Tavsiye,/yks-kocluk,38,Temsilci E,Çağrı merkezi,0,0,0,0
L03521,2026-08-28,Tavsiye,/lgs-paket,5,Temsilci A,WhatsApp,1,0,0,0
L03522,2026-08-27,Tavsiye,/lgs-paket,407,Temsilci C,WhatsApp,1,1,0,0
L03523,2026-08-24,Tavsiye,/ucretsiz-deneme-dersi,597,Temsilci F,Çağrı merkezi,0,0,0,0
L03524,2026-08-24,Tavsiye,/ucretsiz-deneme-dersi,63,Temsilci B,WhatsApp,1,1,1,4420
L03525,2026-08-28,Tavsiye,/lgs-paket,11,Temsilci D,Çağrı merkezi,1,0,0,0
L03526,2026-08-03,Tavsiye,/ucretsiz-deneme-dersi,90,Temsilci F,Çağrı merkezi,1,1,0,0
L03527,2026-08-15,Tavsiye,/blog/*,31,Temsilci A,WhatsApp,0,0,0,0
L03528,2026-08-07,Tavsiye,/yks-kocluk,1,Temsilci D,Çağrı merkezi,1,1,1,5880
L03529,2026-08-01,Tavsiye,/yks-kocluk,26,Temsilci E,Çağrı merkezi,1,1,1,6830
L03530,2026-08-12,Tavsiye,/yks-kocluk,133,Temsilci F,Çağrı merkezi,0,0,0,0
L03531,2026-08-23,Tavsiye,/lgs-paket,308,Temsilci E,Çağrı merkezi,0,0,0,0
L03532,2026-08-23,Tavsiye,/yks-kocluk,195,Temsilci C,WhatsApp,0,0,0,0
L03533,2026-08-10,Tavsiye,/yks-kocluk,3,Temsilci D,Çağrı merkezi,1,1,1,6560
L03534,2026-08-16,Tavsiye,/yks-kocluk,6,Temsilci D,Çağrı merkezi,1,1,1,6340
L03535,2026-08-13,Tavsiye,/ucretsiz-deneme-dersi,15,Temsilci B,WhatsApp,0,0,0,0
L03536,2026-08-02,Tavsiye,/ucretsiz-deneme-dersi,341,Temsilci F,Çağrı merkezi,1,0,0,0
L03537,2026-08-25,Tavsiye,/fiyatlar,1,Temsilci D,Çağrı merkezi,1,1,1,4210
L03538,2026-08-11,Tavsiye,/fiyatlar,3,Temsilci D,Çağrı merkezi,1,1,1,6870
L03539,2026-08-04,Tavsiye,/lgs-paket,17,Temsilci B,WhatsApp,1,1,1,5630
L03540,2026-08-08,Tavsiye,/lgs-paket,75,Temsilci B,WhatsApp,0,0,0,0
L03541,2026-08-18,Tavsiye,/ucretsiz-deneme-dersi,114,Temsilci F,Çağrı merkezi,1,0,0,0
L03542,2026-08-10,Tavsiye,/yks-kocluk,3,Temsilci A,WhatsApp,1,1,1,5310
L03543,2026-08-02,Tavsiye,/fiyatlar,1367,Temsilci E,Çağrı merkezi,1,0,0,0
L03544,2026-08-21,Tavsiye,/fiyatlar,107,Temsilci C,WhatsApp,0,0,0,0
L03545,2026-08-30,Tavsiye,/yks-kocluk,21,Temsilci C,WhatsApp,1,1,1,5800
L03546,2026-08-01,Tavsiye,/yks-kocluk,1,Temsilci B,WhatsApp,1,1,1,7060
L03547,2026-08-17,Tavsiye,/fiyatlar,141,Temsilci C,WhatsApp,0,0,0,0
L03548,2026-08-15,Tavsiye,/yks-kocluk,50,Temsilci E,Çağrı merkezi,1,1,1,5300
L03549,2026-09-14,Google Ads (Arama),/lgs-paket,166,Temsilci C,WhatsApp,0,0,0,0
L03550,2026-09-22,Google Ads (Arama),/fiyatlar,806,Temsilci F,Çağrı merkezi,0,0,0,0
L03551,2026-09-19,Google Ads (Arama),/yks-kocluk,148,Temsilci E,Çağrı merkezi,0,0,0,0
L03552,2026-09-20,Google Ads (Arama),/lgs-paket,1004,Temsilci C,WhatsApp,0,0,0,0
L03553,2026-09-12,Google Ads (Arama),/yks-kocluk,227,Temsilci F,Çağrı merkezi,0,0,0,0
L03554,2026-09-11,Google Ads (Arama),/lgs-paket,2,Temsilci D,Çağrı merkezi,1,1,0,0
L03555,2026-09-01,Google Ads (Arama),/ucretsiz-deneme-dersi,20,Temsilci D,Çağrı merkezi,0,0,0,0
L03556,2026-09-04,Google Ads (Arama),/ucretsiz-deneme-dersi,22,Temsilci D,Çağrı merkezi,0,0,0,0
L03557,2026-09-25,Google Ads (Arama),/ucretsiz-deneme-dersi,1,Temsilci A,WhatsApp,0,0,0,0
L03558,2026-09-19,Google Ads (Arama),/lgs-paket,445,Temsilci E,Çağrı merkezi,1,1,0,0
L03559,2026-09-21,Google Ads (Arama),/ucretsiz-deneme-dersi,14,Temsilci E,Çağrı merkezi,1,1,0,0
L03560,2026-09-15,Google Ads (Arama),/yks-kocluk,14,Temsilci C,WhatsApp,1,1,0,0
L03561,2026-09-04,Google Ads (Arama),/blog/*,30,Temsilci C,WhatsApp,0,0,0,0
L03562,2026-09-28,Google Ads (Arama),/lgs-paket,1,Temsilci A,WhatsApp,1,1,1,4320
L03563,2026-09-02,Google Ads (Arama),/blog/*,6,Temsilci A,WhatsApp,1,0,0,0
L03564,2026-09-29,Google Ads (Arama),/yks-kocluk,8,Temsilci A,WhatsApp,1,1,1,6240
L03565,2026-09-03,Google Ads (Arama),/yks-kocluk,281,Temsilci F,Çağrı merkezi,0,0,0,0
L03566,2026-09-27,Google Ads (Arama),/ucretsiz-deneme-dersi,17,Temsilci A,WhatsApp,1,1,1,6500
L03567,2026-09-21,Google Ads (Arama),/yks-kocluk,36,Temsilci E,Çağrı merkezi,1,1,0,0
L03568,2026-09-05,Google Ads (Arama),/yks-kocluk,385,Temsilci C,WhatsApp,1,1,0,0
L03569,2026-09-16,Google Ads (Arama),/yks-kocluk,49,Temsilci D,Çağrı merkezi,0,0,0,0
L03570,2026-09-19,Google Ads (Arama),/lgs-paket,24,Temsilci B,WhatsApp,1,1,1,4250
L03571,2026-09-10,Google Ads (Arama),/yks-kocluk,249,Temsilci F,Çağrı merkezi,1,1,1,6460
L03572,2026-09-02,Google Ads (Arama),/yks-kocluk,68,Temsilci C,WhatsApp,1,0,0,0
L03573,2026-09-07,Google Ads (Arama),/yks-kocluk,1,Temsilci A,WhatsApp,1,0,0,0
L03574,2026-09-06,Google Ads (Arama),/yks-kocluk,185,Temsilci B,WhatsApp,1,1,0,0
L03575,2026-09-13,Google Ads (Arama),/fiyatlar,54,Temsilci D,Çağrı merkezi,1,1,1,5540
L03576,2026-09-01,Google Ads (Arama),/yks-kocluk,8,Temsilci D,Çağrı merkezi,1,1,1,4220
L03577,2026-09-26,Google Ads (Arama),/ucretsiz-deneme-dersi,1,Temsilci A,WhatsApp,1,1,1,6220
L03578,2026-09-02,Google Ads (Arama),/ucretsiz-deneme-dersi,6,Temsilci B,WhatsApp,1,1,1,3910
L03579,2026-09-17,Google Ads (Arama),/lgs-paket,6,Temsilci A,WhatsApp,1,1,1,6450
L03580,2026-09-11,Google Ads (Arama),/fiyatlar,356,Temsilci F,Çağrı merkezi,0,0,0,0
L03581,2026-09-26,Google Ads (Arama),/yks-kocluk,5,Temsilci D,Çağrı merkezi,1,0,0,0
L03582,2026-09-03,Google Ads (Arama),/lgs-paket,4,Temsilci A,WhatsApp,1,1,0,0
L03583,2026-09-05,Google Ads (Arama),/fiyatlar,170,Temsilci C,WhatsApp,0,0,0,0
L03584,2026-09-29,Google Ads (Arama),/yks-kocluk,22,Temsilci C,WhatsApp,1,1,0,0
L03585,2026-09-07,Google Ads (Arama),/fiyatlar,197,Temsilci C,WhatsApp,1,0,0,0
L03586,2026-09-30,Google Ads (Arama),/ucretsiz-deneme-dersi,5,Temsilci A,WhatsApp,1,0,0,0
L03587,2026-09-26,Google Ads (Arama),/fiyatlar,58,Temsilci B,WhatsApp,1,0,0,0
L03588,2026-09-14,Google Ads (Arama),/ucretsiz-deneme-dersi,53,Temsilci C,WhatsApp,1,1,0,0
L03589,2026-09-21,Google Ads (Arama),/lgs-paket,178,Temsilci C,WhatsApp,1,0,0,0
L03590,2026-09-05,Google Ads (Arama),/yks-kocluk,860,Temsilci C,WhatsApp,1,1,1,3900
L03591,2026-09-04,Google Ads (Arama),/yks-kocluk,28,Temsilci F,Çağrı merkezi,0,0,0,0
L03592,2026-09-18,Google Ads (Arama),/ucretsiz-deneme-dersi,1,Temsilci A,WhatsApp,1,0,0,0
L03593,2026-09-25,Google Ads (Arama),/ucretsiz-deneme-dersi,224,Temsilci F,Çağrı merkezi,0,0,0,0
L03594,2026-09-14,Google Ads (Arama),/yks-kocluk,31,Temsilci E,Çağrı merkezi,0,0,0,0
L03595,2026-09-17,Google Ads (Arama),/ucretsiz-deneme-dersi,8,Temsilci B,WhatsApp,1,1,1,5480
L03596,2026-09-10,Google Ads (Arama),/lgs-paket,4,Temsilci A,WhatsApp,1,0,0,0
L03597,2026-09-18,Google Ads (Arama),/blog/*,6,Temsilci E,Çağrı merkezi,1,1,0,0
L03598,2026-09-05,Google Ads (Arama),/yks-kocluk,22,Temsilci C,WhatsApp,1,0,0,0
L03599,2026-09-25,Google Ads (Arama),/lgs-paket,17,Temsilci B,WhatsApp,0,0,0,0
L03600,2026-09-21,Google Ads (Arama),/yks-kocluk,54,Temsilci B,WhatsApp,0,0,0,0
L03601,2026-09-09,Google Ads (Arama),/lgs-paket,32,Temsilci E,Çağrı merkezi,1,0,0,0
L03602,2026-09-17,Google Ads (Arama),/yks-kocluk,30,Temsilci B,WhatsApp,1,1,1,4260
L03603,2026-09-28,Google Ads (Arama),/yks-kocluk,37,Temsilci A,WhatsApp,1,0,0,0
L03604,2026-09-22,Google Ads (Arama),/blog/*,70,Temsilci B,WhatsApp,1,1,0,0
L03605,2026-09-25,Google Ads (Arama),/yks-kocluk,1,Temsilci A,WhatsApp,1,1,0,0
L03606,2026-09-24,Google Ads (Arama),/ucretsiz-deneme-dersi,7,Temsilci D,Çağrı merkezi,1,1,1,5470
L03607,2026-09-25,Google Ads (Arama),/ucretsiz-deneme-dersi,1,Temsilci A,WhatsApp,1,0,0,0
L03608,2026-09-01,Google Ads (Arama),/ucretsiz-deneme-dersi,3,Temsilci A,WhatsApp,1,1,1,4230
L03609,2026-09-16,Google Ads (Arama),/yks-kocluk,16,Temsilci D,Çağrı merkezi,1,1,0,0
L03610,2026-09-24,Google Ads (Arama),/lgs-paket,231,Temsilci F,Çağrı merkezi,1,1,0,0
L03611,2026-09-10,Google Ads (Arama),/lgs-paket,17,Temsilci A,WhatsApp,0,0,0,0
L03612,2026-09-18,Google Ads (Arama),/lgs-paket,69,Temsilci C,WhatsApp,1,1,0,0
L03613,2026-09-27,Google Ads (Arama),/blog/*,63,Temsilci E,Çağrı merkezi,1,1,0,0
L03614,2026-09-24,Google Ads (Arama),/fiyatlar,1,Temsilci D,Çağrı merkezi,1,0,0,0
L03615,2026-09-11,Google Ads (Arama),/yks-kocluk,45,Temsilci E,Çağrı merkezi,1,1,0,0
L03616,2026-09-25,Google Ads (Arama),/ucretsiz-deneme-dersi,23,Temsilci C,WhatsApp,1,1,0,0
L03617,2026-09-22,Google Ads (Arama),/yks-kocluk,32,Temsilci C,WhatsApp,0,0,0,0
L03618,2026-09-09,Google Ads (Arama),/lgs-paket,4,Temsilci A,WhatsApp,1,1,1,4700
L03619,2026-09-29,Google Ads (Arama),/ucretsiz-deneme-dersi,7,Temsilci D,Çağrı merkezi,1,1,1,4230
L03620,2026-09-29,Google Ads (Arama),/ucretsiz-deneme-dersi,10,Temsilci A,WhatsApp,1,1,1,5420
L03621,2026-09-30,Google Ads (Arama),/yks-kocluk,25,Temsilci B,WhatsApp,1,0,0,0
L03622,2026-09-01,Google Ads (Arama),/yks-kocluk,2,Temsilci D,Çağrı merkezi,1,1,1,4630
L03623,2026-09-11,Google Ads (Arama),/fiyatlar,3,Temsilci D,Çağrı merkezi,0,0,0,0
L03624,2026-09-21,Google Ads (Arama),/blog/*,4,Temsilci D,Çağrı merkezi,0,0,0,0
L03625,2026-09-08,Google Ads (Arama),/lgs-paket,1,Temsilci D,Çağrı merkezi,1,1,1,6280
L03626,2026-09-05,Google Ads (Arama),/lgs-paket,56,Temsilci C,WhatsApp,1,1,1,4350
L03627,2026-09-21,Google Ads (Arama),/blog/*,116,Temsilci C,WhatsApp,1,0,0,0
L03628,2026-09-13,Google Ads (Arama),/yks-kocluk,1,Temsilci A,WhatsApp,1,1,1,5100
L03629,2026-09-02,Google Ads (Arama),/yks-kocluk,15,Temsilci E,Çağrı merkezi,1,1,1,6630
L03630,2026-09-30,Google Ads (Arama),/yks-kocluk,29,Temsilci B,WhatsApp,0,0,0,0
L03631,2026-09-21,Google Ads (Arama),/lgs-paket,13,Temsilci C,WhatsApp,1,0,0,0
L03632,2026-09-18,Google Ads (Arama),/ucretsiz-deneme-dersi,4,Temsilci A,WhatsApp,1,0,0,0
L03633,2026-09-08,Google Ads (Arama),/blog/*,587,Temsilci F,Çağrı merkezi,0,0,0,0
L03634,2026-09-10,Google Ads (Arama),/lgs-paket,21,Temsilci A,WhatsApp,1,1,1,5200
L03635,2026-09-08,Google Ads (Arama),/fiyatlar,68,Temsilci C,WhatsApp,0,0,0,0
L03636,2026-09-04,Google Ads (Arama),/ucretsiz-deneme-dersi,38,Temsilci C,WhatsApp,1,0,0,0
L03637,2026-09-26,Google Ads (Arama),/ucretsiz-deneme-dersi,407,Temsilci B,WhatsApp,1,0,0,0
L03638,2026-09-09,Google Ads (Arama),/yks-kocluk,179,Temsilci E,Çağrı merkezi,1,0,0,0
L03639,2026-09-18,Google Ads (Arama),/yks-kocluk,198,Temsilci C,WhatsApp,0,0,0,0
L03640,2026-09-05,Google Ads (Arama),/fiyatlar,2563,Temsilci F,Çağrı merkezi,1,0,0,0
L03641,2026-09-17,Google Ads (Arama),/lgs-paket,15,Temsilci D,Çağrı merkezi,1,1,0,0
L03642,2026-09-13,Google Ads (Arama),/blog/*,40,Temsilci B,WhatsApp,1,0,0,0
L03643,2026-09-29,Google Ads (Arama),/lgs-paket,23,Temsilci D,Çağrı merkezi,1,0,0,0
L03644,2026-09-09,Google Ads (Arama),/ucretsiz-deneme-dersi,90,Temsilci C,WhatsApp,0,0,0,0
L03645,2026-09-22,Google Ads (Arama),/yks-kocluk,6,Temsilci A,WhatsApp,1,1,0,0
L03646,2026-09-04,Google Ads (Arama),/fiyatlar,97,Temsilci C,WhatsApp,1,1,1,4540
L03647,2026-09-28,Google Ads (Arama),/yks-kocluk,13,Temsilci B,WhatsApp,1,1,0,0
L03648,2026-09-13,Google Ads (Arama),/lgs-paket,3,Temsilci A,WhatsApp,1,1,0,0
L03649,2026-09-20,Google Ads (Arama),/ucretsiz-deneme-dersi,88,Temsilci C,WhatsApp,1,0,0,0
L03650,2026-09-01,Google Ads (Arama),/blog/*,282,Temsilci F,Çağrı merkezi,0,0,0,0
L03651,2026-09-21,Google Ads (Arama),/fiyatlar,1,Temsilci A,WhatsApp,1,1,1,5560
L03652,2026-09-17,Google Ads (Arama),/yks-kocluk,1,Temsilci B,WhatsApp,1,1,1,5970
L03653,2026-09-26,Google Ads (Arama),/yks-kocluk,316,Temsilci E,Çağrı merkezi,0,0,0,0
L03654,2026-09-17,Google Ads (Arama),/lgs-paket,89,Temsilci E,Çağrı merkezi,1,0,0,0
L03655,2026-09-13,Google Ads (Arama),/yks-kocluk,9,Temsilci A,WhatsApp,1,1,1,4080
L03656,2026-09-27,Google Ads (Arama),/fiyatlar,107,Temsilci C,WhatsApp,0,0,0,0
L03657,2026-09-03,Google Ads (Arama),/fiyatlar,10,Temsilci B,WhatsApp,1,0,0,0
L03658,2026-09-02,Google Ads (Arama),/yks-kocluk,724,Temsilci F,Çağrı merkezi,1,0,0,0
L03659,2026-09-08,Google Ads (Arama),/lgs-paket,8,Temsilci A,WhatsApp,1,1,1,3970
L03660,2026-09-06,Google Ads (Arama),/yks-kocluk,189,Temsilci F,Çağrı merkezi,0,0,0,0
L03661,2026-09-18,Google Ads (Arama),/fiyatlar,51,Temsilci E,Çağrı merkezi,0,0,0,0
L03662,2026-09-03,Google Ads (Arama),/yks-kocluk,5,Temsilci C,WhatsApp,1,1,0,0
L03663,2026-09-27,Google Ads (Arama),/yks-kocluk,29,Temsilci A,WhatsApp,1,1,0,0
L03664,2026-09-25,Google Ads (Arama),/ucretsiz-deneme-dersi,1,Temsilci D,Çağrı merkezi,1,0,0,0
L03665,2026-09-25,Google Ads (Arama),/lgs-paket,50,Temsilci B,WhatsApp,0,0,0,0
L03666,2026-09-22,Google Ads (Arama),/ucretsiz-deneme-dersi,8,Temsilci A,WhatsApp,1,1,1,6950
L03667,2026-09-15,Google Ads (Arama),/fiyatlar,283,Temsilci C,WhatsApp,0,0,0,0
L03668,2026-09-21,Google Ads (Arama),/yks-kocluk,111,Temsilci B,WhatsApp,1,1,1,4170
L03669,2026-09-16,Google Ads (Arama),/blog/*,41,Temsilci E,Çağrı merkezi,0,0,0,0
L03670,2026-09-15,Google Ads (Arama),/lgs-paket,4,Temsilci A,WhatsApp,1,1,1,4510
L03671,2026-09-04,Google Ads (Arama),/blog/*,3,Temsilci A,WhatsApp,1,1,0,0
L03672,2026-09-16,Google Ads (Arama),/blog/*,5,Temsilci B,WhatsApp,1,1,0,0
L03673,2026-09-21,Google Ads (Arama),/blog/*,92,Temsilci C,WhatsApp,0,0,0,0
L03674,2026-09-18,Google Ads (Arama),/yks-kocluk,254,Temsilci C,WhatsApp,1,0,0,0
L03675,2026-09-18,Google Ads (Arama),/fiyatlar,1,Temsilci A,WhatsApp,1,1,1,5560
L03676,2026-09-26,Google Ads (Arama),/lgs-paket,6,Temsilci E,Çağrı merkezi,1,1,0,0
L03677,2026-09-07,Google Ads (Arama),/ucretsiz-deneme-dersi,8,Temsilci B,WhatsApp,1,1,0,0
L03678,2026-09-04,Google Ads (Arama),/lgs-paket,9,Temsilci A,WhatsApp,1,0,0,0
L03679,2026-09-13,Google Ads (Arama),/lgs-paket,13,Temsilci D,Çağrı merkezi,1,1,0,0
L03680,2026-09-22,Google Ads (Arama),/ucretsiz-deneme-dersi,3,Temsilci A,WhatsApp,1,1,1,6740
L03681,2026-09-12,Google Ads (Arama),/ucretsiz-deneme-dersi,11,Temsilci B,WhatsApp,1,1,1,4750
L03682,2026-09-05,Google Ads (Arama),/lgs-paket,14,Temsilci A,WhatsApp,1,1,1,6830
L03683,2026-09-27,Google Ads (Arama),/ucretsiz-deneme-dersi,1094,Temsilci C,WhatsApp,1,0,0,0
L03684,2026-09-23,Google Ads (Arama),/ucretsiz-deneme-dersi,6,Temsilci A,WhatsApp,0,0,0,0
L03685,2026-09-19,Google Ads (Arama),/yks-kocluk,372,Temsilci E,Çağrı merkezi,1,1,1,6740
L03686,2026-09-24,Google Ads (Arama),/lgs-paket,10,Temsilci A,WhatsApp,1,1,1,4970
L03687,2026-09-03,Google Ads (Arama),/lgs-paket,109,Temsilci F,Çağrı merkezi,0,0,0,0
L03688,2026-09-18,Google Ads (Arama),/blog/*,82,Temsilci F,Çağrı merkezi,0,0,0,0
L03689,2026-09-08,Google Ads (Arama),/yks-kocluk,109,Temsilci E,Çağrı merkezi,1,1,1,4840
L03690,2026-09-27,Google Ads (Arama),/yks-kocluk,1191,Temsilci C,WhatsApp,1,0,0,0
L03691,2026-09-05,Google Ads (Arama),/lgs-paket,298,Temsilci E,Çağrı merkezi,0,0,0,0
L03692,2026-09-04,Google Ads (Arama),/yks-kocluk,28,Temsilci B,WhatsApp,1,0,0,0
L03693,2026-09-28,Google Ads (Arama),/yks-kocluk,81,Temsilci E,Çağrı merkezi,0,0,0,0
L03694,2026-09-30,Google Ads (Arama),/lgs-paket,1,Temsilci A,WhatsApp,1,0,0,0
L03695,2026-09-16,Google Ads (Arama),/lgs-paket,63,Temsilci C,WhatsApp,1,0,0,0
L03696,2026-09-21,Google Ads (Arama),/yks-kocluk,401,Temsilci F,Çağrı merkezi,1,1,0,0
L03697,2026-09-05,Google Ads (Arama),/yks-kocluk,280,Temsilci C,WhatsApp,0,0,0,0
L03698,2026-09-12,Google Ads (Arama),/ucretsiz-deneme-dersi,62,Temsilci D,Çağrı merkezi,1,1,1,4110
L03699,2026-09-15,Google Ads (Arama),/yks-kocluk,34,Temsilci E,Çağrı merkezi,1,0,0,0
L03700,2026-09-25,Google Ads (Arama),/ucretsiz-deneme-dersi,290,Temsilci E,Çağrı merkezi,0,0,0,0
L03701,2026-09-16,Google Ads (Arama),/ucretsiz-deneme-dersi,1,Temsilci A,WhatsApp,1,1,1,3830
L03702,2026-09-06,Google Ads (Arama),/fiyatlar,844,Temsilci C,WhatsApp,0,0,0,0
L03703,2026-09-17,Google Ads (Arama),/fiyatlar,147,Temsilci F,Çağrı merkezi,1,1,0,0
L03704,2026-09-11,Google Ads (Arama),/yks-kocluk,14,Temsilci D,Çağrı merkezi,1,1,1,5580
L03705,2026-09-27,Google Ads (Arama),/yks-kocluk,13,Temsilci A,WhatsApp,1,1,1,6670
L03706,2026-09-22,Google Ads (Arama),/yks-kocluk,35,Temsilci D,Çağrı merkezi,0,0,0,0
L03707,2026-09-23,Google Ads (Arama),/yks-kocluk,33,Temsilci C,WhatsApp,1,0,0,0
L03708,2026-09-16,Google Ads (Arama),/lgs-paket,16,Temsilci B,WhatsApp,1,0,0,0
L03709,2026-09-14,Google Ads (Arama),/ucretsiz-deneme-dersi,11,Temsilci D,Çağrı merkezi,1,0,0,0
L03710,2026-09-01,Google Ads (Arama),/ucretsiz-deneme-dersi,138,Temsilci E,Çağrı merkezi,0,0,0,0
L03711,2026-09-13,Google Ads (Arama),/ucretsiz-deneme-dersi,24,Temsilci B,WhatsApp,1,0,0,0
L03712,2026-09-25,Google Ads (Arama),/yks-kocluk,3,Temsilci A,WhatsApp,1,1,0,0
L03713,2026-09-25,Google Ads (Arama),/yks-kocluk,30,Temsilci B,WhatsApp,1,0,0,0
L03714,2026-09-11,Google Ads (Arama),/ucretsiz-deneme-dersi,7,Temsilci D,Çağrı merkezi,1,1,1,5910
L03715,2026-09-11,Google Ads (Arama),/lgs-paket,8,Temsilci A,WhatsApp,1,0,0,0
L03716,2026-09-16,Google Ads (Arama),/ucretsiz-deneme-dersi,41,Temsilci C,WhatsApp,1,1,0,0
L03717,2026-09-01,Google Ads (Arama),/yks-kocluk,17,Temsilci E,Çağrı merkezi,0,0,0,0
L03718,2026-09-16,Google Ads (Arama),/yks-kocluk,17,Temsilci D,Çağrı merkezi,1,0,0,0
L03719,2026-09-06,Google Ads (Arama),/yks-kocluk,24,Temsilci B,WhatsApp,1,1,1,4020
L03720,2026-09-15,Google Ads (Arama),/fiyatlar,523,Temsilci F,Çağrı merkezi,1,1,0,0
L03721,2026-09-14,Google Ads (Arama),/yks-kocluk,24,Temsilci C,WhatsApp,0,0,0,0
L03722,2026-09-12,Google Ads (Arama),/yks-kocluk,889,Temsilci C,WhatsApp,1,1,1,4350
L03723,2026-09-04,Google Ads (Arama),/fiyatlar,1,Temsilci E,Çağrı merkezi,1,0,0,0
L03724,2026-09-06,Google Ads (Arama),/yks-kocluk,168,Temsilci B,WhatsApp,0,0,0,0
L03725,2026-09-19,Google Ads (Arama),/ucretsiz-deneme-dersi,2,Temsilci A,WhatsApp,0,0,0,0
L03726,2026-09-09,Google Ads (Arama),/yks-kocluk,4,Temsilci D,Çağrı merkezi,1,1,1,6590
L03727,2026-09-15,Google Ads (Arama),/lgs-paket,15,Temsilci A,WhatsApp,0,0,0,0
L03728,2026-09-03,Google Ads (Arama),/lgs-paket,21,Temsilci B,WhatsApp,0,0,0,0
L03729,2026-09-29,Google Ads (Arama),/lgs-paket,17,Temsilci A,WhatsApp,1,1,1,6490
L03730,2026-09-06,Google Ads (Arama),/yks-kocluk,232,Temsilci C,WhatsApp,1,1,0,0
L03731,2026-09-06,Google Ads (Arama),/ucretsiz-deneme-dersi,24,Temsilci D,Çağrı merkezi,1,1,1,6880
L03732,2026-09-02,Google Ads (Arama),/ucretsiz-deneme-dersi,42,Temsilci C,WhatsApp,1,1,0,0
L03733,2026-09-27,Google Ads (Arama),/blog/*,56,Temsilci C,WhatsApp,1,0,0,0
L03734,2026-09-08,Google Ads (Arama),/yks-kocluk,41,Temsilci F,Çağrı merkezi,0,0,0,0
L03735,2026-09-06,Google Ads (Arama),/lgs-paket,4,Temsilci A,WhatsApp,1,0,0,0
L03736,2026-09-08,Google Ads (Arama),/lgs-paket,2,Temsilci A,WhatsApp,1,0,0,0
L03737,2026-09-02,Google Ads (Arama),/yks-kocluk,15,Temsilci D,Çağrı merkezi,1,1,0,0
L03738,2026-09-15,Google Ads (Arama),/fiyatlar,57,Temsilci E,Çağrı merkezi,1,1,0,0
L03739,2026-09-20,Google Ads (Arama),/ucretsiz-deneme-dersi,90,Temsilci E,Çağrı merkezi,1,1,0,0
L03740,2026-09-14,Google Ads (Arama),/yks-kocluk,3,Temsilci A,WhatsApp,1,1,1,6600
L03741,2026-09-06,Google Ads (Arama),/yks-kocluk,23,Temsilci A,WhatsApp,0,0,0,0
L03742,2026-09-19,Google Ads (Arama),/blog/*,111,Temsilci B,WhatsApp,1,0,0,0
L03743,2026-09-29,Google Ads (Arama),/lgs-paket,299,Temsilci C,WhatsApp,1,1,0,0
L03744,2026-09-19,Google Ads (Arama),/fiyatlar,49,Temsilci E,Çağrı merkezi,0,0,0,0
L03745,2026-09-12,Google Ads (Arama),/blog/*,28,Temsilci B,WhatsApp,1,1,1,3910
L03746,2026-09-26,Google Ads (Arama),/lgs-paket,1375,Temsilci F,Çağrı merkezi,1,0,0,0
L03747,2026-09-04,Google Ads (Arama),/ucretsiz-deneme-dersi,62,Temsilci F,Çağrı merkezi,1,1,0,0
L03748,2026-09-29,Google Ads (Arama),/yks-kocluk,10,Temsilci D,Çağrı merkezi,0,0,0,0
L03749,2026-09-26,Google Ads (Arama),/ucretsiz-deneme-dersi,1285,Temsilci F,Çağrı merkezi,0,0,0,0
L03750,2026-09-25,Google Ads (Arama),/ucretsiz-deneme-dersi,73,Temsilci B,WhatsApp,1,1,0,0
L03751,2026-09-19,Google Ads (Arama),/lgs-paket,35,Temsilci A,WhatsApp,1,1,0,0
L03752,2026-09-21,Google Ads (Arama),/yks-kocluk,62,Temsilci B,WhatsApp,0,0,0,0
L03753,2026-09-25,Google Ads (Arama),/yks-kocluk,74,Temsilci B,WhatsApp,1,0,0,0
L03754,2026-09-25,Google Ads (Arama),/ucretsiz-deneme-dersi,334,Temsilci C,WhatsApp,0,0,0,0
L03755,2026-09-20,Google Ads (Arama),/yks-kocluk,3,Temsilci A,WhatsApp,1,1,1,5340
L03756,2026-09-10,Google Ads (Arama),/ucretsiz-deneme-dersi,24,Temsilci C,WhatsApp,0,0,0,0
L03757,2026-09-13,Google Ads (Arama),/yks-kocluk,502,Temsilci C,WhatsApp,0,0,0,0
L03758,2026-09-29,Google Ads (Arama),/lgs-paket,235,Temsilci E,Çağrı merkezi,1,1,0,0
L03759,2026-09-03,Google Ads (Arama),/ucretsiz-deneme-dersi,4,Temsilci A,WhatsApp,1,1,0,0
L03760,2026-09-28,Google Ads (Arama),/blog/*,5,Temsilci D,Çağrı merkezi,1,1,0,0
L03761,2026-09-09,Google Ads (Arama),/lgs-paket,42,Temsilci B,WhatsApp,0,0,0,0
L03762,2026-09-14,Google Ads (Arama),/yks-kocluk,1,Temsilci B,WhatsApp,1,1,0,0
L03763,2026-09-18,Google Ads (Arama),/fiyatlar,291,Temsilci C,WhatsApp,1,1,0,0
L03764,2026-09-03,Google Ads (Arama),/lgs-paket,69,Temsilci B,WhatsApp,1,1,1,6110
L03765,2026-09-05,Google Ads (Arama),/yks-kocluk,93,Temsilci F,Çağrı merkezi,1,0,0,0
L03766,2026-09-17,Google Ads (Arama),/fiyatlar,30,Temsilci D,Çağrı merkezi,1,1,1,6940
L03767,2026-09-12,Google Ads (Arama),/ucretsiz-deneme-dersi,963,Temsilci C,WhatsApp,1,1,0,0
L03768,2026-09-23,Google Ads (Arama),/fiyatlar,384,Temsilci F,Çağrı merkezi,1,0,0,0
L03769,2026-09-26,Google Ads (Arama),/yks-kocluk,163,Temsilci B,WhatsApp,0,0,0,0
L03770,2026-09-10,Google Ads (Arama),/ucretsiz-deneme-dersi,8,Temsilci D,Çağrı merkezi,1,1,0,0
L03771,2026-09-07,Google Ads (Arama),/blog/*,50,Temsilci B,WhatsApp,1,0,0,0
L03772,2026-09-14,Google Ads (Arama),/lgs-paket,288,Temsilci C,WhatsApp,0,0,0,0
L03773,2026-09-06,Google Ads (Arama),/lgs-paket,658,Temsilci F,Çağrı merkezi,1,1,1,5460
L03774,2026-09-21,Google Ads (Arama),/lgs-paket,186,Temsilci C,WhatsApp,0,0,0,0
L03775,2026-09-27,Google Ads (Arama),/ucretsiz-deneme-dersi,441,Temsilci B,WhatsApp,1,1,0,0
L03776,2026-09-05,Google Ads (Arama),/lgs-paket,2,Temsilci B,WhatsApp,1,1,1,5670
L03777,2026-09-06,Google Ads (Arama),/lgs-paket,243,Temsilci B,WhatsApp,0,0,0,0
L03778,2026-09-11,Google Ads (Arama),/ucretsiz-deneme-dersi,9,Temsilci A,WhatsApp,1,1,1,6600
L03779,2026-09-01,Google Ads (Arama),/ucretsiz-deneme-dersi,11,Temsilci E,Çağrı merkezi,1,0,0,0
L03780,2026-09-21,Google Ads (Arama),/lgs-paket,83,Temsilci C,WhatsApp,1,1,0,0
L03781,2026-09-29,Google Ads (Arama),/yks-kocluk,1,Temsilci A,WhatsApp,0,0,0,0
L03782,2026-09-26,Google Ads (Arama),/yks-kocluk,45,Temsilci C,WhatsApp,1,1,1,3820
L03783,2026-09-23,Google Ads (Arama),/ucretsiz-deneme-dersi,2,Temsilci D,Çağrı merkezi,1,1,1,3780
L03784,2026-09-30,Google Ads (Arama),/fiyatlar,246,Temsilci C,WhatsApp,1,1,0,0
L03785,2026-09-06,Google Ads (Arama),/yks-kocluk,510,Temsilci C,WhatsApp,1,1,1,6170
L03786,2026-09-03,Google Ads (Arama),/ucretsiz-deneme-dersi,16,Temsilci B,WhatsApp,1,1,1,4750
L03787,2026-09-15,Google Ads (Arama),/yks-kocluk,14,Temsilci E,Çağrı merkezi,0,0,0,0
L03788,2026-09-23,Google Ads (Arama),/yks-kocluk,16,Temsilci A,WhatsApp,1,1,1,5080
L03789,2026-09-13,Google Ads (Arama),/yks-kocluk,1159,Temsilci F,Çağrı merkezi,0,0,0,0
L03790,2026-09-02,Google Ads (Arama),/lgs-paket,25,Temsilci D,Çağrı merkezi,1,1,1,6820
L03791,2026-09-01,Google Ads (Arama),/yks-kocluk,36,Temsilci C,WhatsApp,1,1,1,6460
L03792,2026-09-22,Google Ads (Arama),/yks-kocluk,39,Temsilci B,WhatsApp,1,0,0,0
L03793,2026-09-07,Google Ads (Arama),/ucretsiz-deneme-dersi,1,Temsilci A,WhatsApp,0,0,0,0
L03794,2026-09-20,Google Ads (Arama),/yks-kocluk,82,Temsilci F,Çağrı merkezi,1,1,1,4100
L03795,2026-09-12,Google Ads (Arama),/yks-kocluk,61,Temsilci C,WhatsApp,0,0,0,0
L03796,2026-09-15,Google Ads (Arama),/yks-kocluk,13,Temsilci D,Çağrı merkezi,1,1,0,0
L03797,2026-09-29,Google Ads (Arama),/fiyatlar,3,Temsilci A,WhatsApp,1,0,0,0
L03798,2026-09-20,Google Ads (Arama),/yks-kocluk,708,Temsilci E,Çağrı merkezi,0,0,0,0
L03799,2026-09-29,Google Ads (Arama),/lgs-paket,4,Temsilci A,WhatsApp,1,1,1,3840
L03800,2026-09-03,Google Ads (Arama),/fiyatlar,12,Temsilci D,Çağrı merkezi,1,1,0,0
L03801,2026-09-02,Google Ads (Arama),/fiyatlar,115,Temsilci C,WhatsApp,1,1,0,0
L03802,2026-09-25,Google Ads (Arama),/lgs-paket,11,Temsilci B,WhatsApp,1,1,1,6450
L03803,2026-09-19,Google Ads (Arama),/yks-kocluk,275,Temsilci E,Çağrı merkezi,1,1,0,0
L03804,2026-09-18,Google Ads (Arama),/lgs-paket,17,Temsilci B,WhatsApp,1,1,0,0
L03805,2026-09-09,Google Ads (Arama),/ucretsiz-deneme-dersi,8,Temsilci B,WhatsApp,1,0,0,0
L03806,2026-09-03,Google Ads (Arama),/ucretsiz-deneme-dersi,5,Temsilci A,WhatsApp,1,0,0,0
L03807,2026-09-21,Google Ads (Arama),/fiyatlar,16,Temsilci D,Çağrı merkezi,1,1,0,0
L03808,2026-09-08,Google Ads (Arama),/yks-kocluk,51,Temsilci E,Çağrı merkezi,0,0,0,0
L03809,2026-09-02,Google Ads (Arama),/ucretsiz-deneme-dersi,23,Temsilci B,WhatsApp,1,0,0,0
L03810,2026-09-02,Google Ads (Arama),/yks-kocluk,242,Temsilci F,Çağrı merkezi,0,0,0,0
L03811,2026-09-10,Google Ads (Arama),/yks-kocluk,172,Temsilci E,Çağrı merkezi,0,0,0,0
L03812,2026-09-09,Google Ads (Arama),/yks-kocluk,3,Temsilci A,WhatsApp,1,1,1,5890
L03813,2026-09-28,Google Ads (Arama),/lgs-paket,4,Temsilci D,Çağrı merkezi,1,1,0,0
L03814,2026-09-13,Google Ads (Arama),/ucretsiz-deneme-dersi,34,Temsilci D,Çağrı merkezi,0,0,0,0
L03815,2026-09-26,Google Ads (Arama),/yks-kocluk,296,Temsilci F,Çağrı merkezi,0,0,0,0
L03816,2026-09-17,Google Ads (Arama),/lgs-paket,75,Temsilci E,Çağrı merkezi,1,0,0,0
L03817,2026-09-05,Google Ads (Arama),/lgs-paket,153,Temsilci F,Çağrı merkezi,0,0,0,0
L03818,2026-09-01,Google Ads (Arama),/ucretsiz-deneme-dersi,57,Temsilci C,WhatsApp,0,0,0,0
L03819,2026-09-21,Google Ads (Arama),/fiyatlar,27,Temsilci E,Çağrı merkezi,1,1,0,0
L03820,2026-09-29,Google Ads (Arama),/lgs-paket,322,Temsilci C,WhatsApp,1,1,0,0
L03821,2026-09-14,Google Ads (Arama),/ucretsiz-deneme-dersi,8,Temsilci B,WhatsApp,1,1,0,0
L03822,2026-09-01,Google Ads (Arama),/fiyatlar,14,Temsilci D,Çağrı merkezi,0,0,0,0
L03823,2026-09-04,Google Ads (Arama),/lgs-paket,7,Temsilci B,WhatsApp,1,1,0,0
L03824,2026-09-30,Google Ads (Arama),/ucretsiz-deneme-dersi,210,Temsilci C,WhatsApp,0,0,0,0
L03825,2026-09-25,Google Ads (Arama),/lgs-paket,57,Temsilci E,Çağrı merkezi,1,1,0,0
L03826,2026-09-22,Google Ads (Arama),/ucretsiz-deneme-dersi,3,Temsilci A,WhatsApp,1,1,1,5980
L03827,2026-09-06,Google Ads (Arama),/ucretsiz-deneme-dersi,808,Temsilci F,Çağrı merkezi,0,0,0,0
L03828,2026-09-25,Google Ads (Arama),/lgs-paket,1,Temsilci D,Çağrı merkezi,1,0,0,0
L03829,2026-09-21,Google Ads (Arama),/yks-kocluk,11,Temsilci A,WhatsApp,1,1,1,4160
L03830,2026-09-15,Google Ads (Arama),/yks-kocluk,466,Temsilci F,Çağrı merkezi,1,0,0,0
L03831,2026-09-03,Google Ads (Arama),/lgs-paket,14,Temsilci D,Çağrı merkezi,1,1,1,6500
L03832,2026-09-25,Google Ads (Arama),/yks-kocluk,30,Temsilci B,WhatsApp,0,0,0,0
L03833,2026-09-29,Google Ads (Arama),/fiyatlar,3,Temsilci D,Çağrı merkezi,1,1,0,0
L03834,2026-09-17,Google Ads (Arama),/fiyatlar,7,Temsilci A,WhatsApp,1,1,1,4170
L03835,2026-09-05,Google Ads (Arama),/lgs-paket,1654,Temsilci C,WhatsApp,0,0,0,0
L03836,2026-09-25,Google Ads (Arama),/fiyatlar,1,Temsilci D,Çağrı merkezi,1,0,0,0
L03837,2026-09-18,Google Ads (Arama),/lgs-paket,132,Temsilci C,WhatsApp,1,1,1,4450
L03838,2026-09-23,Google Ads (Arama),/ucretsiz-deneme-dersi,737,Temsilci F,Çağrı merkezi,1,0,0,0
L03839,2026-09-22,Google Ads (Arama),/ucretsiz-deneme-dersi,50,Temsilci C,WhatsApp,0,0,0,0
L03840,2026-09-20,Google Ads (Arama),/ucretsiz-deneme-dersi,7,Temsilci A,WhatsApp,0,0,0,0
L03841,2026-09-20,Google Ads (Arama),/blog/*,1,Temsilci D,Çağrı merkezi,1,1,1,6440
L03842,2026-09-15,Google Ads (Arama),/yks-kocluk,42,Temsilci C,WhatsApp,1,1,0,0
L03843,2026-09-08,Google Ads (Arama),/ucretsiz-deneme-dersi,75,Temsilci E,Çağrı merkezi,1,0,0,0
L03844,2026-09-26,Google Ads (Arama),/yks-kocluk,187,Temsilci B,WhatsApp,0,0,0,0
L03845,2026-09-27,Google Ads (Arama),/ucretsiz-deneme-dersi,54,Temsilci D,Çağrı merkezi,1,1,0,0
L03846,2026-09-01,Google Ads (Arama),/lgs-paket,37,Temsilci D,Çağrı merkezi,1,1,1,6640
L03847,2026-09-17,Google Ads (Arama),/ucretsiz-deneme-dersi,1,Temsilci A,WhatsApp,1,1,1,6760
L03848,2026-09-22,Google Ads (Arama),/yks-kocluk,172,Temsilci F,Çağrı merkezi,1,1,0,0
L03849,2026-09-02,Google Ads (Arama),/yks-kocluk,17,Temsilci A,WhatsApp,0,0,0,0
L03850,2026-09-14,Google Ads (Arama),/ucretsiz-deneme-dersi,4,Temsilci A,WhatsApp,1,1,1,3880
L03851,2026-09-21,Google Ads (Arama),/fiyatlar,4,Temsilci A,WhatsApp,1,1,1,5120
L03852,2026-09-06,Google Ads (Arama),/ucretsiz-deneme-dersi,877,Temsilci C,WhatsApp,0,0,0,0
L03853,2026-09-11,Google Ads (Arama),/ucretsiz-deneme-dersi,6,Temsilci A,WhatsApp,1,1,1,5660
L03854,2026-09-11,Google Ads (Arama),/blog/*,36,Temsilci B,WhatsApp,1,1,1,5530
L03855,2026-09-14,Google Ads (Arama),/blog/*,29,Temsilci F,Çağrı merkezi,1,0,0,0
L03856,2026-09-28,Google Ads (Arama),/yks-kocluk,6,Temsilci D,Çağrı merkezi,1,1,1,6500
L03857,2026-09-08,Google Ads (Arama),/ucretsiz-deneme-dersi,1,Temsilci D,Çağrı merkezi,1,1,0,0
L03858,2026-09-07,Google Ads (Arama),/ucretsiz-deneme-dersi,46,Temsilci C,WhatsApp,1,0,0,0
L03859,2026-09-13,Google Ads (Arama),/ucretsiz-deneme-dersi,126,Temsilci B,WhatsApp,1,1,0,0
L03860,2026-09-16,Google Ads (Arama),/fiyatlar,1,Temsilci A,WhatsApp,1,1,1,5910
L03861,2026-09-10,Google Ads (Arama),/yks-kocluk,34,Temsilci C,WhatsApp,1,1,0,0
L03862,2026-09-05,Google Ads (Arama),/blog/*,19,Temsilci D,Çağrı merkezi,1,1,1,5240
L03863,2026-09-27,Google Ads (Arama),/fiyatlar,51,Temsilci F,Çağrı merkezi,1,1,0,0
L03864,2026-09-05,Google Ads (Arama),/fiyatlar,136,Temsilci C,WhatsApp,1,0,0,0
L03865,2026-09-29,Google Ads (Arama),/ucretsiz-deneme-dersi,3,Temsilci A,WhatsApp,1,0,0,0
L03866,2026-09-09,Google Ads (Arama),/lgs-paket,7,Temsilci A,WhatsApp,0,0,0,0
L03867,2026-09-26,Google Ads (Arama),/lgs-paket,558,Temsilci C,WhatsApp,0,0,0,0
L03868,2026-09-28,Google Ads (Arama),/lgs-paket,76,Temsilci F,Çağrı merkezi,0,0,0,0
L03869,2026-09-17,Google Ads (Arama),/lgs-paket,3,Temsilci A,WhatsApp,1,1,1,5460
L03870,2026-09-09,Google Ads (Arama),/blog/*,6,Temsilci D,Çağrı merkezi,0,0,0,0
L03871,2026-09-05,Google Ads (Arama),/yks-kocluk,10,Temsilci A,WhatsApp,0,0,0,0
L03872,2026-09-20,Google Ads (Arama),/ucretsiz-deneme-dersi,101,Temsilci E,Çağrı merkezi,1,1,0,0
L03873,2026-09-19,Google Ads (Arama),/fiyatlar,1978,Temsilci F,Çağrı merkezi,1,1,0,0
L03874,2026-09-20,Google Ads (Arama),/lgs-paket,22,Temsilci B,WhatsApp,1,1,1,5130
L03875,2026-09-03,Google Ads (Arama),/blog/*,48,Temsilci E,Çağrı merkezi,1,0,0,0
L03876,2026-09-13,Google Ads (Arama),/ucretsiz-deneme-dersi,461,Temsilci E,Çağrı merkezi,0,0,0,0
L03877,2026-09-05,Meta Ads,/ucretsiz-deneme-dersi,776,Temsilci F,Çağrı merkezi,0,0,0,0
L03878,2026-09-18,Meta Ads,/yks-kocluk,195,Temsilci C,WhatsApp,0,0,0,0
L03879,2026-09-28,Meta Ads,/blog/*,40,Temsilci E,Çağrı merkezi,0,0,0,0
L03880,2026-09-15,Meta Ads,/ucretsiz-deneme-dersi,347,Temsilci C,WhatsApp,1,1,0,0
L03881,2026-09-17,Meta Ads,/yks-kocluk,162,Temsilci E,Çağrı merkezi,0,0,0,0
L03882,2026-09-29,Meta Ads,/ucretsiz-deneme-dersi,4,Temsilci B,WhatsApp,1,0,0,0
L03883,2026-09-07,Meta Ads,/blog/*,5,Temsilci E,Çağrı merkezi,0,0,0,0
L03884,2026-09-13,Meta Ads,/yks-kocluk,48,Temsilci A,WhatsApp,1,1,0,0
L03885,2026-09-23,Meta Ads,/lgs-paket,2,Temsilci D,Çağrı merkezi,1,0,0,0
L03886,2026-09-03,Meta Ads,/blog/*,189,Temsilci C,WhatsApp,0,0,0,0
L03887,2026-09-28,Meta Ads,/yks-kocluk,184,Temsilci C,WhatsApp,0,0,0,0
L03888,2026-09-07,Meta Ads,/yks-kocluk,1,Temsilci A,WhatsApp,1,0,0,0
L03889,2026-09-05,Meta Ads,/fiyatlar,122,Temsilci E,Çağrı merkezi,1,0,0,0
L03890,2026-09-14,Meta Ads,/ucretsiz-deneme-dersi,116,Temsilci F,Çağrı merkezi,1,0,0,0
L03891,2026-09-23,Meta Ads,/yks-kocluk,2,Temsilci A,WhatsApp,0,0,0,0
L03892,2026-09-21,Meta Ads,/yks-kocluk,11,Temsilci E,Çağrı merkezi,1,1,0,0
L03893,2026-09-16,Meta Ads,/blog/*,11,Temsilci D,Çağrı merkezi,0,0,0,0
L03894,2026-09-20,Meta Ads,/blog/*,455,Temsilci E,Çağrı merkezi,1,0,0,0
L03895,2026-09-19,Meta Ads,/blog/*,489,Temsilci E,Çağrı merkezi,0,0,0,0
L03896,2026-09-02,Meta Ads,/ucretsiz-deneme-dersi,72,Temsilci C,WhatsApp,1,1,0,0
L03897,2026-09-12,Meta Ads,/yks-kocluk,13,Temsilci A,WhatsApp,1,1,0,0
L03898,2026-09-19,Meta Ads,/yks-kocluk,7,Temsilci D,Çağrı merkezi,1,0,0,0
L03899,2026-09-21,Meta Ads,/blog/*,265,Temsilci C,WhatsApp,1,1,0,0
L03900,2026-09-16,Meta Ads,/yks-kocluk,43,Temsilci F,Çağrı merkezi,1,1,0,0
L03901,2026-09-22,Meta Ads,/ucretsiz-deneme-dersi,1,Temsilci D,Çağrı merkezi,1,0,0,0
L03902,2026-09-07,Meta Ads,/ucretsiz-deneme-dersi,4,Temsilci A,WhatsApp,0,0,0,0
L03903,2026-09-02,Meta Ads,/yks-kocluk,9,Temsilci A,WhatsApp,1,1,1,5140
L03904,2026-09-27,Meta Ads,/ucretsiz-deneme-dersi,175,Temsilci E,Çağrı merkezi,1,1,0,0
L03905,2026-09-07,Meta Ads,/lgs-paket,12,Temsilci B,WhatsApp,1,1,0,0
L03906,2026-09-09,Meta Ads,/fiyatlar,112,Temsilci C,WhatsApp,1,1,0,0
L03907,2026-09-15,Meta Ads,/ucretsiz-deneme-dersi,30,Temsilci E,Çağrı merkezi,1,1,0,0
L03908,2026-09-30,Meta Ads,/blog/*,7,Temsilci A,WhatsApp,1,1,0,0
L03909,2026-09-20,Meta Ads,/yks-kocluk,42,Temsilci D,Çağrı merkezi,0,0,0,0
L03910,2026-09-23,Meta Ads,/lgs-paket,13,Temsilci C,WhatsApp,1,0,0,0
L03911,2026-09-06,Meta Ads,/fiyatlar,82,Temsilci E,Çağrı merkezi,1,1,0,0
L03912,2026-09-02,Meta Ads,/ucretsiz-deneme-dersi,5,Temsilci A,WhatsApp,1,1,1,5270
L03913,2026-09-24,Meta Ads,/ucretsiz-deneme-dersi,2,Temsilci A,WhatsApp,1,1,0,0
L03914,2026-09-20,Meta Ads,/lgs-paket,140,Temsilci C,WhatsApp,0,0,0,0
L03915,2026-09-30,Meta Ads,/lgs-paket,162,Temsilci F,Çağrı merkezi,1,1,1,3900
L03916,2026-09-27,Meta Ads,/fiyatlar,314,Temsilci F,Çağrı merkezi,0,0,0,0
L03917,2026-09-04,Meta Ads,/lgs-paket,31,Temsilci A,WhatsApp,1,0,0,0
L03918,2026-09-23,Meta Ads,/lgs-paket,3,Temsilci B,WhatsApp,1,0,0,0
L03919,2026-09-19,Meta Ads,/lgs-paket,179,Temsilci B,WhatsApp,0,0,0,0
L03920,2026-09-02,Meta Ads,/yks-kocluk,346,Temsilci C,WhatsApp,0,0,0,0
L03921,2026-09-13,Meta Ads,/ucretsiz-deneme-dersi,485,Temsilci C,WhatsApp,0,0,0,0
L03922,2026-09-01,Meta Ads,/ucretsiz-deneme-dersi,43,Temsilci E,Çağrı merkezi,1,1,0,0
L03923,2026-09-11,Meta Ads,/yks-kocluk,4,Temsilci D,Çağrı merkezi,1,0,0,0
L03924,2026-09-28,Meta Ads,/yks-kocluk,15,Temsilci B,WhatsApp,1,1,0,0
L03925,2026-09-20,Meta Ads,/blog/*,150,Temsilci C,WhatsApp,1,0,0,0
L03926,2026-09-29,Meta Ads,/yks-kocluk,8,Temsilci D,Çağrı merkezi,1,0,0,0
L03927,2026-09-18,Meta Ads,/lgs-paket,5,Temsilci A,WhatsApp,1,0,0,0
L03928,2026-09-04,Meta Ads,/ucretsiz-deneme-dersi,5,Temsilci E,Çağrı merkezi,1,0,0,0
L03929,2026-09-21,Meta Ads,/fiyatlar,281,Temsilci C,WhatsApp,1,1,0,0
L03930,2026-09-05,Meta Ads,/fiyatlar,4,Temsilci D,Çağrı merkezi,1,1,0,0
L03931,2026-09-02,Meta Ads,/lgs-paket,3,Temsilci D,Çağrı merkezi,1,1,0,0
L03932,2026-09-02,Meta Ads,/yks-kocluk,19,Temsilci D,Çağrı merkezi,1,1,1,3840
L03933,2026-09-29,Meta Ads,/lgs-paket,4,Temsilci A,WhatsApp,0,0,0,0
L03934,2026-09-12,Meta Ads,/ucretsiz-deneme-dersi,321,Temsilci C,WhatsApp,0,0,0,0
L03935,2026-09-26,Meta Ads,/yks-kocluk,219,Temsilci E,Çağrı merkezi,0,0,0,0
L03936,2026-09-05,Meta Ads,/fiyatlar,10,Temsilci B,WhatsApp,1,1,0,0
L03937,2026-09-27,Meta Ads,/ucretsiz-deneme-dersi,640,Temsilci C,WhatsApp,0,0,0,0
L03938,2026-09-14,Meta Ads,/fiyatlar,20,Temsilci D,Çağrı merkezi,0,0,0,0
L03939,2026-09-05,Meta Ads,/fiyatlar,35,Temsilci B,WhatsApp,0,0,0,0
L03940,2026-09-19,Meta Ads,/lgs-paket,9,Temsilci A,WhatsApp,0,0,0,0
L03941,2026-09-05,Meta Ads,/ucretsiz-deneme-dersi,28,Temsilci A,WhatsApp,1,1,0,0
L03942,2026-09-18,Meta Ads,/fiyatlar,1,Temsilci A,WhatsApp,1,1,0,0
L03943,2026-09-27,Meta Ads,/yks-kocluk,5,Temsilci B,WhatsApp,1,0,0,0
L03944,2026-09-01,Meta Ads,/lgs-paket,46,Temsilci B,WhatsApp,0,0,0,0
L03945,2026-09-03,Meta Ads,/ucretsiz-deneme-dersi,4,Temsilci D,Çağrı merkezi,1,0,0,0
L03946,2026-09-04,Meta Ads,/yks-kocluk,31,Temsilci B,WhatsApp,1,0,0,0
L03947,2026-09-02,Meta Ads,/fiyatlar,36,Temsilci B,WhatsApp,1,1,0,0
L03948,2026-09-11,Meta Ads,/yks-kocluk,51,Temsilci B,WhatsApp,1,1,0,0
L03949,2026-09-20,Meta Ads,/lgs-paket,18,Temsilci A,WhatsApp,0,0,0,0
L03950,2026-09-13,Meta Ads,/yks-kocluk,243,Temsilci E,Çağrı merkezi,1,1,0,0
L03951,2026-09-12,Meta Ads,/fiyatlar,114,Temsilci D,Çağrı merkezi,0,0,0,0
L03952,2026-09-09,Meta Ads,/fiyatlar,214,Temsilci F,Çağrı merkezi,1,1,0,0
L03953,2026-09-20,Meta Ads,/yks-kocluk,1274,Temsilci C,WhatsApp,1,1,0,0
L03954,2026-09-21,Meta Ads,/ucretsiz-deneme-dersi,191,Temsilci F,Çağrı merkezi,1,0,0,0
L03955,2026-09-17,Meta Ads,/yks-kocluk,201,Temsilci C,WhatsApp,1,1,0,0
L03956,2026-09-20,Meta Ads,/ucretsiz-deneme-dersi,79,Temsilci C,WhatsApp,1,0,0,0
L03957,2026-09-11,Meta Ads,/ucretsiz-deneme-dersi,1,Temsilci D,Çağrı merkezi,0,0,0,0
L03958,2026-09-14,Meta Ads,/yks-kocluk,22,Temsilci D,Çağrı merkezi,1,0,0,0
L03959,2026-09-15,Meta Ads,/yks-kocluk,24,Temsilci D,Çağrı merkezi,1,0,0,0
L03960,2026-09-30,Meta Ads,/lgs-paket,8,Temsilci B,WhatsApp,0,0,0,0
L03961,2026-09-03,Meta Ads,/lgs-paket,4,Temsilci C,WhatsApp,1,1,1,4440
L03962,2026-09-22,Meta Ads,/ucretsiz-deneme-dersi,3,Temsilci A,WhatsApp,1,1,1,4670
L03963,2026-09-19,Meta Ads,/yks-kocluk,24,Temsilci B,WhatsApp,1,1,0,0
L03964,2026-09-10,Meta Ads,/lgs-paket,8,Temsilci C,WhatsApp,1,1,0,0
L03965,2026-09-07,Meta Ads,/yks-kocluk,166,Temsilci C,WhatsApp,0,0,0,0
L03966,2026-09-15,Meta Ads,/ucretsiz-deneme-dersi,180,Temsilci C,WhatsApp,1,0,0,0
L03967,2026-09-03,Meta Ads,/ucretsiz-deneme-dersi,56,Temsilci E,Çağrı merkezi,1,0,0,0
L03968,2026-09-24,Meta Ads,/blog/*,124,Temsilci F,Çağrı merkezi,1,1,0,0
L03969,2026-09-18,Meta Ads,/yks-kocluk,175,Temsilci C,WhatsApp,1,0,0,0
L03970,2026-09-18,Meta Ads,/lgs-paket,170,Temsilci E,Çağrı merkezi,1,0,0,0
L03971,2026-09-25,Meta Ads,/yks-kocluk,178,Temsilci B,WhatsApp,0,0,0,0
L03972,2026-09-28,Meta Ads,/lgs-paket,22,Temsilci F,Çağrı merkezi,1,0,0,0
L03973,2026-09-26,Meta Ads,/ucretsiz-deneme-dersi,40,Temsilci E,Çağrı merkezi,1,1,0,0
L03974,2026-09-07,Meta Ads,/yks-kocluk,41,Temsilci B,WhatsApp,1,0,0,0
L03975,2026-09-26,Meta Ads,/ucretsiz-deneme-dersi,102,Temsilci B,WhatsApp,0,0,0,0
L03976,2026-09-10,Meta Ads,/yks-kocluk,71,Temsilci B,WhatsApp,0,0,0,0
L03977,2026-09-11,Meta Ads,/yks-kocluk,59,Temsilci B,WhatsApp,0,0,0,0
L03978,2026-09-29,Meta Ads,/blog/*,12,Temsilci D,Çağrı merkezi,1,1,1,4530
L03979,2026-09-08,Meta Ads,/ucretsiz-deneme-dersi,42,Temsilci F,Çağrı merkezi,0,0,0,0
L03980,2026-09-28,Meta Ads,/yks-kocluk,2,Temsilci B,WhatsApp,1,1,0,0
L03981,2026-09-09,Meta Ads,/ucretsiz-deneme-dersi,1,Temsilci A,WhatsApp,1,1,0,0
L03982,2026-09-17,Meta Ads,/yks-kocluk,8,Temsilci B,WhatsApp,1,0,0,0
L03983,2026-09-20,Meta Ads,/ucretsiz-deneme-dersi,270,Temsilci B,WhatsApp,1,0,0,0
L03984,2026-09-11,Meta Ads,/fiyatlar,2,Temsilci A,WhatsApp,1,1,0,0
L03985,2026-09-02,Meta Ads,/fiyatlar,5,Temsilci D,Çağrı merkezi,1,0,0,0
L03986,2026-09-03,Meta Ads,/yks-kocluk,5,Temsilci B,WhatsApp,1,0,0,0
L03987,2026-09-26,Meta Ads,/yks-kocluk,29,Temsilci B,WhatsApp,1,0,0,0
L03988,2026-09-14,Meta Ads,/blog/*,362,Temsilci F,Çağrı merkezi,0,0,0,0
L03989,2026-09-16,Meta Ads,/lgs-paket,3,Temsilci D,Çağrı merkezi,0,0,0,0
L03990,2026-09-14,Meta Ads,/fiyatlar,66,Temsilci E,Çağrı merkezi,1,1,0,0
L03991,2026-09-24,Meta Ads,/lgs-paket,1,Temsilci D,Çağrı merkezi,1,1,0,0
L03992,2026-09-02,Meta Ads,/yks-kocluk,26,Temsilci C,WhatsApp,1,1,0,0
L03993,2026-09-03,Meta Ads,/ucretsiz-deneme-dersi,6,Temsilci A,WhatsApp,0,0,0,0
L03994,2026-09-10,Meta Ads,/ucretsiz-deneme-dersi,80,Temsilci B,WhatsApp,1,0,0,0
L03995,2026-09-28,Meta Ads,/lgs-paket,99,Temsilci C,WhatsApp,1,0,0,0
L03996,2026-09-12,Meta Ads,/ucretsiz-deneme-dersi,39,Temsilci A,WhatsApp,1,1,0,0
L03997,2026-09-08,Meta Ads,/ucretsiz-deneme-dersi,57,Temsilci B,WhatsApp,0,0,0,0
L03998,2026-09-12,Meta Ads,/ucretsiz-deneme-dersi,90,Temsilci D,Çağrı merkezi,0,0,0,0
L03999,2026-09-14,Meta Ads,/ucretsiz-deneme-dersi,119,Temsilci C,WhatsApp,1,0,0,0
L04000,2026-09-21,Meta Ads,/ucretsiz-deneme-dersi,4,Temsilci A,WhatsApp,1,0,0,0
L04001,2026-09-25,Meta Ads,/ucretsiz-deneme-dersi,17,Temsilci D,Çağrı merkezi,0,0,0,0
L04002,2026-09-23,Meta Ads,/yks-kocluk,86,Temsilci E,Çağrı merkezi,1,0,0,0
L04003,2026-09-17,Meta Ads,/lgs-paket,74,Temsilci E,Çağrı merkezi,0,0,0,0
L04004,2026-09-27,Meta Ads,/yks-kocluk,446,Temsilci C,WhatsApp,0,0,0,0
L04005,2026-09-07,Meta Ads,/yks-kocluk,18,Temsilci D,Çağrı merkezi,1,1,1,3830
L04006,2026-09-19,Meta Ads,/yks-kocluk,4,Temsilci D,Çağrı merkezi,1,0,0,0
L04007,2026-09-19,Meta Ads,/ucretsiz-deneme-dersi,315,Temsilci E,Çağrı merkezi,1,0,0,0
L04008,2026-09-04,Meta Ads,/yks-kocluk,116,Temsilci C,WhatsApp,1,1,1,3420
L04009,2026-09-22,Meta Ads,/lgs-paket,288,Temsilci F,Çağrı merkezi,0,0,0,0
L04010,2026-09-06,Meta Ads,/yks-kocluk,208,Temsilci B,WhatsApp,0,0,0,0
L04011,2026-09-23,Meta Ads,/fiyatlar,4,Temsilci D,Çağrı merkezi,1,0,0,0
L04012,2026-09-06,Meta Ads,/lgs-paket,519,Temsilci F,Çağrı merkezi,1,0,0,0
L04013,2026-09-28,Meta Ads,/lgs-paket,41,Temsilci E,Çağrı merkezi,0,0,0,0
L04014,2026-09-05,Meta Ads,/yks-kocluk,198,Temsilci E,Çağrı merkezi,0,0,0,0
L04015,2026-09-02,Meta Ads,/yks-kocluk,198,Temsilci E,Çağrı merkezi,1,1,1,5150
L04016,2026-09-24,Meta Ads,/yks-kocluk,71,Temsilci F,Çağrı merkezi,1,1,0,0
L04017,2026-09-19,Meta Ads,/ucretsiz-deneme-dersi,243,Temsilci C,WhatsApp,0,0,0,0
L04018,2026-09-11,Meta Ads,/lgs-paket,141,Temsilci F,Çağrı merkezi,1,0,0,0
L04019,2026-09-13,Meta Ads,/yks-kocluk,655,Temsilci F,Çağrı merkezi,0,0,0,0
L04020,2026-09-28,Meta Ads,/ucretsiz-deneme-dersi,2,Temsilci D,Çağrı merkezi,1,1,0,0
L04021,2026-09-02,Meta Ads,/ucretsiz-deneme-dersi,19,Temsilci B,WhatsApp,1,1,1,4110
L04022,2026-09-29,Meta Ads,/yks-kocluk,14,Temsilci D,Çağrı merkezi,1,1,0,0
L04023,2026-09-30,Meta Ads,/lgs-paket,5,Temsilci D,Çağrı merkezi,1,1,0,0
L04024,2026-09-04,Meta Ads,/blog/*,10,Temsilci B,WhatsApp,1,1,1,4670
L04025,2026-09-11,Meta Ads,/lgs-paket,20,Temsilci D,Çağrı merkezi,0,0,0,0
L04026,2026-09-10,Meta Ads,/ucretsiz-deneme-dersi,10,Temsilci C,WhatsApp,1,1,1,3700
L04027,2026-09-09,Meta Ads,/fiyatlar,10,Temsilci C,WhatsApp,1,0,0,0
L04028,2026-09-30,Meta Ads,/yks-kocluk,57,Temsilci B,WhatsApp,0,0,0,0
L04029,2026-09-07,Meta Ads,/lgs-paket,345,Temsilci E,Çağrı merkezi,1,0,0,0
L04030,2026-09-27,Meta Ads,/yks-kocluk,85,Temsilci D,Çağrı merkezi,0,0,0,0
L04031,2026-09-15,Meta Ads,/yks-kocluk,18,Temsilci B,WhatsApp,1,0,0,0
L04032,2026-09-26,Meta Ads,/blog/*,304,Temsilci B,WhatsApp,0,0,0,0
L04033,2026-09-14,Meta Ads,/yks-kocluk,10,Temsilci A,WhatsApp,1,1,0,0
L04034,2026-09-18,Meta Ads,/yks-kocluk,82,Temsilci E,Çağrı merkezi,1,1,0,0
L04035,2026-09-19,Meta Ads,/yks-kocluk,43,Temsilci D,Çağrı merkezi,0,0,0,0
L04036,2026-09-16,Meta Ads,/ucretsiz-deneme-dersi,116,Temsilci E,Çağrı merkezi,1,1,0,0
L04037,2026-09-18,Meta Ads,/yks-kocluk,16,Temsilci B,WhatsApp,1,0,0,0
L04038,2026-09-10,Meta Ads,/yks-kocluk,4,Temsilci A,WhatsApp,1,0,0,0
L04039,2026-09-25,Meta Ads,/ucretsiz-deneme-dersi,618,Temsilci C,WhatsApp,0,0,0,0
L04040,2026-09-01,Meta Ads,/ucretsiz-deneme-dersi,12,Temsilci D,Çağrı merkezi,0,0,0,0
L04041,2026-09-19,Meta Ads,/yks-kocluk,46,Temsilci A,WhatsApp,1,0,0,0
L04042,2026-09-18,Meta Ads,/yks-kocluk,972,Temsilci F,Çağrı merkezi,1,0,0,0
L04043,2026-09-09,Meta Ads,/yks-kocluk,493,Temsilci F,Çağrı merkezi,0,0,0,0
L04044,2026-09-26,Meta Ads,/yks-kocluk,9,Temsilci A,WhatsApp,1,0,0,0
L04045,2026-09-05,Meta Ads,/yks-kocluk,462,Temsilci C,WhatsApp,0,0,0,0
L04046,2026-09-15,Meta Ads,/yks-kocluk,23,Temsilci C,WhatsApp,1,0,0,0
L04047,2026-09-15,Meta Ads,/ucretsiz-deneme-dersi,4,Temsilci D,Çağrı merkezi,1,1,0,0
L04048,2026-09-04,Meta Ads,/ucretsiz-deneme-dersi,4,Temsilci A,WhatsApp,1,1,0,0
L04049,2026-09-17,Meta Ads,/ucretsiz-deneme-dersi,1,Temsilci B,WhatsApp,1,0,0,0
L04050,2026-09-27,Meta Ads,/ucretsiz-deneme-dersi,617,Temsilci F,Çağrı merkezi,1,0,0,0
L04051,2026-09-09,Meta Ads,/yks-kocluk,2,Temsilci D,Çağrı merkezi,1,1,0,0
L04052,2026-09-14,Meta Ads,/yks-kocluk,107,Temsilci F,Çağrı merkezi,1,0,0,0
L04053,2026-09-25,Meta Ads,/yks-kocluk,7,Temsilci D,Çağrı merkezi,1,0,0,0
L04054,2026-09-07,Meta Ads,/yks-kocluk,3,Temsilci D,Çağrı merkezi,1,1,0,0
L04055,2026-09-07,Meta Ads,/ucretsiz-deneme-dersi,591,Temsilci F,Çağrı merkezi,1,1,0,0
L04056,2026-09-30,Meta Ads,/fiyatlar,4,Temsilci A,WhatsApp,1,1,1,4270
L04057,2026-09-12,Meta Ads,/fiyatlar,72,Temsilci E,Çağrı merkezi,1,0,0,0
L04058,2026-09-01,Meta Ads,/blog/*,9,Temsilci B,WhatsApp,1,1,0,0
L04059,2026-09-04,Meta Ads,/lgs-paket,160,Temsilci E,Çağrı merkezi,1,1,0,0
L04060,2026-09-16,Meta Ads,/ucretsiz-deneme-dersi,3,Temsilci E,Çağrı merkezi,1,0,0,0
L04061,2026-09-14,Meta Ads,/yks-kocluk,289,Temsilci C,WhatsApp,0,0,0,0
L04062,2026-09-21,Meta Ads,/ucretsiz-deneme-dersi,7,Temsilci A,WhatsApp,1,0,0,0
L04063,2026-09-15,Meta Ads,/ucretsiz-deneme-dersi,72,Temsilci F,Çağrı merkezi,1,0,0,0
L04064,2026-09-16,Meta Ads,/yks-kocluk,31,Temsilci B,WhatsApp,1,0,0,0
L04065,2026-09-28,Meta Ads,/lgs-paket,64,Temsilci E,Çağrı merkezi,0,0,0,0
L04066,2026-09-24,Meta Ads,/yks-kocluk,4,Temsilci E,Çağrı merkezi,1,1,0,0
L04067,2026-09-18,Meta Ads,/ucretsiz-deneme-dersi,100,Temsilci C,WhatsApp,1,0,0,0
L04068,2026-09-13,Meta Ads,/yks-kocluk,45,Temsilci E,Çağrı merkezi,1,0,0,0
L04069,2026-09-14,Meta Ads,/yks-kocluk,12,Temsilci A,WhatsApp,0,0,0,0
L04070,2026-09-22,Meta Ads,/lgs-paket,1,Temsilci A,WhatsApp,1,0,0,0
L04071,2026-09-06,Meta Ads,/yks-kocluk,1296,Temsilci F,Çağrı merkezi,0,0,0,0
L04072,2026-09-21,Meta Ads,/fiyatlar,22,Temsilci F,Çağrı merkezi,0,0,0,0
L04073,2026-09-18,Meta Ads,/yks-kocluk,57,Temsilci E,Çağrı merkezi,1,0,0,0
L04074,2026-09-28,Meta Ads,/ucretsiz-deneme-dersi,4,Temsilci A,WhatsApp,1,0,0,0
L04075,2026-09-21,Meta Ads,/fiyatlar,15,Temsilci A,WhatsApp,1,0,0,0
L04076,2026-09-20,Meta Ads,/yks-kocluk,1,Temsilci A,WhatsApp,1,1,0,0
L04077,2026-09-19,Meta Ads,/lgs-paket,34,Temsilci D,Çağrı merkezi,0,0,0,0
L04078,2026-09-08,Meta Ads,/yks-kocluk,172,Temsilci F,Çağrı merkezi,0,0,0,0
L04079,2026-09-14,Meta Ads,/ucretsiz-deneme-dersi,128,Temsilci E,Çağrı merkezi,0,0,0,0
L04080,2026-09-08,Meta Ads,/ucretsiz-deneme-dersi,3,Temsilci A,WhatsApp,1,0,0,0
L04081,2026-09-14,Meta Ads,/fiyatlar,481,Temsilci F,Çağrı merkezi,0,0,0,0
L04082,2026-09-07,Meta Ads,/yks-kocluk,142,Temsilci F,Çağrı merkezi,0,0,0,0
L04083,2026-09-15,Meta Ads,/yks-kocluk,9,Temsilci A,WhatsApp,0,0,0,0
L04084,2026-09-22,Meta Ads,/fiyatlar,4,Temsilci B,WhatsApp,1,0,0,0
L04085,2026-09-22,Meta Ads,/fiyatlar,81,Temsilci C,WhatsApp,0,0,0,0
L04086,2026-09-12,Meta Ads,/yks-kocluk,16,Temsilci A,WhatsApp,1,0,0,0
L04087,2026-09-24,Meta Ads,/yks-kocluk,174,Temsilci C,WhatsApp,1,1,0,0
L04088,2026-09-17,Meta Ads,/lgs-paket,21,Temsilci A,WhatsApp,1,1,0,0
L04089,2026-09-02,Meta Ads,/ucretsiz-deneme-dersi,26,Temsilci F,Çağrı merkezi,1,1,0,0
L04090,2026-09-11,Meta Ads,/fiyatlar,18,Temsilci B,WhatsApp,0,0,0,0
L04091,2026-09-04,Meta Ads,/yks-kocluk,21,Temsilci D,Çağrı merkezi,0,0,0,0
L04092,2026-09-20,Meta Ads,/yks-kocluk,18,Temsilci A,WhatsApp,1,0,0,0
L04093,2026-09-20,Meta Ads,/lgs-paket,43,Temsilci A,WhatsApp,1,0,0,0
L04094,2026-09-10,Meta Ads,/fiyatlar,75,Temsilci F,Çağrı merkezi,1,1,0,0
L04095,2026-09-16,Meta Ads,/ucretsiz-deneme-dersi,4,Temsilci C,WhatsApp,1,1,0,0
L04096,2026-09-24,Meta Ads,/fiyatlar,236,Temsilci C,WhatsApp,1,1,0,0
L04097,2026-09-11,Meta Ads,/lgs-paket,8,Temsilci D,Çağrı merkezi,1,1,0,0
L04098,2026-09-16,Meta Ads,/lgs-paket,597,Temsilci F,Çağrı merkezi,0,0,0,0
L04099,2026-09-23,Meta Ads,/ucretsiz-deneme-dersi,139,Temsilci F,Çağrı merkezi,1,1,0,0
L04100,2026-09-24,Meta Ads,/yks-kocluk,1,Temsilci A,WhatsApp,1,1,0,0
L04101,2026-09-23,Meta Ads,/ucretsiz-deneme-dersi,43,Temsilci F,Çağrı merkezi,0,0,0,0
L04102,2026-09-08,Meta Ads,/yks-kocluk,3,Temsilci A,WhatsApp,0,0,0,0
L04103,2026-09-12,Meta Ads,/yks-kocluk,483,Temsilci C,WhatsApp,1,1,0,0
L04104,2026-09-13,Meta Ads,/yks-kocluk,101,Temsilci D,Çağrı merkezi,1,0,0,0
L04105,2026-09-28,Meta Ads,/lgs-paket,69,Temsilci C,WhatsApp,0,0,0,0
L04106,2026-09-12,Meta Ads,/ucretsiz-deneme-dersi,85,Temsilci E,Çağrı merkezi,1,1,0,0
L04107,2026-09-09,Meta Ads,/ucretsiz-deneme-dersi,7,Temsilci E,Çağrı merkezi,1,1,1,3670
L04108,2026-09-06,Meta Ads,/yks-kocluk,83,Temsilci F,Çağrı merkezi,1,1,0,0
L04109,2026-09-10,Meta Ads,/fiyatlar,2,Temsilci A,WhatsApp,1,0,0,0
L04110,2026-09-22,Meta Ads,/lgs-paket,528,Temsilci F,Çağrı merkezi,0,0,0,0
L04111,2026-09-09,Meta Ads,/fiyatlar,41,Temsilci B,WhatsApp,0,0,0,0
L04112,2026-09-10,Meta Ads,/yks-kocluk,31,Temsilci B,WhatsApp,0,0,0,0
L04113,2026-09-05,Meta Ads,/lgs-paket,535,Temsilci C,WhatsApp,0,0,0,0
L04114,2026-09-07,Meta Ads,/ucretsiz-deneme-dersi,10,Temsilci A,WhatsApp,1,0,0,0
L04115,2026-09-12,Meta Ads,/blog/*,25,Temsilci F,Çağrı merkezi,1,0,0,0
L04116,2026-09-23,Meta Ads,/fiyatlar,5,Temsilci A,WhatsApp,1,1,0,0
L04117,2026-09-20,Meta Ads,/ucretsiz-deneme-dersi,22,Temsilci D,Çağrı merkezi,0,0,0,0
L04118,2026-09-01,Meta Ads,/yks-kocluk,192,Temsilci C,WhatsApp,0,0,0,0
L04119,2026-09-09,Meta Ads,/yks-kocluk,1,Temsilci A,WhatsApp,1,1,0,0
L04120,2026-09-08,Meta Ads,/yks-kocluk,43,Temsilci E,Çağrı merkezi,1,0,0,0
L04121,2026-09-24,Meta Ads,/lgs-paket,10,Temsilci D,Çağrı merkezi,0,0,0,0
L04122,2026-09-16,Meta Ads,/lgs-paket,4,Temsilci F,Çağrı merkezi,1,0,0,0
L04123,2026-09-03,Meta Ads,/yks-kocluk,87,Temsilci F,Çağrı merkezi,0,0,0,0
L04124,2026-09-04,Meta Ads,/yks-kocluk,6,Temsilci A,WhatsApp,1,0,0,0
L04125,2026-09-12,Meta Ads,/yks-kocluk,934,Temsilci C,WhatsApp,0,0,0,0
L04126,2026-09-14,Meta Ads,/fiyatlar,71,Temsilci B,WhatsApp,1,1,0,0
L04127,2026-09-08,Meta Ads,/lgs-paket,17,Temsilci B,WhatsApp,1,0,0,0
L04128,2026-09-25,Meta Ads,/lgs-paket,115,Temsilci F,Çağrı merkezi,1,1,0,0
L04129,2026-09-06,Meta Ads,/ucretsiz-deneme-dersi,49,Temsilci D,Çağrı merkezi,1,0,0,0
L04130,2026-09-26,Meta Ads,/yks-kocluk,9,Temsilci E,Çağrı merkezi,1,0,0,0
L04131,2026-09-26,Meta Ads,/fiyatlar,75,Temsilci E,Çağrı merkezi,0,0,0,0
L04132,2026-09-24,Meta Ads,/fiyatlar,9,Temsilci C,WhatsApp,1,1,0,0
L04133,2026-09-09,Meta Ads,/ucretsiz-deneme-dersi,71,Temsilci F,Çağrı merkezi,1,0,0,0
L04134,2026-09-06,Meta Ads,/lgs-paket,50,Temsilci E,Çağrı merkezi,1,0,0,0
L04135,2026-09-08,Meta Ads,/blog/*,2,Temsilci A,WhatsApp,1,1,0,0
L04136,2026-09-03,Meta Ads,/lgs-paket,4,Temsilci D,Çağrı merkezi,1,1,1,3940
L04137,2026-09-26,Meta Ads,/ucretsiz-deneme-dersi,140,Temsilci E,Çağrı merkezi,0,0,0,0
L04138,2026-09-11,Meta Ads,/yks-kocluk,73,Temsilci B,WhatsApp,1,1,0,0
L04139,2026-09-08,Meta Ads,/lgs-paket,137,Temsilci F,Çağrı merkezi,1,1,0,0
L04140,2026-09-26,Meta Ads,/lgs-paket,1,Temsilci A,WhatsApp,1,0,0,0
L04141,2026-09-08,Meta Ads,/yks-kocluk,31,Temsilci B,WhatsApp,1,0,0,0
L04142,2026-09-09,Meta Ads,/yks-kocluk,9,Temsilci D,Çağrı merkezi,1,1,0,0
L04143,2026-09-16,Meta Ads,/ucretsiz-deneme-dersi,5,Temsilci A,WhatsApp,1,0,0,0
L04144,2026-09-13,Meta Ads,/ucretsiz-deneme-dersi,270,Temsilci C,WhatsApp,1,0,0,0
L04145,2026-09-27,Meta Ads,/yks-kocluk,667,Temsilci F,Çağrı merkezi,0,0,0,0
L04146,2026-09-05,Meta Ads,/fiyatlar,206,Temsilci E,Çağrı merkezi,1,0,0,0
L04147,2026-09-03,Meta Ads,/lgs-paket,28,Temsilci C,WhatsApp,1,1,1,3730
L04148,2026-09-02,Meta Ads,/yks-kocluk,31,Temsilci E,Çağrı merkezi,1,0,0,0
L04149,2026-09-11,Meta Ads,/fiyatlar,7,Temsilci A,WhatsApp,0,0,0,0
L04150,2026-09-05,Meta Ads,/yks-kocluk,84,Temsilci F,Çağrı merkezi,1,1,0,0
L04151,2026-09-16,Meta Ads,/yks-kocluk,11,Temsilci C,WhatsApp,1,0,0,0
L04152,2026-09-05,Meta Ads,/yks-kocluk,23,Temsilci D,Çağrı merkezi,1,0,0,0
L04153,2026-09-17,Meta Ads,/yks-kocluk,67,Temsilci B,WhatsApp,1,1,0,0
L04154,2026-09-28,Meta Ads,/blog/*,7,Temsilci B,WhatsApp,1,1,1,3300
L04155,2026-09-22,Meta Ads,/ucretsiz-deneme-dersi,11,Temsilci A,WhatsApp,1,1,0,0
L04156,2026-09-07,Meta Ads,/yks-kocluk,1,Temsilci A,WhatsApp,1,1,0,0
L04157,2026-09-04,Meta Ads,/ucretsiz-deneme-dersi,10,Temsilci B,WhatsApp,1,1,0,0
L04158,2026-09-22,Meta Ads,/yks-kocluk,9,Temsilci B,WhatsApp,1,1,0,0
L04159,2026-09-10,Meta Ads,/ucretsiz-deneme-dersi,19,Temsilci D,Çağrı merkezi,1,0,0,0
L04160,2026-09-14,Meta Ads,/lgs-paket,27,Temsilci C,WhatsApp,1,0,0,0
L04161,2026-09-12,Meta Ads,/yks-kocluk,43,Temsilci D,Çağrı merkezi,1,0,0,0
L04162,2026-09-27,Meta Ads,/yks-kocluk,715,Temsilci F,Çağrı merkezi,0,0,0,0
L04163,2026-09-12,Meta Ads,/yks-kocluk,75,Temsilci D,Çağrı merkezi,1,0,0,0
L04164,2026-09-03,Meta Ads,/yks-kocluk,207,Temsilci B,WhatsApp,0,0,0,0
L04165,2026-09-13,Meta Ads,/lgs-paket,405,Temsilci C,WhatsApp,1,0,0,0
L04166,2026-09-29,Meta Ads,/lgs-paket,16,Temsilci B,WhatsApp,1,0,0,0
L04167,2026-09-02,Meta Ads,/ucretsiz-deneme-dersi,6,Temsilci D,Çağrı merkezi,1,0,0,0
L04168,2026-09-12,Meta Ads,/yks-kocluk,79,Temsilci D,Çağrı merkezi,0,0,0,0
L04169,2026-09-06,Meta Ads,/yks-kocluk,63,Temsilci D,Çağrı merkezi,0,0,0,0
L04170,2026-09-30,Meta Ads,/ucretsiz-deneme-dersi,15,Temsilci D,Çağrı merkezi,1,1,0,0
L04171,2026-09-23,Meta Ads,/ucretsiz-deneme-dersi,2,Temsilci D,Çağrı merkezi,1,0,0,0
L04172,2026-09-18,Meta Ads,/fiyatlar,69,Temsilci F,Çağrı merkezi,1,0,0,0
L04173,2026-09-23,Meta Ads,/ucretsiz-deneme-dersi,8,Temsilci D,Çağrı merkezi,1,1,0,0
L04174,2026-09-03,Meta Ads,/yks-kocluk,24,Temsilci D,Çağrı merkezi,1,0,0,0
L04175,2026-09-07,Meta Ads,/ucretsiz-deneme-dersi,147,Temsilci E,Çağrı merkezi,1,1,0,0
L04176,2026-09-14,Meta Ads,/lgs-paket,76,Temsilci E,Çağrı merkezi,1,0,0,0
L04177,2026-09-14,Meta Ads,/ucretsiz-deneme-dersi,16,Temsilci D,Çağrı merkezi,1,0,0,0
L04178,2026-09-19,Meta Ads,/ucretsiz-deneme-dersi,180,Temsilci E,Çağrı merkezi,0,0,0,0
L04179,2026-09-18,Meta Ads,/ucretsiz-deneme-dersi,3,Temsilci A,WhatsApp,1,1,0,0
L04180,2026-09-03,Meta Ads,/yks-kocluk,59,Temsilci E,Çağrı merkezi,0,0,0,0
L04181,2026-09-03,Meta Ads,/yks-kocluk,4,Temsilci A,WhatsApp,1,1,1,5130
L04182,2026-09-25,Meta Ads,/fiyatlar,17,Temsilci A,WhatsApp,1,0,0,0
L04183,2026-09-27,Meta Ads,/lgs-paket,451,Temsilci E,Çağrı merkezi,1,0,0,0
L04184,2026-09-13,Meta Ads,/ucretsiz-deneme-dersi,45,Temsilci E,Çağrı merkezi,1,1,0,0
L04185,2026-09-26,Meta Ads,/yks-kocluk,749,Temsilci C,WhatsApp,1,1,0,0
L04186,2026-09-27,Meta Ads,/yks-kocluk,918,Temsilci E,Çağrı merkezi,0,0,0,0
L04187,2026-09-13,Meta Ads,/fiyatlar,207,Temsilci C,WhatsApp,1,0,0,0
L04188,2026-09-07,Meta Ads,/ucretsiz-deneme-dersi,2,Temsilci D,Çağrı merkezi,0,0,0,0
L04189,2026-09-28,Meta Ads,/fiyatlar,551,Temsilci F,Çağrı merkezi,1,1,0,0
L04190,2026-09-17,Meta Ads,/fiyatlar,30,Temsilci A,WhatsApp,1,0,0,0
L04191,2026-09-23,Meta Ads,/fiyatlar,83,Temsilci F,Çağrı merkezi,1,0,0,0
L04192,2026-09-15,Meta Ads,/blog/*,3,Temsilci A,WhatsApp,1,1,0,0
L04193,2026-09-20,Meta Ads,/yks-kocluk,66,Temsilci A,WhatsApp,1,1,0,0
L04194,2026-09-01,Meta Ads,/yks-kocluk,68,Temsilci F,Çağrı merkezi,1,0,0,0
L04195,2026-09-02,Meta Ads,/ucretsiz-deneme-dersi,1,Temsilci A,WhatsApp,1,0,0,0
L04196,2026-09-07,Meta Ads,/lgs-paket,130,Temsilci F,Çağrı merkezi,1,0,0,0
L04197,2026-09-22,Meta Ads,/yks-kocluk,2,Temsilci A,WhatsApp,1,0,0,0
L04198,2026-09-23,Meta Ads,/yks-kocluk,15,Temsilci F,Çağrı merkezi,1,0,0,0
L04199,2026-09-20,Meta Ads,/yks-kocluk,107,Temsilci A,WhatsApp,0,0,0,0
L04200,2026-09-03,Meta Ads,/yks-kocluk,22,Temsilci A,WhatsApp,1,0,0,0
L04201,2026-09-22,Meta Ads,/ucretsiz-deneme-dersi,1,Temsilci A,WhatsApp,1,0,0,0
L04202,2026-09-06,Meta Ads,/fiyatlar,3,Temsilci A,WhatsApp,1,0,0,0
L04203,2026-09-28,Meta Ads,/lgs-paket,3,Temsilci A,WhatsApp,1,1,0,0
L04204,2026-09-29,Meta Ads,/ucretsiz-deneme-dersi,2,Temsilci A,WhatsApp,1,0,0,0
L04205,2026-09-25,Meta Ads,/yks-kocluk,124,Temsilci E,Çağrı merkezi,0,0,0,0
L04206,2026-09-10,Meta Ads,/lgs-paket,197,Temsilci B,WhatsApp,1,1,0,0
L04207,2026-09-23,Meta Ads,/lgs-paket,24,Temsilci F,Çağrı merkezi,0,0,0,0
L04208,2026-09-30,Meta Ads,/ucretsiz-deneme-dersi,89,Temsilci B,WhatsApp,1,1,0,0
L04209,2026-09-04,Meta Ads,/fiyatlar,9,Temsilci A,WhatsApp,1,0,0,0
L04210,2026-09-26,Meta Ads,/ucretsiz-deneme-dersi,220,Temsilci E,Çağrı merkezi,0,0,0,0
L04211,2026-09-27,Meta Ads,/yks-kocluk,44,Temsilci B,WhatsApp,1,0,0,0
L04212,2026-09-06,Meta Ads,/blog/*,156,Temsilci E,Çağrı merkezi,0,0,0,0
L04213,2026-09-10,Meta Ads,/yks-kocluk,64,Temsilci B,WhatsApp,1,0,0,0
L04214,2026-09-11,Meta Ads,/yks-kocluk,33,Temsilci D,Çağrı merkezi,1,0,0,0
L04215,2026-09-07,Meta Ads,/blog/*,23,Temsilci D,Çağrı merkezi,1,1,0,0
L04216,2026-09-07,Meta Ads,/ucretsiz-deneme-dersi,28,Temsilci B,WhatsApp,0,0,0,0
L04217,2026-09-02,Meta Ads,/fiyatlar,4,Temsilci D,Çağrı merkezi,0,0,0,0
L04218,2026-09-22,Meta Ads,/blog/*,9,Temsilci A,WhatsApp,0,0,0,0
L04219,2026-09-06,Meta Ads,/yks-kocluk,16,Temsilci B,WhatsApp,1,1,0,0
L04220,2026-09-03,Meta Ads,/blog/*,14,Temsilci B,WhatsApp,1,0,0,0
L04221,2026-09-22,Meta Ads,/yks-kocluk,3,Temsilci A,WhatsApp,1,1,1,4110
L04222,2026-09-25,Meta Ads,/ucretsiz-deneme-dersi,90,Temsilci F,Çağrı merkezi,1,1,0,0
L04223,2026-09-16,Meta Ads,/ucretsiz-deneme-dersi,16,Temsilci A,WhatsApp,1,0,0,0
L04224,2026-09-23,Meta Ads,/ucretsiz-deneme-dersi,41,Temsilci E,Çağrı merkezi,0,0,0,0
L04225,2026-09-14,Meta Ads,/lgs-paket,99,Temsilci C,WhatsApp,0,0,0,0
L04226,2026-09-20,Meta Ads,/yks-kocluk,1,Temsilci A,WhatsApp,1,0,0,0
L04227,2026-09-23,Meta Ads,/ucretsiz-deneme-dersi,7,Temsilci D,Çağrı merkezi,0,0,0,0
L04228,2026-09-30,Meta Ads,/lgs-paket,63,Temsilci C,WhatsApp,1,0,0,0
L04229,2026-09-28,Meta Ads,/blog/*,12,Temsilci D,Çağrı merkezi,1,1,0,0
L04230,2026-09-25,Meta Ads,/ucretsiz-deneme-dersi,5,Temsilci D,Çağrı merkezi,1,0,0,0
L04231,2026-09-16,Meta Ads,/yks-kocluk,1,Temsilci A,WhatsApp,1,0,0,0
L04232,2026-09-09,Meta Ads,/yks-kocluk,1,Temsilci B,WhatsApp,1,0,0,0
L04233,2026-09-14,Meta Ads,/fiyatlar,6,Temsilci C,WhatsApp,1,0,0,0
L04234,2026-09-26,Meta Ads,/yks-kocluk,1,Temsilci A,WhatsApp,1,0,0,0
L04235,2026-09-14,Meta Ads,/lgs-paket,7,Temsilci A,WhatsApp,0,0,0,0
L04236,2026-09-26,Meta Ads,/ucretsiz-deneme-dersi,6,Temsilci D,Çağrı merkezi,1,0,0,0
L04237,2026-09-06,Meta Ads,/yks-kocluk,99,Temsilci F,Çağrı merkezi,1,0,0,0
L04238,2026-09-06,Meta Ads,/yks-kocluk,98,Temsilci B,WhatsApp,1,0,0,0
L04239,2026-09-10,Meta Ads,/yks-kocluk,89,Temsilci C,WhatsApp,0,0,0,0
L04240,2026-09-17,Meta Ads,/yks-kocluk,49,Temsilci E,Çağrı merkezi,1,1,1,5220
L04241,2026-09-18,Meta Ads,/yks-kocluk,89,Temsilci E,Çağrı merkezi,1,0,0,0
L04242,2026-09-04,Meta Ads,/ucretsiz-deneme-dersi,15,Temsilci B,WhatsApp,1,0,0,0
L04243,2026-09-25,Meta Ads,/yks-kocluk,478,Temsilci C,WhatsApp,0,0,0,0
L04244,2026-09-30,Meta Ads,/yks-kocluk,182,Temsilci F,Çağrı merkezi,1,0,0,0
L04245,2026-09-26,Meta Ads,/blog/*,61,Temsilci C,WhatsApp,0,0,0,0
L04246,2026-09-22,Meta Ads,/lgs-paket,10,Temsilci D,Çağrı merkezi,1,0,0,0
L04247,2026-09-17,Meta Ads,/yks-kocluk,91,Temsilci B,WhatsApp,1,1,0,0
L04248,2026-09-04,Meta Ads,/ucretsiz-deneme-dersi,688,Temsilci F,Çağrı merkezi,1,1,0,0
L04249,2026-09-25,Meta Ads,/yks-kocluk,79,Temsilci E,Çağrı merkezi,1,0,0,0
L04250,2026-09-10,Meta Ads,/lgs-paket,19,Temsilci D,Çağrı merkezi,1,0,0,0
L04251,2026-09-05,Meta Ads,/lgs-paket,11,Temsilci B,WhatsApp,1,0,0,0
L04252,2026-09-20,Meta Ads,/yks-kocluk,11,Temsilci D,Çağrı merkezi,1,0,0,0
L04253,2026-09-18,Meta Ads,/ucretsiz-deneme-dersi,7,Temsilci A,WhatsApp,1,0,0,0
L04254,2026-09-25,Meta Ads,/yks-kocluk,4,Temsilci B,WhatsApp,1,0,0,0
L04255,2026-09-29,Meta Ads,/ucretsiz-deneme-dersi,375,Temsilci C,WhatsApp,0,0,0,0
L04256,2026-09-27,Meta Ads,/ucretsiz-deneme-dersi,165,Temsilci E,Çağrı merkezi,1,1,0,0
L04257,2026-09-12,Meta Ads,/fiyatlar,440,Temsilci C,WhatsApp,1,0,0,0
L04258,2026-09-18,Meta Ads,/ucretsiz-deneme-dersi,30,Temsilci B,WhatsApp,1,0,0,0
L04259,2026-09-20,Meta Ads,/blog/*,195,Temsilci E,Çağrı merkezi,0,0,0,0
L04260,2026-09-12,Meta Ads,/fiyatlar,180,Temsilci E,Çağrı merkezi,0,0,0,0
L04261,2026-09-01,Meta Ads,/lgs-paket,12,Temsilci F,Çağrı merkezi,1,0,0,0
L04262,2026-09-08,Meta Ads,/lgs-paket,65,Temsilci C,WhatsApp,0,0,0,0
L04263,2026-09-03,Meta Ads,/lgs-paket,21,Temsilci B,WhatsApp,1,1,0,0
L04264,2026-09-03,Meta Ads,/yks-kocluk,3,Temsilci E,Çağrı merkezi,1,0,0,0
L04265,2026-09-17,Meta Ads,/yks-kocluk,15,Temsilci D,Çağrı merkezi,1,1,0,0
L04266,2026-09-13,Meta Ads,/yks-kocluk,302,Temsilci C,WhatsApp,0,0,0,0
L04267,2026-09-28,Meta Ads,/fiyatlar,227,Temsilci C,WhatsApp,0,0,0,0
L04268,2026-09-18,Meta Ads,/yks-kocluk,10,Temsilci B,WhatsApp,1,1,0,0
L04269,2026-09-17,Meta Ads,/yks-kocluk,2,Temsilci A,WhatsApp,1,1,1,4130
L04270,2026-09-08,Meta Ads,/blog/*,11,Temsilci D,Çağrı merkezi,1,1,0,0
L04271,2026-09-28,Meta Ads,/blog/*,3,Temsilci A,WhatsApp,1,0,0,0
L04272,2026-09-13,Meta Ads,/yks-kocluk,88,Temsilci C,WhatsApp,1,1,0,0
L04273,2026-09-08,Meta Ads,/ucretsiz-deneme-dersi,87,Temsilci E,Çağrı merkezi,0,0,0,0
L04274,2026-09-10,Meta Ads,/lgs-paket,66,Temsilci B,WhatsApp,1,0,0,0
L04275,2026-09-26,Meta Ads,/yks-kocluk,11,Temsilci D,Çağrı merkezi,1,0,0,0
L04276,2026-09-05,Meta Ads,/ucretsiz-deneme-dersi,9,Temsilci D,Çağrı merkezi,0,0,0,0
L04277,2026-09-20,Meta Ads,/ucretsiz-deneme-dersi,7,Temsilci D,Çağrı merkezi,1,0,0,0
L04278,2026-09-20,Meta Ads,/yks-kocluk,3,Temsilci B,WhatsApp,1,0,0,0
L04279,2026-09-30,Meta Ads,/ucretsiz-deneme-dersi,3,Temsilci A,WhatsApp,1,1,0,0
L04280,2026-09-20,Meta Ads,/yks-kocluk,11,Temsilci A,WhatsApp,0,0,0,0
L04281,2026-09-27,Meta Ads,/lgs-paket,74,Temsilci A,WhatsApp,1,1,1,3340
L04282,2026-09-18,Meta Ads,/ucretsiz-deneme-dersi,1,Temsilci C,WhatsApp,1,0,0,0
L04283,2026-09-22,Meta Ads,/ucretsiz-deneme-dersi,5,Temsilci A,WhatsApp,1,1,0,0
L04284,2026-09-16,Meta Ads,/ucretsiz-deneme-dersi,6,Temsilci A,WhatsApp,1,0,0,0
L04285,2026-09-06,Meta Ads,/ucretsiz-deneme-dersi,351,Temsilci F,Çağrı merkezi,1,1,0,0
L04286,2026-09-13,Meta Ads,/ucretsiz-deneme-dersi,277,Temsilci F,Çağrı merkezi,1,0,0,0
L04287,2026-09-12,Meta Ads,/lgs-paket,71,Temsilci E,Çağrı merkezi,0,0,0,0
L04288,2026-09-19,Meta Ads,/blog/*,32,Temsilci B,WhatsApp,1,0,0,0
L04289,2026-09-24,Meta Ads,/fiyatlar,5,Temsilci B,WhatsApp,1,0,0,0
L04290,2026-09-21,Meta Ads,/ucretsiz-deneme-dersi,30,Temsilci D,Çağrı merkezi,1,1,0,0
L04291,2026-09-10,Meta Ads,/lgs-paket,255,Temsilci C,WhatsApp,1,0,0,0
L04292,2026-09-04,Meta Ads,/ucretsiz-deneme-dersi,31,Temsilci C,WhatsApp,1,0,0,0
L04293,2026-09-30,Meta Ads,/yks-kocluk,44,Temsilci D,Çağrı merkezi,1,0,0,0
L04294,2026-09-14,Meta Ads,/yks-kocluk,27,Temsilci C,WhatsApp,1,0,0,0
L04295,2026-09-14,Meta Ads,/yks-kocluk,9,Temsilci A,WhatsApp,1,1,0,0
L04296,2026-09-11,Meta Ads,/lgs-paket,3,Temsilci A,WhatsApp,1,0,0,0
L04297,2026-09-02,Meta Ads,/yks-kocluk,3,Temsilci B,WhatsApp,1,0,0,0
L04298,2026-09-18,Meta Ads,/ucretsiz-deneme-dersi,1,Temsilci D,Çağrı merkezi,1,0,0,0
L04299,2026-09-14,Meta Ads,/yks-kocluk,5,Temsilci B,WhatsApp,1,0,0,0
L04300,2026-09-18,Meta Ads,/lgs-paket,3,Temsilci B,WhatsApp,1,0,0,0
L04301,2026-09-17,Meta Ads,/ucretsiz-deneme-dersi,172,Temsilci F,Çağrı merkezi,1,0,0,0
L04302,2026-09-03,Meta Ads,/yks-kocluk,33,Temsilci B,WhatsApp,1,1,0,0
L04303,2026-09-08,Meta Ads,/lgs-paket,208,Temsilci C,WhatsApp,1,0,0,0
L04304,2026-09-19,Meta Ads,/fiyatlar,253,Temsilci B,WhatsApp,0,0,0,0
L04305,2026-09-03,Meta Ads,/yks-kocluk,81,Temsilci C,WhatsApp,1,0,0,0
L04306,2026-09-28,Meta Ads,/lgs-paket,13,Temsilci E,Çağrı merkezi,0,0,0,0
L04307,2026-09-25,Meta Ads,/blog/*,72,Temsilci F,Çağrı merkezi,1,0,0,0
L04308,2026-09-26,Meta Ads,/ucretsiz-deneme-dersi,18,Temsilci D,Çağrı merkezi,1,0,0,0
L04309,2026-09-29,Meta Ads,/yks-kocluk,8,Temsilci E,Çağrı merkezi,1,0,0,0
L04310,2026-09-22,Meta Ads,/fiyatlar,20,Temsilci D,Çağrı merkezi,1,0,0,0
L04311,2026-09-10,Meta Ads,/yks-kocluk,24,Temsilci D,Çağrı merkezi,0,0,0,0
L04312,2026-09-28,Meta Ads,/fiyatlar,10,Temsilci A,WhatsApp,1,0,0,0
L04313,2026-09-11,Meta Ads,/blog/*,115,Temsilci B,WhatsApp,0,0,0,0
L04314,2026-09-16,Meta Ads,/blog/*,156,Temsilci C,WhatsApp,1,0,0,0
L04315,2026-09-20,Meta Ads,/lgs-paket,13,Temsilci D,Çağrı merkezi,1,1,0,0
L04316,2026-09-06,Meta Ads,/yks-kocluk,65,Temsilci E,Çağrı merkezi,1,1,0,0
L04317,2026-09-21,Meta Ads,/yks-kocluk,19,Temsilci A,WhatsApp,1,0,0,0
L04318,2026-09-14,Meta Ads,/yks-kocluk,145,Temsilci E,Çağrı merkezi,0,0,0,0
L04319,2026-09-05,Meta Ads,/fiyatlar,42,Temsilci A,WhatsApp,0,0,0,0
L04320,2026-09-25,Meta Ads,/lgs-paket,15,Temsilci D,Çağrı merkezi,1,0,0,0
L04321,2026-09-24,Meta Ads,/yks-kocluk,6,Temsilci A,WhatsApp,1,1,0,0
L04322,2026-09-09,Meta Ads,/fiyatlar,1,Temsilci A,WhatsApp,1,0,0,0
L04323,2026-09-26,Meta Ads,/ucretsiz-deneme-dersi,4,Temsilci A,WhatsApp,1,1,0,0
L04324,2026-09-18,Meta Ads,/blog/*,656,Temsilci F,Çağrı merkezi,0,0,0,0
L04325,2026-09-24,Meta Ads,/ucretsiz-deneme-dersi,338,Temsilci C,WhatsApp,0,0,0,0
L04326,2026-09-24,Meta Ads,/ucretsiz-deneme-dersi,16,Temsilci B,WhatsApp,0,0,0,0
L04327,2026-09-10,Meta Ads,/ucretsiz-deneme-dersi,4,Temsilci A,WhatsApp,1,0,0,0
L04328,2026-09-17,Meta Ads,/yks-kocluk,84,Temsilci C,WhatsApp,0,0,0,0
L04329,2026-09-05,Meta Ads,/ucretsiz-deneme-dersi,72,Temsilci B,WhatsApp,0,0,0,0
L04330,2026-09-05,Meta Ads,/ucretsiz-deneme-dersi,231,Temsilci E,Çağrı merkezi,1,1,0,0
L04331,2026-09-16,Meta Ads,/lgs-paket,141,Temsilci F,Çağrı merkezi,1,1,0,0
L04332,2026-09-05,Meta Ads,/fiyatlar,107,Temsilci E,Çağrı merkezi,1,1,0,0
L04333,2026-09-26,Meta Ads,/fiyatlar,36,Temsilci A,WhatsApp,0,0,0,0
L04334,2026-09-29,Meta Ads,/fiyatlar,175,Temsilci F,Çağrı merkezi,1,1,0,0
L04335,2026-09-09,Meta Ads,/ucretsiz-deneme-dersi,13,Temsilci E,Çağrı merkezi,0,0,0,0
L04336,2026-09-07,Meta Ads,/lgs-paket,14,Temsilci D,Çağrı merkezi,1,0,0,0
L04337,2026-09-17,Meta Ads,/yks-kocluk,187,Temsilci F,Çağrı merkezi,1,0,0,0
L04338,2026-09-21,Meta Ads,/yks-kocluk,17,Temsilci B,WhatsApp,0,0,0,0
L04339,2026-09-21,Meta Ads,/ucretsiz-deneme-dersi,137,Temsilci E,Çağrı merkezi,0,0,0,0
L04340,2026-09-29,Meta Ads,/fiyatlar,1,Temsilci B,WhatsApp,0,0,0,0
L04341,2026-09-30,Meta Ads,/lgs-paket,69,Temsilci E,Çağrı merkezi,1,0,0,0
L04342,2026-09-05,Meta Ads,/yks-kocluk,707,Temsilci C,WhatsApp,1,0,0,0
L04343,2026-09-07,Meta Ads,/lgs-paket,835,Temsilci F,Çağrı merkezi,0,0,0,0
L04344,2026-09-03,Meta Ads,/yks-kocluk,48,Temsilci C,WhatsApp,1,1,0,0
L04345,2026-09-23,Meta Ads,/ucretsiz-deneme-dersi,247,Temsilci F,Çağrı merkezi,0,0,0,0
L04346,2026-09-02,Meta Ads,/yks-kocluk,73,Temsilci E,Çağrı merkezi,1,0,0,0
L04347,2026-09-24,Meta Ads,/yks-kocluk,142,Temsilci C,WhatsApp,1,1,0,0
L04348,2026-09-12,Meta Ads,/lgs-paket,80,Temsilci E,Çağrı merkezi,0,0,0,0
L04349,2026-09-27,Meta Ads,/yks-kocluk,194,Temsilci E,Çağrı merkezi,1,0,0,0
L04350,2026-09-07,Meta Ads,/lgs-paket,5,Temsilci D,Çağrı merkezi,1,1,0,0
L04351,2026-09-01,Meta Ads,/yks-kocluk,9,Temsilci D,Çağrı merkezi,1,1,1,5540
L04352,2026-09-15,Meta Ads,/lgs-paket,1,Temsilci A,WhatsApp,0,0,0,0
L04353,2026-09-02,Meta Ads,/yks-kocluk,19,Temsilci D,Çağrı merkezi,1,1,0,0
L04354,2026-09-23,Meta Ads,/lgs-paket,55,Temsilci F,Çağrı merkezi,0,0,0,0
L04355,2026-09-14,Meta Ads,/yks-kocluk,102,Temsilci C,WhatsApp,1,0,0,0
L04356,2026-09-17,Meta Ads,/blog/*,1,Temsilci A,WhatsApp,1,0,0,0
L04357,2026-09-13,Meta Ads,/lgs-paket,256,Temsilci E,Çağrı merkezi,0,0,0,0
L04358,2026-09-22,Meta Ads,/yks-kocluk,1,Temsilci D,Çağrı merkezi,1,0,0,0
L04359,2026-09-28,Meta Ads,/yks-kocluk,13,Temsilci E,Çağrı merkezi,1,1,0,0
L04360,2026-09-19,Meta Ads,/lgs-paket,284,Temsilci C,WhatsApp,1,1,0,0
L04361,2026-09-08,Meta Ads,/blog/*,59,Temsilci E,Çağrı merkezi,0,0,0,0
L04362,2026-09-17,Meta Ads,/yks-kocluk,17,Temsilci B,WhatsApp,1,1,0,0
L04363,2026-09-23,Meta Ads,/lgs-paket,2,Temsilci E,Çağrı merkezi,1,0,0,0
L04364,2026-09-09,Meta Ads,/blog/*,10,Temsilci D,Çağrı merkezi,1,1,0,0
L04365,2026-09-25,Meta Ads,/yks-kocluk,54,Temsilci B,WhatsApp,1,1,0,0
L04366,2026-09-06,Meta Ads,/lgs-paket,24,Temsilci D,Çağrı merkezi,1,0,0,0
L04367,2026-09-09,Meta Ads,/yks-kocluk,111,Temsilci F,Çağrı merkezi,0,0,0,0
L04368,2026-09-02,Meta Ads,/yks-kocluk,73,Temsilci B,WhatsApp,1,1,1,3880
L04369,2026-09-26,Meta Ads,/lgs-paket,347,Temsilci B,WhatsApp,1,0,0,0
L04370,2026-09-30,Meta Ads,/lgs-paket,443,Temsilci F,Çağrı merkezi,0,0,0,0
L04371,2026-09-25,Meta Ads,/fiyatlar,110,Temsilci E,Çağrı merkezi,0,0,0,0
L04372,2026-09-16,Meta Ads,/ucretsiz-deneme-dersi,7,Temsilci D,Çağrı merkezi,1,0,0,0
L04373,2026-09-04,Meta Ads,/fiyatlar,19,Temsilci E,Çağrı merkezi,1,0,0,0
L04374,2026-09-16,Meta Ads,/ucretsiz-deneme-dersi,3,Temsilci D,Çağrı merkezi,1,1,0,0
L04375,2026-09-03,Meta Ads,/yks-kocluk,11,Temsilci A,WhatsApp,1,1,1,5080
L04376,2026-09-16,Meta Ads,/yks-kocluk,800,Temsilci F,Çağrı merkezi,1,0,0,0
L04377,2026-09-28,Meta Ads,/fiyatlar,142,Temsilci F,Çağrı merkezi,1,0,0,0
L04378,2026-09-27,Meta Ads,/blog/*,1962,Temsilci F,Çağrı merkezi,0,0,0,0
L04379,2026-09-22,Meta Ads,/ucretsiz-deneme-dersi,155,Temsilci F,Çağrı merkezi,1,0,0,0
L04380,2026-09-14,Meta Ads,/lgs-paket,6,Temsilci D,Çağrı merkezi,1,1,0,0
L04381,2026-09-24,Meta Ads,/ucretsiz-deneme-dersi,106,Temsilci E,Çağrı merkezi,1,0,0,0
L04382,2026-09-01,Meta Ads,/yks-kocluk,110,Temsilci F,Çağrı merkezi,1,0,0,0
L04383,2026-09-10,Meta Ads,/blog/*,115,Temsilci F,Çağrı merkezi,0,0,0,0
L04384,2026-09-07,Meta Ads,/ucretsiz-deneme-dersi,12,Temsilci E,Çağrı merkezi,1,1,1,3430
L04385,2026-09-09,Meta Ads,/yks-kocluk,67,Temsilci E,Çağrı merkezi,1,1,0,0
L04386,2026-09-22,Meta Ads,/yks-kocluk,9,Temsilci A,WhatsApp,1,0,0,0
L04387,2026-09-19,Meta Ads,/yks-kocluk,19,Temsilci C,WhatsApp,1,1,0,0
L04388,2026-09-27,Meta Ads,/fiyatlar,1,Temsilci D,Çağrı merkezi,1,1,0,0
L04389,2026-09-19,Meta Ads,/ucretsiz-deneme-dersi,255,Temsilci F,Çağrı merkezi,1,1,0,0
L04390,2026-09-18,Meta Ads,/fiyatlar,9,Temsilci B,WhatsApp,1,0,0,0
L04391,2026-09-07,Meta Ads,/lgs-paket,5,Temsilci A,WhatsApp,1,0,0,0
L04392,2026-09-16,Meta Ads,/ucretsiz-deneme-dersi,68,Temsilci C,WhatsApp,0,0,0,0
L04393,2026-09-23,Meta Ads,/lgs-paket,50,Temsilci D,Çağrı merkezi,1,1,0,0
L04394,2026-09-26,Meta Ads,/yks-kocluk,12,Temsilci B,WhatsApp,0,0,0,0
L04395,2026-09-16,Meta Ads,/ucretsiz-deneme-dersi,126,Temsilci F,Çağrı merkezi,1,0,0,0
L04396,2026-09-05,Meta Ads,/yks-kocluk,78,Temsilci E,Çağrı merkezi,0,0,0,0
L04397,2026-09-19,Meta Ads,/fiyatlar,579,Temsilci F,Çağrı merkezi,1,1,0,0
L04398,2026-09-23,Meta Ads,/fiyatlar,257,Temsilci F,Çağrı merkezi,1,1,1,4060
L04399,2026-09-24,Meta Ads,/lgs-paket,2,Temsilci A,WhatsApp,1,0,0,0
L04400,2026-09-11,Meta Ads,/yks-kocluk,24,Temsilci B,WhatsApp,1,0,0,0
L04401,2026-09-07,Meta Ads,/ucretsiz-deneme-dersi,286,Temsilci F,Çağrı merkezi,1,1,0,0
L04402,2026-09-28,Meta Ads,/ucretsiz-deneme-dersi,17,Temsilci B,WhatsApp,1,0,0,0
L04403,2026-09-07,Meta Ads,/fiyatlar,14,Temsilci A,WhatsApp,1,1,1,5490
L04404,2026-09-19,Meta Ads,/yks-kocluk,113,Temsilci E,Çağrı merkezi,1,1,0,0
L04405,2026-09-28,Meta Ads,/fiyatlar,1,Temsilci A,WhatsApp,1,0,0,0
L04406,2026-09-11,Meta Ads,/ucretsiz-deneme-dersi,9,Temsilci C,WhatsApp,1,0,0,0
L04407,2026-09-25,Meta Ads,/yks-kocluk,12,Temsilci F,Çağrı merkezi,1,1,0,0
L04408,2026-09-08,Meta Ads,/ucretsiz-deneme-dersi,7,Temsilci D,Çağrı merkezi,1,0,0,0
L04409,2026-09-06,Meta Ads,/lgs-paket,21,Temsilci F,Çağrı merkezi,0,0,0,0
L04410,2026-09-03,Meta Ads,/yks-kocluk,39,Temsilci B,WhatsApp,1,1,0,0
L04411,2026-09-28,Meta Ads,/ucretsiz-deneme-dersi,212,Temsilci C,WhatsApp,0,0,0,0
L04412,2026-09-09,Meta Ads,/ucretsiz-deneme-dersi,12,Temsilci A,WhatsApp,0,0,0,0
L04413,2026-09-08,Meta Ads,/yks-kocluk,1,Temsilci A,WhatsApp,1,0,0,0
L04414,2026-09-07,Meta Ads,/ucretsiz-deneme-dersi,67,Temsilci F,Çağrı merkezi,0,0,0,0
L04415,2026-09-14,Meta Ads,/lgs-paket,32,Temsilci B,WhatsApp,1,1,0,0
L04416,2026-09-18,Meta Ads,/ucretsiz-deneme-dersi,8,Temsilci A,WhatsApp,1,0,0,0
L04417,2026-09-08,Meta Ads,/lgs-paket,16,Temsilci D,Çağrı merkezi,1,1,0,0
L04418,2026-09-13,Meta Ads,/fiyatlar,27,Temsilci D,Çağrı merkezi,0,0,0,0
L04419,2026-09-17,Meta Ads,/lgs-paket,24,Temsilci D,Çağrı merkezi,1,0,0,0
L04420,2026-09-26,Meta Ads,/blog/*,110,Temsilci D,Çağrı merkezi,1,0,0,0
L04421,2026-09-22,Meta Ads,/ucretsiz-deneme-dersi,1,Temsilci A,WhatsApp,1,0,0,0
L04422,2026-09-26,Meta Ads,/ucretsiz-deneme-dersi,108,Temsilci D,Çağrı merkezi,1,1,0,0
L04423,2026-09-14,Meta Ads,/lgs-paket,174,Temsilci F,Çağrı merkezi,0,0,0,0
L04424,2026-09-23,Meta Ads,/yks-kocluk,121,Temsilci F,Çağrı merkezi,0,0,0,0
L04425,2026-09-27,Meta Ads,/yks-kocluk,98,Temsilci B,WhatsApp,1,0,0,0
L04426,2026-09-23,Meta Ads,/lgs-paket,1,Temsilci E,Çağrı merkezi,1,0,0,0
L04427,2026-09-26,Meta Ads,/yks-kocluk,22,Temsilci E,Çağrı merkezi,1,0,0,0
L04428,2026-09-16,Meta Ads,/lgs-paket,5,Temsilci D,Çağrı merkezi,1,0,0,0
L04429,2026-09-10,Meta Ads,/yks-kocluk,85,Temsilci B,WhatsApp,1,0,0,0
L04430,2026-09-01,Meta Ads,/yks-kocluk,15,Temsilci A,WhatsApp,0,0,0,0
L04431,2026-09-10,Meta Ads,/yks-kocluk,1,Temsilci D,Çağrı merkezi,0,0,0,0
L04432,2026-09-13,Meta Ads,/yks-kocluk,168,Temsilci E,Çağrı merkezi,0,0,0,0
L04433,2026-09-27,Meta Ads,/yks-kocluk,990,Temsilci C,WhatsApp,1,1,0,0
L04434,2026-09-03,Meta Ads,/ucretsiz-deneme-dersi,104,Temsilci C,WhatsApp,1,0,0,0
L04435,2026-09-12,Meta Ads,/ucretsiz-deneme-dersi,27,Temsilci A,WhatsApp,1,1,0,0
L04436,2026-09-06,Meta Ads,/lgs-paket,35,Temsilci D,Çağrı merkezi,0,0,0,0
L04437,2026-09-12,Meta Ads,/ucretsiz-deneme-dersi,21,Temsilci A,WhatsApp,1,0,0,0
L04438,2026-09-19,Meta Ads,/yks-kocluk,2,Temsilci A,WhatsApp,1,1,1,5000
L04439,2026-09-13,Meta Ads,/fiyatlar,14,Temsilci A,WhatsApp,1,0,0,0
L04440,2026-09-01,Meta Ads,/lgs-paket,220,Temsilci F,Çağrı merkezi,1,1,0,0
L04441,2026-09-07,Meta Ads,/lgs-paket,60,Temsilci B,WhatsApp,1,1,0,0
L04442,2026-09-02,Meta Ads,/yks-kocluk,12,Temsilci D,Çağrı merkezi,1,1,0,0
L04443,2026-09-06,Meta Ads,/fiyatlar,1042,Temsilci F,Çağrı merkezi,1,0,0,0
L04444,2026-09-19,Meta Ads,/lgs-paket,78,Temsilci B,WhatsApp,0,0,0,0
L04445,2026-09-21,Meta Ads,/yks-kocluk,7,Temsilci A,WhatsApp,1,0,0,0
L04446,2026-09-23,Meta Ads,/yks-kocluk,345,Temsilci F,Çağrı merkezi,1,0,0,0
L04447,2026-09-20,Meta Ads,/lgs-paket,48,Temsilci D,Çağrı merkezi,0,0,0,0
L04448,2026-09-09,Meta Ads,/yks-kocluk,9,Temsilci D,Çağrı merkezi,1,1,0,0
L04449,2026-09-09,Meta Ads,/blog/*,10,Temsilci B,WhatsApp,1,1,0,0
L04450,2026-09-29,Meta Ads,/lgs-paket,60,Temsilci E,Çağrı merkezi,1,0,0,0
L04451,2026-09-17,Meta Ads,/yks-kocluk,494,Temsilci F,Çağrı merkezi,1,0,0,0
L04452,2026-09-18,Meta Ads,/ucretsiz-deneme-dersi,38,Temsilci B,WhatsApp,0,0,0,0
L04453,2026-09-21,Meta Ads,/lgs-paket,12,Temsilci D,Çağrı merkezi,0,0,0,0
L04454,2026-09-27,Meta Ads,/lgs-paket,162,Temsilci D,Çağrı merkezi,0,0,0,0
L04455,2026-09-17,Meta Ads,/yks-kocluk,1,Temsilci B,WhatsApp,1,0,0,0
L04456,2026-09-12,Meta Ads,/lgs-paket,54,Temsilci A,WhatsApp,0,0,0,0
L04457,2026-09-10,Meta Ads,/yks-kocluk,126,Temsilci F,Çağrı merkezi,0,0,0,0
L04458,2026-09-18,Meta Ads,/yks-kocluk,70,Temsilci F,Çağrı merkezi,1,0,0,0
L04459,2026-09-14,Meta Ads,/blog/*,99,Temsilci F,Çağrı merkezi,1,1,0,0
L04460,2026-09-26,Meta Ads,/yks-kocluk,9,Temsilci A,WhatsApp,1,0,0,0
L04461,2026-09-18,Meta Ads,/yks-kocluk,2,Temsilci D,Çağrı merkezi,1,1,1,3700
L04462,2026-09-25,Meta Ads,/ucretsiz-deneme-dersi,29,Temsilci B,WhatsApp,1,0,0,0
L04463,2026-09-30,Meta Ads,/ucretsiz-deneme-dersi,65,Temsilci B,WhatsApp,1,1,0,0
L04464,2026-09-12,Meta Ads,/ucretsiz-deneme-dersi,4,Temsilci F,Çağrı merkezi,1,1,0,0
L04465,2026-09-11,Meta Ads,/lgs-paket,16,Temsilci C,WhatsApp,1,1,0,0
L04466,2026-09-01,Meta Ads,/yks-kocluk,3,Temsilci C,WhatsApp,1,0,0,0
L04467,2026-09-10,Meta Ads,/yks-kocluk,76,Temsilci B,WhatsApp,1,0,0,0
L04468,2026-09-09,Meta Ads,/ucretsiz-deneme-dersi,268,Temsilci F,Çağrı merkezi,1,1,0,0
L04469,2026-09-28,Meta Ads,/fiyatlar,29,Temsilci C,WhatsApp,0,0,0,0
L04470,2026-09-24,Meta Ads,/fiyatlar,1,Temsilci A,WhatsApp,1,0,0,0
L04471,2026-09-09,Meta Ads,/blog/*,18,Temsilci B,WhatsApp,1,0,0,0
L04472,2026-09-09,Meta Ads,/yks-kocluk,22,Temsilci D,Çağrı merkezi,1,1,0,0
L04473,2026-09-04,Meta Ads,/ucretsiz-deneme-dersi,25,Temsilci E,Çağrı merkezi,1,1,0,0
L04474,2026-09-12,Meta Ads,/lgs-paket,1515,Temsilci C,WhatsApp,1,0,0,0
L04475,2026-09-02,Meta Ads,/ucretsiz-deneme-dersi,20,Temsilci F,Çağrı merkezi,1,1,0,0
L04476,2026-09-29,Meta Ads,/blog/*,247,Temsilci C,WhatsApp,1,0,0,0
L04477,2026-09-23,Meta Ads,/lgs-paket,15,Temsilci A,WhatsApp,1,0,0,0
L04478,2026-09-18,Meta Ads,/fiyatlar,7,Temsilci D,Çağrı merkezi,1,1,1,5550
L04479,2026-09-28,Meta Ads,/yks-kocluk,248,Temsilci C,WhatsApp,1,0,0,0
L04480,2026-09-24,Meta Ads,/ucretsiz-deneme-dersi,44,Temsilci F,Çağrı merkezi,1,0,0,0
L04481,2026-09-06,Meta Ads,/ucretsiz-deneme-dersi,15,Temsilci A,WhatsApp,1,0,0,0
L04482,2026-09-26,Meta Ads,/ucretsiz-deneme-dersi,7,Temsilci D,Çağrı merkezi,1,0,0,0
L04483,2026-09-14,Meta Ads,/ucretsiz-deneme-dersi,6,Temsilci A,WhatsApp,1,1,0,0
L04484,2026-09-30,Meta Ads,/ucretsiz-deneme-dersi,419,Temsilci C,WhatsApp,1,0,0,0
L04485,2026-09-02,Meta Ads,/yks-kocluk,7,Temsilci A,WhatsApp,1,0,0,0
L04486,2026-09-18,Meta Ads,/yks-kocluk,86,Temsilci B,WhatsApp,0,0,0,0
L04487,2026-09-14,Meta Ads,/lgs-paket,391,Temsilci F,Çağrı merkezi,0,0,0,0
L04488,2026-09-25,Meta Ads,/yks-kocluk,62,Temsilci B,WhatsApp,1,0,0,0
L04489,2026-09-02,Meta Ads,/yks-kocluk,266,Temsilci C,WhatsApp,1,1,0,0
L04490,2026-09-05,Meta Ads,/lgs-paket,63,Temsilci B,WhatsApp,1,0,0,0
L04491,2026-09-05,Meta Ads,/lgs-paket,228,Temsilci F,Çağrı merkezi,1,1,0,0
L04492,2026-09-12,Meta Ads,/lgs-paket,9,Temsilci D,Çağrı merkezi,1,1,0,0
L04493,2026-09-19,Meta Ads,/yks-kocluk,485,Temsilci C,WhatsApp,1,1,0,0
L04494,2026-09-07,Meta Ads,/ucretsiz-deneme-dersi,20,Temsilci B,WhatsApp,1,1,0,0
L04495,2026-09-29,Meta Ads,/yks-kocluk,465,Temsilci F,Çağrı merkezi,0,0,0,0
L04496,2026-09-19,Meta Ads,/lgs-paket,24,Temsilci A,WhatsApp,1,1,1,4830
L04497,2026-09-22,Meta Ads,/blog/*,7,Temsilci E,Çağrı merkezi,0,0,0,0
L04498,2026-09-11,Meta Ads,/fiyatlar,3,Temsilci D,Çağrı merkezi,1,1,0,0
L04499,2026-09-22,Meta Ads,/ucretsiz-deneme-dersi,13,Temsilci F,Çağrı merkezi,1,1,0,0
L04500,2026-09-06,Meta Ads,/yks-kocluk,54,Temsilci E,Çağrı merkezi,1,1,0,0
L04501,2026-09-07,Meta Ads,/ucretsiz-deneme-dersi,18,Temsilci D,Çağrı merkezi,1,1,1,4640
L04502,2026-09-15,Meta Ads,/lgs-paket,12,Temsilci D,Çağrı merkezi,1,0,0,0
L04503,2026-09-20,Meta Ads,/fiyatlar,10,Temsilci A,WhatsApp,1,1,0,0
L04504,2026-09-01,Meta Ads,/fiyatlar,1,Temsilci B,WhatsApp,1,1,0,0
L04505,2026-09-08,Meta Ads,/ucretsiz-deneme-dersi,52,Temsilci E,Çağrı merkezi,0,0,0,0
L04506,2026-09-24,Meta Ads,/blog/*,102,Temsilci F,Çağrı merkezi,1,0,0,0
L04507,2026-09-17,Meta Ads,/lgs-paket,1,Temsilci D,Çağrı merkezi,1,1,1,5380
L04508,2026-09-26,Meta Ads,/yks-kocluk,48,Temsilci D,Çağrı merkezi,1,1,0,0
L04509,2026-09-18,Meta Ads,/ucretsiz-deneme-dersi,10,Temsilci B,WhatsApp,1,0,0,0
L04510,2026-09-02,Meta Ads,/yks-kocluk,62,Temsilci B,WhatsApp,0,0,0,0
L04511,2026-09-15,Meta Ads,/yks-kocluk,12,Temsilci A,WhatsApp,1,1,0,0
L04512,2026-09-02,Meta Ads,/yks-kocluk,24,Temsilci C,WhatsApp,1,1,0,0
L04513,2026-09-06,Meta Ads,/lgs-paket,23,Temsilci B,WhatsApp,1,0,0,0
L04514,2026-09-22,Meta Ads,/ucretsiz-deneme-dersi,117,Temsilci F,Çağrı merkezi,1,0,0,0
L04515,2026-09-14,Meta Ads,/yks-kocluk,2,Temsilci A,WhatsApp,1,0,0,0
L04516,2026-09-03,Meta Ads,/ucretsiz-deneme-dersi,156,Temsilci F,Çağrı merkezi,1,1,1,5290
L04517,2026-09-19,Meta Ads,/ucretsiz-deneme-dersi,559,Temsilci F,Çağrı merkezi,1,1,1,3580
L04518,2026-09-09,Meta Ads,/ucretsiz-deneme-dersi,9,Temsilci A,WhatsApp,0,0,0,0
L04519,2026-09-30,Meta Ads,/yks-kocluk,3,Temsilci A,WhatsApp,1,1,0,0
L04520,2026-09-26,Meta Ads,/ucretsiz-deneme-dersi,350,Temsilci E,Çağrı merkezi,1,1,0,0
L04521,2026-09-17,Meta Ads,/lgs-paket,13,Temsilci A,WhatsApp,1,1,0,0
L04522,2026-09-21,Meta Ads,/yks-kocluk,382,Temsilci C,WhatsApp,1,0,0,0
L04523,2026-09-20,Meta Ads,/lgs-paket,242,Temsilci C,WhatsApp,1,1,0,0
L04524,2026-09-03,Meta Ads,/yks-kocluk,16,Temsilci D,Çağrı merkezi,0,0,0,0
L04525,2026-09-23,Meta Ads,/ucretsiz-deneme-dersi,38,Temsilci E,Çağrı merkezi,0,0,0,0
L04526,2026-09-28,Meta Ads,/lgs-paket,24,Temsilci E,Çağrı merkezi,1,0,0,0
L04527,2026-09-25,Meta Ads,/fiyatlar,9,Temsilci D,Çağrı merkezi,0,0,0,0
L04528,2026-09-12,Meta Ads,/lgs-paket,75,Temsilci B,WhatsApp,1,0,0,0
L04529,2026-09-17,Meta Ads,/lgs-paket,243,Temsilci C,WhatsApp,1,0,0,0
L04530,2026-09-07,Meta Ads,/ucretsiz-deneme-dersi,344,Temsilci F,Çağrı merkezi,1,1,1,4040
L04531,2026-09-13,Meta Ads,/fiyatlar,84,Temsilci B,WhatsApp,1,1,0,0
L04532,2026-09-22,Meta Ads,/yks-kocluk,6,Temsilci D,Çağrı merkezi,1,1,0,0
L04533,2026-09-04,Meta Ads,/lgs-paket,100,Temsilci C,WhatsApp,1,1,0,0
L04534,2026-09-14,Meta Ads,/yks-kocluk,4,Temsilci D,Çağrı merkezi,1,1,0,0
L04535,2026-09-18,Meta Ads,/blog/*,11,Temsilci D,Çağrı merkezi,0,0,0,0
L04536,2026-09-30,Meta Ads,/yks-kocluk,10,Temsilci D,Çağrı merkezi,0,0,0,0
L04537,2026-09-08,Meta Ads,/yks-kocluk,109,Temsilci C,WhatsApp,1,0,0,0
L04538,2026-09-21,Meta Ads,/yks-kocluk,62,Temsilci F,Çağrı merkezi,0,0,0,0
L04539,2026-09-25,Meta Ads,/lgs-paket,48,Temsilci B,WhatsApp,1,0,0,0
L04540,2026-09-20,Meta Ads,/yks-kocluk,154,Temsilci F,Çağrı merkezi,0,0,0,0
L04541,2026-09-13,Meta Ads,/yks-kocluk,40,Temsilci B,WhatsApp,1,1,0,0
L04542,2026-09-30,Meta Ads,/ucretsiz-deneme-dersi,5,Temsilci E,Çağrı merkezi,1,1,0,0
L04543,2026-09-09,Meta Ads,/lgs-paket,12,Temsilci E,Çağrı merkezi,1,1,0,0
L04544,2026-09-25,Meta Ads,/blog/*,13,Temsilci D,Çağrı merkezi,0,0,0,0
L04545,2026-09-16,Meta Ads,/yks-kocluk,9,Temsilci D,Çağrı merkezi,1,0,0,0
L04546,2026-09-17,Meta Ads,/ucretsiz-deneme-dersi,36,Temsilci E,Çağrı merkezi,1,0,0,0
L04547,2026-09-20,Meta Ads,/ucretsiz-deneme-dersi,86,Temsilci C,WhatsApp,0,0,0,0
L04548,2026-09-04,Meta Ads,/lgs-paket,2,Temsilci A,WhatsApp,1,0,0,0
L04549,2026-09-14,Meta Ads,/lgs-paket,24,Temsilci F,Çağrı merkezi,1,0,0,0
L04550,2026-09-29,Meta Ads,/blog/*,1,Temsilci D,Çağrı merkezi,1,0,0,0
L04551,2026-09-28,Meta Ads,/blog/*,90,Temsilci F,Çağrı merkezi,0,0,0,0
L04552,2026-09-04,Meta Ads,/blog/*,62,Temsilci B,WhatsApp,1,0,0,0
L04553,2026-09-12,Meta Ads,/fiyatlar,72,Temsilci D,Çağrı merkezi,0,0,0,0
L04554,2026-09-25,Meta Ads,/lgs-paket,11,Temsilci D,Çağrı merkezi,1,1,0,0
L04555,2026-09-17,Meta Ads,/yks-kocluk,101,Temsilci E,Çağrı merkezi,1,0,0,0
L04556,2026-09-23,Meta Ads,/ucretsiz-deneme-dersi,120,Temsilci E,Çağrı merkezi,1,0,0,0
L04557,2026-09-06,Meta Ads,/ucretsiz-deneme-dersi,30,Temsilci A,WhatsApp,1,1,1,5960
L04558,2026-09-12,Meta Ads,/yks-kocluk,999,Temsilci F,Çağrı merkezi,1,1,0,0
L04559,2026-09-07,Meta Ads,/lgs-paket,10,Temsilci A,WhatsApp,1,0,0,0
L04560,2026-09-28,Meta Ads,/lgs-paket,121,Temsilci C,WhatsApp,0,0,0,0
L04561,2026-09-02,Meta Ads,/yks-kocluk,99,Temsilci E,Çağrı merkezi,1,0,0,0
L04562,2026-09-20,Meta Ads,/lgs-paket,228,Temsilci C,WhatsApp,0,0,0,0
L04563,2026-09-17,Meta Ads,/yks-kocluk,131,Temsilci F,Çağrı merkezi,0,0,0,0
L04564,2026-09-28,Meta Ads,/yks-kocluk,137,Temsilci E,Çağrı merkezi,0,0,0,0
L04565,2026-09-27,Meta Ads,/yks-kocluk,80,Temsilci D,Çağrı merkezi,0,0,0,0
L04566,2026-09-07,Meta Ads,/ucretsiz-deneme-dersi,6,Temsilci B,WhatsApp,1,0,0,0
L04567,2026-09-11,Meta Ads,/yks-kocluk,10,Temsilci C,WhatsApp,1,0,0,0
L04568,2026-09-11,Meta Ads,/lgs-paket,6,Temsilci A,WhatsApp,0,0,0,0
L04569,2026-09-29,Meta Ads,/blog/*,250,Temsilci C,WhatsApp,0,0,0,0
L04570,2026-09-29,Meta Ads,/yks-kocluk,10,Temsilci A,WhatsApp,0,0,0,0
L04571,2026-09-23,Meta Ads,/yks-kocluk,1,Temsilci A,WhatsApp,1,1,0,0
L04572,2026-09-12,Meta Ads,/yks-kocluk,157,Temsilci B,WhatsApp,0,0,0,0
L04573,2026-09-11,Meta Ads,/yks-kocluk,69,Temsilci C,WhatsApp,0,0,0,0
L04574,2026-09-20,Meta Ads,/yks-kocluk,38,Temsilci D,Çağrı merkezi,1,0,0,0
L04575,2026-09-25,Meta Ads,/blog/*,6,Temsilci A,WhatsApp,1,0,0,0
L04576,2026-09-12,Meta Ads,/fiyatlar,149,Temsilci E,Çağrı merkezi,1,1,0,0
L04577,2026-09-18,Meta Ads,/blog/*,51,Temsilci E,Çağrı merkezi,1,1,0,0
L04578,2026-09-25,Meta Ads,/fiyatlar,147,Temsilci C,WhatsApp,0,0,0,0
L04579,2026-09-03,Meta Ads,/lgs-paket,4,Temsilci E,Çağrı merkezi,1,1,0,0
L04580,2026-09-07,Meta Ads,/blog/*,1,Temsilci D,Çağrı merkezi,1,1,0,0
L04581,2026-09-23,Meta Ads,/yks-kocluk,7,Temsilci A,WhatsApp,1,1,1,3690
L04582,2026-09-28,Meta Ads,/blog/*,7,Temsilci A,WhatsApp,1,0,0,0
L04583,2026-09-24,Meta Ads,/yks-kocluk,3,Temsilci A,WhatsApp,0,0,0,0
L04584,2026-09-06,Meta Ads,/ucretsiz-deneme-dersi,16,Temsilci D,Çağrı merkezi,0,0,0,0
L04585,2026-09-04,Meta Ads,/fiyatlar,6,Temsilci A,WhatsApp,1,1,0,0
L04586,2026-09-18,Meta Ads,/fiyatlar,24,Temsilci C,WhatsApp,0,0,0,0
L04587,2026-09-01,Meta Ads,/yks-kocluk,39,Temsilci C,WhatsApp,0,0,0,0
L04588,2026-09-12,Meta Ads,/yks-kocluk,71,Temsilci E,Çağrı merkezi,1,0,0,0
L04589,2026-09-03,Meta Ads,/yks-kocluk,174,Temsilci F,Çağrı merkezi,0,0,0,0
L04590,2026-09-11,Meta Ads,/lgs-paket,1,Temsilci C,WhatsApp,1,1,0,0
L04591,2026-09-12,Meta Ads,/yks-kocluk,186,Temsilci E,Çağrı merkezi,1,1,1,4080
L04592,2026-09-21,Meta Ads,/yks-kocluk,646,Temsilci C,WhatsApp,0,0,0,0
L04593,2026-09-20,Meta Ads,/yks-kocluk,60,Temsilci B,WhatsApp,1,0,0,0
L04594,2026-09-25,Meta Ads,/yks-kocluk,53,Temsilci F,Çağrı merkezi,1,0,0,0
L04595,2026-09-06,Meta Ads,/ucretsiz-deneme-dersi,888,Temsilci E,Çağrı merkezi,1,0,0,0
L04596,2026-09-08,Meta Ads,/lgs-paket,115,Temsilci F,Çağrı merkezi,1,0,0,0
L04597,2026-09-14,Meta Ads,/ucretsiz-deneme-dersi,30,Temsilci B,WhatsApp,1,0,0,0
L04598,2026-09-03,Meta Ads,/ucretsiz-deneme-dersi,11,Temsilci A,WhatsApp,1,0,0,0
L04599,2026-09-25,Meta Ads,/yks-kocluk,4,Temsilci F,Çağrı merkezi,1,1,0,0
L04600,2026-09-05,Meta Ads,/yks-kocluk,1644,Temsilci F,Çağrı merkezi,1,1,0,0
L04601,2026-09-17,Meta Ads,/ucretsiz-deneme-dersi,74,Temsilci C,WhatsApp,1,1,0,0
L04602,2026-09-20,Meta Ads,/yks-kocluk,36,Temsilci B,WhatsApp,1,1,0,0
L04603,2026-09-17,Meta Ads,/lgs-paket,16,Temsilci E,Çağrı merkezi,1,0,0,0
L04604,2026-09-26,Meta Ads,/lgs-paket,95,Temsilci C,WhatsApp,1,0,0,0
L04605,2026-09-13,Meta Ads,/blog/*,99,Temsilci B,WhatsApp,1,0,0,0
L04606,2026-09-07,Meta Ads,/lgs-paket,5,Temsilci A,WhatsApp,1,0,0,0
L04607,2026-09-28,Meta Ads,/lgs-paket,90,Temsilci E,Çağrı merkezi,0,0,0,0
L04608,2026-09-20,Meta Ads,/yks-kocluk,78,Temsilci D,Çağrı merkezi,0,0,0,0
L04609,2026-09-08,Meta Ads,/ucretsiz-deneme-dersi,114,Temsilci E,Çağrı merkezi,1,1,0,0
L04610,2026-09-04,Meta Ads,/fiyatlar,6,Temsilci D,Çağrı merkezi,1,0,0,0
L04611,2026-09-26,Meta Ads,/lgs-paket,1,Temsilci B,WhatsApp,1,0,0,0
L04612,2026-09-11,Meta Ads,/yks-kocluk,39,Temsilci E,Çağrı merkezi,1,0,0,0
L04613,2026-09-10,Meta Ads,/ucretsiz-deneme-dersi,57,Temsilci E,Çağrı merkezi,0,0,0,0
L04614,2026-09-17,Meta Ads,/blog/*,7,Temsilci D,Çağrı merkezi,1,0,0,0
L04615,2026-09-15,Meta Ads,/yks-kocluk,27,Temsilci F,Çağrı merkezi,1,0,0,0
L04616,2026-09-01,Meta Ads,/fiyatlar,11,Temsilci D,Çağrı merkezi,1,1,0,0
L04617,2026-09-03,Meta Ads,/yks-kocluk,56,Temsilci B,WhatsApp,1,0,0,0
L04618,2026-09-23,Meta Ads,/blog/*,1,Temsilci D,Çağrı merkezi,1,0,0,0
L04619,2026-09-24,TikTok Ads,/yks-kocluk,99,Temsilci F,Çağrı merkezi,1,0,0,0
L04620,2026-09-01,TikTok Ads,/ucretsiz-deneme-dersi,8,Temsilci D,Çağrı merkezi,1,0,0,0
L04621,2026-09-24,TikTok Ads,/ucretsiz-deneme-dersi,12,Temsilci B,WhatsApp,1,0,0,0
L04622,2026-09-20,TikTok Ads,/fiyatlar,36,Temsilci D,Çağrı merkezi,1,0,0,0
L04623,2026-09-30,TikTok Ads,/yks-kocluk,6,Temsilci A,WhatsApp,0,0,0,0
L04624,2026-09-14,TikTok Ads,/fiyatlar,86,Temsilci E,Çağrı merkezi,1,1,1,4660
L04625,2026-09-24,TikTok Ads,/fiyatlar,56,Temsilci B,WhatsApp,1,0,0,0
L04626,2026-09-23,TikTok Ads,/lgs-paket,80,Temsilci B,WhatsApp,0,0,0,0
L04627,2026-09-04,TikTok Ads,/yks-kocluk,11,Temsilci A,WhatsApp,1,0,0,0
L04628,2026-09-22,TikTok Ads,/fiyatlar,22,Temsilci E,Çağrı merkezi,1,0,0,0
L04629,2026-09-24,TikTok Ads,/yks-kocluk,25,Temsilci D,Çağrı merkezi,1,0,0,0
L04630,2026-09-03,TikTok Ads,/ucretsiz-deneme-dersi,25,Temsilci B,WhatsApp,1,1,0,0
L04631,2026-09-28,TikTok Ads,/lgs-paket,7,Temsilci A,WhatsApp,1,0,0,0
L04632,2026-09-08,TikTok Ads,/yks-kocluk,1,Temsilci A,WhatsApp,1,0,0,0
L04633,2026-09-15,TikTok Ads,/lgs-paket,11,Temsilci D,Çağrı merkezi,1,0,0,0
L04634,2026-09-21,TikTok Ads,/yks-kocluk,144,Temsilci C,WhatsApp,1,1,0,0
L04635,2026-09-29,TikTok Ads,/ucretsiz-deneme-dersi,5,Temsilci D,Çağrı merkezi,1,0,0,0
L04636,2026-09-29,TikTok Ads,/yks-kocluk,75,Temsilci C,WhatsApp,1,1,0,0
L04637,2026-09-09,TikTok Ads,/yks-kocluk,33,Temsilci C,WhatsApp,1,0,0,0
L04638,2026-09-25,TikTok Ads,/ucretsiz-deneme-dersi,322,Temsilci F,Çağrı merkezi,1,1,1,4980
L04639,2026-09-07,TikTok Ads,/yks-kocluk,14,Temsilci D,Çağrı merkezi,1,0,0,0
L04640,2026-09-24,TikTok Ads,/fiyatlar,26,Temsilci D,Çağrı merkezi,0,0,0,0
L04641,2026-09-29,TikTok Ads,/lgs-paket,282,Temsilci C,WhatsApp,1,0,0,0
L04642,2026-09-06,TikTok Ads,/ucretsiz-deneme-dersi,60,Temsilci B,WhatsApp,0,0,0,0
L04643,2026-09-15,TikTok Ads,/lgs-paket,10,Temsilci F,Çağrı merkezi,1,0,0,0
L04644,2026-09-30,TikTok Ads,/fiyatlar,20,Temsilci D,Çağrı merkezi,1,0,0,0
L04645,2026-09-25,TikTok Ads,/fiyatlar,18,Temsilci E,Çağrı merkezi,1,1,0,0
L04646,2026-09-17,TikTok Ads,/ucretsiz-deneme-dersi,31,Temsilci B,WhatsApp,0,0,0,0
L04647,2026-09-15,TikTok Ads,/ucretsiz-deneme-dersi,295,Temsilci C,WhatsApp,0,0,0,0
L04648,2026-09-25,TikTok Ads,/ucretsiz-deneme-dersi,6,Temsilci D,Çağrı merkezi,1,0,0,0
L04649,2026-09-01,TikTok Ads,/yks-kocluk,1,Temsilci B,WhatsApp,1,0,0,0
L04650,2026-09-12,TikTok Ads,/yks-kocluk,113,Temsilci E,Çağrı merkezi,1,1,0,0
L04651,2026-09-16,TikTok Ads,/ucretsiz-deneme-dersi,360,Temsilci F,Çağrı merkezi,1,0,0,0
L04652,2026-09-26,TikTok Ads,/yks-kocluk,40,Temsilci F,Çağrı merkezi,0,0,0,0
L04653,2026-09-24,TikTok Ads,/yks-kocluk,6,Temsilci D,Çağrı merkezi,1,0,0,0
L04654,2026-09-08,TikTok Ads,/ucretsiz-deneme-dersi,73,Temsilci F,Çağrı merkezi,1,0,0,0
L04655,2026-09-26,TikTok Ads,/yks-kocluk,461,Temsilci F,Çağrı merkezi,1,0,0,0
L04656,2026-09-30,TikTok Ads,/yks-kocluk,33,Temsilci F,Çağrı merkezi,1,0,0,0
L04657,2026-09-21,TikTok Ads,/ucretsiz-deneme-dersi,345,Temsilci F,Çağrı merkezi,0,0,0,0
L04658,2026-09-02,TikTok Ads,/yks-kocluk,12,Temsilci A,WhatsApp,1,1,1,3300
L04659,2026-09-10,TikTok Ads,/ucretsiz-deneme-dersi,108,Temsilci F,Çağrı merkezi,1,1,0,0
L04660,2026-09-20,TikTok Ads,/lgs-paket,256,Temsilci E,Çağrı merkezi,0,0,0,0
L04661,2026-09-03,TikTok Ads,/yks-kocluk,7,Temsilci A,WhatsApp,1,1,0,0
L04662,2026-09-26,TikTok Ads,/blog/*,23,Temsilci D,Çağrı merkezi,1,1,0,0
L04663,2026-09-30,TikTok Ads,/yks-kocluk,347,Temsilci F,Çağrı merkezi,1,0,0,0
L04664,2026-09-01,TikTok Ads,/yks-kocluk,16,Temsilci D,Çağrı merkezi,1,0,0,0
L04665,2026-09-28,TikTok Ads,/ucretsiz-deneme-dersi,10,Temsilci D,Çağrı merkezi,1,0,0,0
L04666,2026-09-24,TikTok Ads,/lgs-paket,16,Temsilci B,WhatsApp,1,0,0,0
L04667,2026-09-12,TikTok Ads,/yks-kocluk,810,Temsilci F,Çağrı merkezi,1,1,0,0
L04668,2026-09-08,TikTok Ads,/yks-kocluk,30,Temsilci B,WhatsApp,1,0,0,0
L04669,2026-09-10,TikTok Ads,/fiyatlar,46,Temsilci C,WhatsApp,1,1,0,0
L04670,2026-09-06,TikTok Ads,/fiyatlar,6,Temsilci A,WhatsApp,1,1,1,3640
L04671,2026-09-02,TikTok Ads,/yks-kocluk,84,Temsilci C,WhatsApp,1,0,0,0
L04672,2026-09-27,TikTok Ads,/yks-kocluk,55,Temsilci D,Çağrı merkezi,1,1,0,0
L04673,2026-09-28,TikTok Ads,/yks-kocluk,1,Temsilci B,WhatsApp,1,1,1,4910
L04674,2026-09-24,TikTok Ads,/fiyatlar,87,Temsilci B,WhatsApp,1,0,0,0
L04675,2026-09-21,TikTok Ads,/yks-kocluk,678,Temsilci C,WhatsApp,0,0,0,0
L04676,2026-09-24,TikTok Ads,/ucretsiz-deneme-dersi,6,Temsilci D,Çağrı merkezi,0,0,0,0
L04677,2026-09-28,TikTok Ads,/lgs-paket,14,Temsilci C,WhatsApp,1,1,0,0
L04678,2026-09-17,TikTok Ads,/ucretsiz-deneme-dersi,1,Temsilci A,WhatsApp,1,1,0,0
L04679,2026-09-14,TikTok Ads,/ucretsiz-deneme-dersi,93,Temsilci E,Çağrı merkezi,1,0,0,0
L04680,2026-09-30,TikTok Ads,/lgs-paket,25,Temsilci E,Çağrı merkezi,1,1,0,0
L04681,2026-09-11,TikTok Ads,/lgs-paket,90,Temsilci E,Çağrı merkezi,1,0,0,0
L04682,2026-09-10,TikTok Ads,/ucretsiz-deneme-dersi,379,Temsilci F,Çağrı merkezi,1,1,0,0
L04683,2026-09-13,TikTok Ads,/yks-kocluk,352,Temsilci E,Çağrı merkezi,0,0,0,0
L04684,2026-09-04,TikTok Ads,/lgs-paket,199,Temsilci C,WhatsApp,1,0,0,0
L04685,2026-09-28,TikTok Ads,/yks-kocluk,13,Temsilci B,WhatsApp,1,0,0,0
L04686,2026-09-18,TikTok Ads,/fiyatlar,8,Temsilci A,WhatsApp,0,0,0,0
L04687,2026-09-18,TikTok Ads,/yks-kocluk,282,Temsilci C,WhatsApp,1,1,0,0
L04688,2026-09-27,TikTok Ads,/yks-kocluk,13,Temsilci B,WhatsApp,1,0,0,0
L04689,2026-09-15,TikTok Ads,/ucretsiz-deneme-dersi,134,Temsilci B,WhatsApp,0,0,0,0
L04690,2026-09-27,TikTok Ads,/ucretsiz-deneme-dersi,4,Temsilci A,WhatsApp,1,1,0,0
L04691,2026-09-10,TikTok Ads,/yks-kocluk,2,Temsilci A,WhatsApp,1,1,1,4800
L04692,2026-09-12,TikTok Ads,/lgs-paket,64,Temsilci A,WhatsApp,1,1,1,3450
L04693,2026-09-01,TikTok Ads,/lgs-paket,5,Temsilci E,Çağrı merkezi,1,0,0,0
L04694,2026-09-20,TikTok Ads,/blog/*,439,Temsilci F,Çağrı merkezi,0,0,0,0
L04695,2026-09-10,TikTok Ads,/ucretsiz-deneme-dersi,54,Temsilci C,WhatsApp,1,0,0,0
L04696,2026-09-14,TikTok Ads,/yks-kocluk,55,Temsilci C,WhatsApp,0,0,0,0
L04697,2026-09-04,TikTok Ads,/ucretsiz-deneme-dersi,874,Temsilci F,Çağrı merkezi,0,0,0,0
L04698,2026-09-04,TikTok Ads,/yks-kocluk,107,Temsilci E,Çağrı merkezi,1,1,1,3450
L04699,2026-09-03,TikTok Ads,/blog/*,391,Temsilci F,Çağrı merkezi,1,0,0,0
L04700,2026-09-30,TikTok Ads,/ucretsiz-deneme-dersi,48,Temsilci D,Çağrı merkezi,1,0,0,0
L04701,2026-09-01,TikTok Ads,/yks-kocluk,311,Temsilci F,Çağrı merkezi,0,0,0,0
L04702,2026-09-06,TikTok Ads,/ucretsiz-deneme-dersi,197,Temsilci B,WhatsApp,1,0,0,0
L04703,2026-09-14,TikTok Ads,/fiyatlar,6,Temsilci B,WhatsApp,1,0,0,0
L04704,2026-09-12,TikTok Ads,/blog/*,8,Temsilci D,Çağrı merkezi,0,0,0,0
L04705,2026-09-27,TikTok Ads,/ucretsiz-deneme-dersi,130,Temsilci D,Çağrı merkezi,1,1,0,0
L04706,2026-09-19,TikTok Ads,/ucretsiz-deneme-dersi,76,Temsilci F,Çağrı merkezi,1,1,0,0
L04707,2026-09-22,TikTok Ads,/ucretsiz-deneme-dersi,614,Temsilci F,Çağrı merkezi,0,0,0,0
L04708,2026-09-12,TikTok Ads,/lgs-paket,98,Temsilci B,WhatsApp,1,0,0,0
L04709,2026-09-06,TikTok Ads,/yks-kocluk,68,Temsilci A,WhatsApp,0,0,0,0
L04710,2026-09-30,TikTok Ads,/fiyatlar,23,Temsilci E,Çağrı merkezi,1,1,0,0
L04711,2026-09-18,TikTok Ads,/lgs-paket,1,Temsilci A,WhatsApp,1,1,1,4410
L04712,2026-09-02,TikTok Ads,/yks-kocluk,119,Temsilci E,Çağrı merkezi,0,0,0,0
L04713,2026-09-01,TikTok Ads,/ucretsiz-deneme-dersi,86,Temsilci B,WhatsApp,0,0,0,0
L04714,2026-09-13,TikTok Ads,/yks-kocluk,2,Temsilci D,Çağrı merkezi,1,1,0,0
L04715,2026-09-06,TikTok Ads,/yks-kocluk,64,Temsilci D,Çağrı merkezi,0,0,0,0
L04716,2026-09-29,TikTok Ads,/lgs-paket,37,Temsilci D,Çağrı merkezi,1,0,0,0
L04717,2026-09-11,TikTok Ads,/yks-kocluk,1,Temsilci E,Çağrı merkezi,1,0,0,0
L04718,2026-09-24,TikTok Ads,/ucretsiz-deneme-dersi,80,Temsilci C,WhatsApp,0,0,0,0
L04719,2026-09-09,TikTok Ads,/yks-kocluk,14,Temsilci A,WhatsApp,1,0,0,0
L04720,2026-09-14,TikTok Ads,/fiyatlar,25,Temsilci B,WhatsApp,1,0,0,0
L04721,2026-09-17,TikTok Ads,/lgs-paket,5,Temsilci D,Çağrı merkezi,1,0,0,0
L04722,2026-09-20,TikTok Ads,/ucretsiz-deneme-dersi,9,Temsilci B,WhatsApp,1,0,0,0
L04723,2026-09-14,TikTok Ads,/ucretsiz-deneme-dersi,65,Temsilci B,WhatsApp,1,1,1,4430
L04724,2026-09-07,TikTok Ads,/lgs-paket,15,Temsilci A,WhatsApp,1,0,0,0
L04725,2026-09-22,TikTok Ads,/ucretsiz-deneme-dersi,8,Temsilci A,WhatsApp,1,1,1,3500
L04726,2026-09-25,TikTok Ads,/ucretsiz-deneme-dersi,272,Temsilci C,WhatsApp,0,0,0,0
L04727,2026-09-26,TikTok Ads,/blog/*,641,Temsilci C,WhatsApp,0,0,0,0
L04728,2026-09-23,TikTok Ads,/ucretsiz-deneme-dersi,11,Temsilci C,WhatsApp,1,1,0,0
L04729,2026-09-19,TikTok Ads,/ucretsiz-deneme-dersi,130,Temsilci C,WhatsApp,1,0,0,0
L04730,2026-09-19,TikTok Ads,/lgs-paket,66,Temsilci A,WhatsApp,1,1,1,4050
L04731,2026-09-24,TikTok Ads,/yks-kocluk,314,Temsilci F,Çağrı merkezi,1,0,0,0
L04732,2026-09-09,TikTok Ads,/fiyatlar,28,Temsilci E,Çağrı merkezi,1,0,0,0
L04733,2026-09-14,TikTok Ads,/fiyatlar,67,Temsilci C,WhatsApp,0,0,0,0
L04734,2026-09-19,TikTok Ads,/fiyatlar,729,Temsilci C,WhatsApp,0,0,0,0
L04735,2026-09-18,TikTok Ads,/ucretsiz-deneme-dersi,26,Temsilci B,WhatsApp,1,0,0,0
L04736,2026-09-01,TikTok Ads,/ucretsiz-deneme-dersi,4,Temsilci A,WhatsApp,1,0,0,0
L04737,2026-09-02,TikTok Ads,/lgs-paket,40,Temsilci E,Çağrı merkezi,1,0,0,0
L04738,2026-09-22,TikTok Ads,/blog/*,8,Temsilci D,Çağrı merkezi,1,0,0,0
L04739,2026-09-01,TikTok Ads,/ucretsiz-deneme-dersi,4,Temsilci D,Çağrı merkezi,1,1,0,0
L04740,2026-09-24,TikTok Ads,/yks-kocluk,249,Temsilci C,WhatsApp,1,1,0,0
L04741,2026-09-21,TikTok Ads,/yks-kocluk,5,Temsilci D,Çağrı merkezi,1,0,0,0
L04742,2026-09-11,TikTok Ads,/ucretsiz-deneme-dersi,90,Temsilci B,WhatsApp,0,0,0,0
L04743,2026-09-16,TikTok Ads,/yks-kocluk,147,Temsilci F,Çağrı merkezi,1,0,0,0
L04744,2026-09-03,TikTok Ads,/ucretsiz-deneme-dersi,494,Temsilci C,WhatsApp,1,0,0,0
L04745,2026-09-30,TikTok Ads,/yks-kocluk,5,Temsilci D,Çağrı merkezi,1,0,0,0
L04746,2026-09-04,TikTok Ads,/ucretsiz-deneme-dersi,37,Temsilci E,Çağrı merkezi,1,1,0,0
L04747,2026-09-12,TikTok Ads,/ucretsiz-deneme-dersi,31,Temsilci A,WhatsApp,0,0,0,0
L04748,2026-09-14,TikTok Ads,/yks-kocluk,6,Temsilci A,WhatsApp,1,0,0,0
L04749,2026-09-08,TikTok Ads,/blog/*,15,Temsilci A,WhatsApp,1,0,0,0
L04750,2026-09-12,TikTok Ads,/ucretsiz-deneme-dersi,8,Temsilci B,WhatsApp,1,0,0,0
L04751,2026-09-27,TikTok Ads,/yks-kocluk,333,Temsilci F,Çağrı merkezi,1,0,0,0
L04752,2026-09-06,TikTok Ads,/blog/*,17,Temsilci B,WhatsApp,1,0,0,0
L04753,2026-09-24,TikTok Ads,/yks-kocluk,220,Temsilci F,Çağrı merkezi,1,0,0,0
L04754,2026-09-02,TikTok Ads,/ucretsiz-deneme-dersi,80,Temsilci E,Çağrı merkezi,1,0,0,0
L04755,2026-09-03,TikTok Ads,/fiyatlar,194,Temsilci E,Çağrı merkezi,1,0,0,0
L04756,2026-09-07,TikTok Ads,/fiyatlar,1,Temsilci E,Çağrı merkezi,1,1,0,0
L04757,2026-09-24,TikTok Ads,/yks-kocluk,28,Temsilci E,Çağrı merkezi,0,0,0,0
L04758,2026-09-16,TikTok Ads,/yks-kocluk,55,Temsilci C,WhatsApp,1,0,0,0
L04759,2026-09-12,TikTok Ads,/yks-kocluk,273,Temsilci B,WhatsApp,1,0,0,0
L04760,2026-09-16,TikTok Ads,/fiyatlar,418,Temsilci F,Çağrı merkezi,1,0,0,0
L04761,2026-09-16,TikTok Ads,/yks-kocluk,97,Temsilci F,Çağrı merkezi,1,0,0,0
L04762,2026-09-28,TikTok Ads,/ucretsiz-deneme-dersi,47,Temsilci E,Çağrı merkezi,1,0,0,0
L04763,2026-09-23,TikTok Ads,/lgs-paket,74,Temsilci C,WhatsApp,0,0,0,0
L04764,2026-09-30,TikTok Ads,/ucretsiz-deneme-dersi,25,Temsilci E,Çağrı merkezi,1,0,0,0
L04765,2026-09-29,TikTok Ads,/fiyatlar,490,Temsilci C,WhatsApp,0,0,0,0
L04766,2026-09-28,TikTok Ads,/ucretsiz-deneme-dersi,59,Temsilci F,Çağrı merkezi,1,1,0,0
L04767,2026-09-11,TikTok Ads,/fiyatlar,8,Temsilci E,Çağrı merkezi,0,0,0,0
L04768,2026-09-13,TikTok Ads,/yks-kocluk,120,Temsilci C,WhatsApp,1,0,0,0
L04769,2026-09-21,TikTok Ads,/lgs-paket,193,Temsilci C,WhatsApp,1,0,0,0
L04770,2026-09-25,TikTok Ads,/fiyatlar,21,Temsilci D,Çağrı merkezi,1,0,0,0
L04771,2026-09-19,TikTok Ads,/ucretsiz-deneme-dersi,20,Temsilci A,WhatsApp,1,0,0,0
L04772,2026-09-12,TikTok Ads,/yks-kocluk,218,Temsilci E,Çağrı merkezi,1,1,0,0
L04773,2026-09-25,TikTok Ads,/yks-kocluk,39,Temsilci B,WhatsApp,1,1,0,0
L04774,2026-09-17,TikTok Ads,/ucretsiz-deneme-dersi,25,Temsilci B,WhatsApp,1,0,0,0
L04775,2026-09-16,TikTok Ads,/yks-kocluk,7,Temsilci D,Çağrı merkezi,1,1,0,0
L04776,2026-09-16,TikTok Ads,/yks-kocluk,51,Temsilci C,WhatsApp,1,0,0,0
L04777,2026-09-23,TikTok Ads,/yks-kocluk,35,Temsilci C,WhatsApp,0,0,0,0
L04778,2026-09-18,TikTok Ads,/lgs-paket,1,Temsilci D,Çağrı merkezi,1,0,0,0
L04779,2026-09-06,TikTok Ads,/blog/*,2,Temsilci F,Çağrı merkezi,1,0,0,0
L04780,2026-09-28,TikTok Ads,/fiyatlar,6,Temsilci D,Çağrı merkezi,0,0,0,0
L04781,2026-09-08,TikTok Ads,/yks-kocluk,3,Temsilci A,WhatsApp,1,0,0,0
L04782,2026-09-04,TikTok Ads,/blog/*,12,Temsilci F,Çağrı merkezi,1,1,0,0
L04783,2026-09-15,TikTok Ads,/fiyatlar,133,Temsilci C,WhatsApp,1,0,0,0
L04784,2026-09-27,TikTok Ads,/fiyatlar,581,Temsilci C,WhatsApp,1,1,0,0
L04785,2026-09-15,TikTok Ads,/blog/*,72,Temsilci C,WhatsApp,1,1,0,0
L04786,2026-09-24,TikTok Ads,/ucretsiz-deneme-dersi,14,Temsilci C,WhatsApp,1,0,0,0
L04787,2026-09-12,TikTok Ads,/lgs-paket,211,Temsilci E,Çağrı merkezi,1,0,0,0
L04788,2026-09-18,TikTok Ads,/lgs-paket,60,Temsilci C,WhatsApp,1,0,0,0
L04789,2026-09-24,TikTok Ads,/ucretsiz-deneme-dersi,93,Temsilci C,WhatsApp,1,0,0,0
L04790,2026-09-12,TikTok Ads,/blog/*,22,Temsilci A,WhatsApp,1,1,0,0
L04791,2026-09-17,TikTok Ads,/ucretsiz-deneme-dersi,138,Temsilci C,WhatsApp,1,1,0,0
L04792,2026-09-07,TikTok Ads,/ucretsiz-deneme-dersi,371,Temsilci F,Çağrı merkezi,0,0,0,0
L04793,2026-09-15,TikTok Ads,/yks-kocluk,4,Temsilci A,WhatsApp,1,0,0,0
L04794,2026-09-15,TikTok Ads,/ucretsiz-deneme-dersi,2,Temsilci A,WhatsApp,0,0,0,0
L04795,2026-09-22,TikTok Ads,/ucretsiz-deneme-dersi,398,Temsilci F,Çağrı merkezi,0,0,0,0
L04796,2026-09-08,TikTok Ads,/blog/*,5,Temsilci A,WhatsApp,1,0,0,0
L04797,2026-09-02,TikTok Ads,/lgs-paket,24,Temsilci B,WhatsApp,1,0,0,0
L04798,2026-09-13,TikTok Ads,/yks-kocluk,1,Temsilci D,Çağrı merkezi,1,0,0,0
L04799,2026-09-01,TikTok Ads,/yks-kocluk,134,Temsilci C,WhatsApp,1,0,0,0
L04800,2026-09-25,TikTok Ads,/yks-kocluk,9,Temsilci F,Çağrı merkezi,1,0,0,0
L04801,2026-09-21,TikTok Ads,/yks-kocluk,4,Temsilci A,WhatsApp,1,0,0,0
L04802,2026-09-17,TikTok Ads,/yks-kocluk,25,Temsilci F,Çağrı merkezi,0,0,0,0
L04803,2026-09-05,TikTok Ads,/yks-kocluk,423,Temsilci C,WhatsApp,0,0,0,0
L04804,2026-09-22,TikTok Ads,/lgs-paket,30,Temsilci E,Çağrı merkezi,1,1,0,0
L04805,2026-09-26,TikTok Ads,/lgs-paket,56,Temsilci B,WhatsApp,0,0,0,0
L04806,2026-09-12,TikTok Ads,/ucretsiz-deneme-dersi,101,Temsilci E,Çağrı merkezi,1,0,0,0
L04807,2026-09-05,TikTok Ads,/lgs-paket,39,Temsilci B,WhatsApp,1,1,0,0
L04808,2026-09-27,TikTok Ads,/yks-kocluk,116,Temsilci B,WhatsApp,1,1,0,0
L04809,2026-09-30,TikTok Ads,/fiyatlar,24,Temsilci B,WhatsApp,1,0,0,0
L04810,2026-09-14,TikTok Ads,/lgs-paket,615,Temsilci F,Çağrı merkezi,1,0,0,0
L04811,2026-09-24,TikTok Ads,/ucretsiz-deneme-dersi,18,Temsilci D,Çağrı merkezi,0,0,0,0
L04812,2026-09-23,TikTok Ads,/yks-kocluk,1,Temsilci A,WhatsApp,1,0,0,0
L04813,2026-09-22,TikTok Ads,/yks-kocluk,15,Temsilci A,WhatsApp,1,1,0,0
L04814,2026-09-21,TikTok Ads,/lgs-paket,115,Temsilci C,WhatsApp,1,0,0,0
L04815,2026-09-17,TikTok Ads,/yks-kocluk,28,Temsilci C,WhatsApp,0,0,0,0
L04816,2026-09-14,TikTok Ads,/yks-kocluk,153,Temsilci F,Çağrı merkezi,0,0,0,0
L04817,2026-09-09,TikTok Ads,/ucretsiz-deneme-dersi,1,Temsilci A,WhatsApp,1,0,0,0
L04818,2026-09-13,TikTok Ads,/lgs-paket,21,Temsilci E,Çağrı merkezi,0,0,0,0
L04819,2026-09-22,TikTok Ads,/yks-kocluk,56,Temsilci B,WhatsApp,1,1,0,0
L04820,2026-09-11,TikTok Ads,/fiyatlar,1,Temsilci D,Çağrı merkezi,1,0,0,0
L04821,2026-09-21,TikTok Ads,/lgs-paket,65,Temsilci B,WhatsApp,0,0,0,0
L04822,2026-09-28,TikTok Ads,/yks-kocluk,84,Temsilci C,WhatsApp,1,0,0,0
L04823,2026-09-13,TikTok Ads,/fiyatlar,203,Temsilci F,Çağrı merkezi,1,0,0,0
L04824,2026-09-09,TikTok Ads,/yks-kocluk,1,Temsilci A,WhatsApp,1,0,0,0
L04825,2026-09-18,TikTok Ads,/ucretsiz-deneme-dersi,101,Temsilci F,Çağrı merkezi,1,0,0,0
L04826,2026-09-07,TikTok Ads,/lgs-paket,7,Temsilci A,WhatsApp,1,1,0,0
L04827,2026-09-21,TikTok Ads,/lgs-paket,216,Temsilci F,Çağrı merkezi,1,0,0,0
L04828,2026-09-14,TikTok Ads,/lgs-paket,5,Temsilci A,WhatsApp,1,0,0,0
L04829,2026-09-03,TikTok Ads,/yks-kocluk,35,Temsilci F,Çağrı merkezi,1,1,0,0
L04830,2026-09-08,TikTok Ads,/yks-kocluk,43,Temsilci C,WhatsApp,1,1,0,0
L04831,2026-09-06,TikTok Ads,/lgs-paket,1,Temsilci D,Çağrı merkezi,1,0,0,0
L04832,2026-09-25,TikTok Ads,/lgs-paket,89,Temsilci C,WhatsApp,1,0,0,0
L04833,2026-09-01,TikTok Ads,/blog/*,262,Temsilci F,Çağrı merkezi,1,0,0,0
L04834,2026-09-08,TikTok Ads,/ucretsiz-deneme-dersi,2,Temsilci D,Çağrı merkezi,1,1,0,0
L04835,2026-09-16,TikTok Ads,/ucretsiz-deneme-dersi,6,Temsilci A,WhatsApp,1,1,1,3390
L04836,2026-09-17,TikTok Ads,/fiyatlar,10,Temsilci D,Çağrı merkezi,1,1,0,0
L04837,2026-09-19,TikTok Ads,/yks-kocluk,266,Temsilci B,WhatsApp,0,0,0,0
L04838,2026-09-13,TikTok Ads,/fiyatlar,335,Temsilci F,Çağrı merkezi,1,0,0,0
L04839,2026-09-15,TikTok Ads,/yks-kocluk,52,Temsilci E,Çağrı merkezi,1,1,0,0
L04840,2026-09-25,TikTok Ads,/yks-kocluk,5,Temsilci F,Çağrı merkezi,1,1,0,0
L04841,2026-09-02,TikTok Ads,/blog/*,297,Temsilci F,Çağrı merkezi,1,1,0,0
L04842,2026-09-11,TikTok Ads,/fiyatlar,7,Temsilci A,WhatsApp,1,0,0,0
L04843,2026-09-04,TikTok Ads,/lgs-paket,478,Temsilci F,Çağrı merkezi,0,0,0,0
L04844,2026-09-04,TikTok Ads,/yks-kocluk,8,Temsilci E,Çağrı merkezi,1,0,0,0
L04845,2026-09-15,TikTok Ads,/yks-kocluk,19,Temsilci A,WhatsApp,0,0,0,0
L04846,2026-09-03,TikTok Ads,/ucretsiz-deneme-dersi,556,Temsilci F,Çağrı merkezi,0,0,0,0
L04847,2026-09-25,TikTok Ads,/fiyatlar,18,Temsilci B,WhatsApp,1,1,0,0
L04848,2026-09-24,TikTok Ads,/blog/*,5,Temsilci A,WhatsApp,1,1,0,0
L04849,2026-09-01,TikTok Ads,/yks-kocluk,15,Temsilci E,Çağrı merkezi,0,0,0,0
L04850,2026-09-12,TikTok Ads,/lgs-paket,338,Temsilci E,Çağrı merkezi,1,0,0,0
L04851,2026-09-21,TikTok Ads,/yks-kocluk,5,Temsilci D,Çağrı merkezi,1,0,0,0
L04852,2026-09-28,TikTok Ads,/yks-kocluk,58,Temsilci C,WhatsApp,1,0,0,0
L04853,2026-09-25,TikTok Ads,/ucretsiz-deneme-dersi,18,Temsilci C,WhatsApp,0,0,0,0
L04854,2026-09-24,TikTok Ads,/yks-kocluk,14,Temsilci A,WhatsApp,1,1,0,0
L04855,2026-09-07,TikTok Ads,/yks-kocluk,64,Temsilci C,WhatsApp,0,0,0,0
L04856,2026-09-19,TikTok Ads,/ucretsiz-deneme-dersi,166,Temsilci E,Çağrı merkezi,0,0,0,0
L04857,2026-09-11,TikTok Ads,/fiyatlar,33,Temsilci E,Çağrı merkezi,1,0,0,0
L04858,2026-09-28,TikTok Ads,/lgs-paket,1,Temsilci A,WhatsApp,1,0,0,0
L04859,2026-09-30,TikTok Ads,/yks-kocluk,20,Temsilci E,Çağrı merkezi,1,0,0,0
L04860,2026-09-23,TikTok Ads,/lgs-paket,14,Temsilci C,WhatsApp,1,0,0,0
L04861,2026-09-08,TikTok Ads,/ucretsiz-deneme-dersi,194,Temsilci F,Çağrı merkezi,1,1,0,0
L04862,2026-09-09,TikTok Ads,/yks-kocluk,33,Temsilci E,Çağrı merkezi,0,0,0,0
L04863,2026-09-15,TikTok Ads,/lgs-paket,137,Temsilci F,Çağrı merkezi,1,0,0,0
L04864,2026-09-08,TikTok Ads,/yks-kocluk,444,Temsilci F,Çağrı merkezi,0,0,0,0
L04865,2026-09-26,TikTok Ads,/ucretsiz-deneme-dersi,847,Temsilci F,Çağrı merkezi,0,0,0,0
L04866,2026-09-27,TikTok Ads,/yks-kocluk,60,Temsilci D,Çağrı merkezi,1,1,0,0
L04867,2026-09-26,TikTok Ads,/lgs-paket,1085,Temsilci F,Çağrı merkezi,1,0,0,0
L04868,2026-09-16,TikTok Ads,/fiyatlar,730,Temsilci C,WhatsApp,1,0,0,0
L04869,2026-09-10,TikTok Ads,/lgs-paket,108,Temsilci E,Çağrı merkezi,1,0,0,0
L04870,2026-09-15,TikTok Ads,/ucretsiz-deneme-dersi,65,Temsilci B,WhatsApp,1,0,0,0
L04871,2026-09-13,TikTok Ads,/yks-kocluk,914,Temsilci C,WhatsApp,1,1,0,0
L04872,2026-09-28,TikTok Ads,/ucretsiz-deneme-dersi,238,Temsilci C,WhatsApp,0,0,0,0
L04873,2026-09-10,TikTok Ads,/fiyatlar,21,Temsilci D,Çağrı merkezi,1,1,0,0
L04874,2026-09-19,TikTok Ads,/lgs-paket,1043,Temsilci C,WhatsApp,1,0,0,0
L04875,2026-09-12,TikTok Ads,/lgs-paket,7,Temsilci D,Çağrı merkezi,1,0,0,0
L04876,2026-09-06,TikTok Ads,/lgs-paket,45,Temsilci E,Çağrı merkezi,1,1,0,0
L04877,2026-09-01,TikTok Ads,/ucretsiz-deneme-dersi,1,Temsilci E,Çağrı merkezi,1,0,0,0
L04878,2026-09-13,TikTok Ads,/lgs-paket,663,Temsilci C,WhatsApp,1,0,0,0
L04879,2026-09-24,TikTok Ads,/ucretsiz-deneme-dersi,11,Temsilci E,Çağrı merkezi,0,0,0,0
L04880,2026-09-21,TikTok Ads,/ucretsiz-deneme-dersi,1,Temsilci D,Çağrı merkezi,1,0,0,0
L04881,2026-09-26,TikTok Ads,/lgs-paket,21,Temsilci A,WhatsApp,0,0,0,0
L04882,2026-09-29,TikTok Ads,/lgs-paket,7,Temsilci D,Çağrı merkezi,1,1,0,0
L04883,2026-09-19,TikTok Ads,/ucretsiz-deneme-dersi,7,Temsilci D,Çağrı merkezi,1,0,0,0
L04884,2026-09-06,TikTok Ads,/fiyatlar,3,Temsilci D,Çağrı merkezi,1,1,0,0
L04885,2026-09-08,TikTok Ads,/blog/*,1,Temsilci A,WhatsApp,1,1,0,0
L04886,2026-09-02,TikTok Ads,/lgs-paket,595,Temsilci F,Çağrı merkezi,1,1,0,0
L04887,2026-09-25,TikTok Ads,/yks-kocluk,9,Temsilci B,WhatsApp,1,1,0,0
L04888,2026-09-01,TikTok Ads,/ucretsiz-deneme-dersi,529,Temsilci F,Çağrı merkezi,0,0,0,0
L04889,2026-09-13,TikTok Ads,/ucretsiz-deneme-dersi,603,Temsilci C,WhatsApp,0,0,0,0
L04890,2026-09-01,TikTok Ads,/lgs-paket,149,Temsilci C,WhatsApp,1,0,0,0
L04891,2026-09-29,TikTok Ads,/lgs-paket,32,Temsilci B,WhatsApp,1,0,0,0
L04892,2026-09-08,TikTok Ads,/lgs-paket,1,Temsilci A,WhatsApp,1,0,0,0
L04893,2026-09-09,TikTok Ads,/lgs-paket,23,Temsilci E,Çağrı merkezi,1,0,0,0
L04894,2026-09-11,TikTok Ads,/yks-kocluk,20,Temsilci A,WhatsApp,1,0,0,0
L04895,2026-09-17,TikTok Ads,/ucretsiz-deneme-dersi,26,Temsilci C,WhatsApp,1,1,0,0
L04896,2026-09-26,TikTok Ads,/yks-kocluk,449,Temsilci B,WhatsApp,1,0,0,0
L04897,2026-09-05,TikTok Ads,/lgs-paket,14,Temsilci A,WhatsApp,0,0,0,0
L04898,2026-09-14,TikTok Ads,/lgs-paket,776,Temsilci F,Çağrı merkezi,0,0,0,0
L04899,2026-09-01,TikTok Ads,/ucretsiz-deneme-dersi,2,Temsilci A,WhatsApp,1,1,1,4810
L04900,2026-09-30,TikTok Ads,/lgs-paket,6,Temsilci A,WhatsApp,1,1,0,0
L04901,2026-09-14,TikTok Ads,/blog/*,82,Temsilci E,Çağrı merkezi,0,0,0,0
L04902,2026-09-18,TikTok Ads,/fiyatlar,41,Temsilci E,Çağrı merkezi,1,0,0,0
L04903,2026-09-17,TikTok Ads,/lgs-paket,19,Temsilci F,Çağrı merkezi,0,0,0,0
L04904,2026-09-19,Organik / SEO,/lgs-paket,8,Temsilci D,Çağrı merkezi,0,0,0,0
L04905,2026-09-16,Organik / SEO,/fiyatlar,27,Temsilci E,Çağrı merkezi,1,1,1,6010
L04906,2026-09-18,Organik / SEO,/lgs-paket,4,Temsilci A,WhatsApp,1,1,1,5280
L04907,2026-09-10,Organik / SEO,/yks-kocluk,1,Temsilci A,WhatsApp,1,0,0,0
L04908,2026-09-24,Organik / SEO,/ucretsiz-deneme-dersi,1,Temsilci A,WhatsApp,1,1,1,4490
L04909,2026-09-13,Organik / SEO,/yks-kocluk,41,Temsilci D,Çağrı merkezi,0,0,0,0
L04910,2026-09-23,Organik / SEO,/yks-kocluk,73,Temsilci C,WhatsApp,1,1,0,0
L04911,2026-09-01,Organik / SEO,/ucretsiz-deneme-dersi,26,Temsilci C,WhatsApp,1,1,1,4170
L04912,2026-09-02,Organik / SEO,/yks-kocluk,122,Temsilci F,Çağrı merkezi,1,0,0,0
L04913,2026-09-11,Organik / SEO,/yks-kocluk,148,Temsilci E,Çağrı merkezi,0,0,0,0
L04914,2026-09-07,Organik / SEO,/yks-kocluk,99,Temsilci C,WhatsApp,1,0,0,0
L04915,2026-09-23,Organik / SEO,/lgs-paket,9,Temsilci D,Çağrı merkezi,1,1,0,0
L04916,2026-09-28,Organik / SEO,/yks-kocluk,46,Temsilci D,Çağrı merkezi,1,1,0,0
L04917,2026-09-09,Organik / SEO,/ucretsiz-deneme-dersi,23,Temsilci E,Çağrı merkezi,1,0,0,0
L04918,2026-09-15,Organik / SEO,/yks-kocluk,6,Temsilci C,WhatsApp,1,1,0,0
L04919,2026-09-28,Organik / SEO,/blog/*,34,Temsilci F,Çağrı merkezi,1,1,0,0
L04920,2026-09-02,Organik / SEO,/yks-kocluk,9,Temsilci E,Çağrı merkezi,1,1,1,5840
L04921,2026-09-19,Organik / SEO,/lgs-paket,37,Temsilci A,WhatsApp,1,0,0,0
L04922,2026-09-25,Organik / SEO,/lgs-paket,99,Temsilci C,WhatsApp,1,1,0,0
L04923,2026-09-21,Organik / SEO,/fiyatlar,233,Temsilci C,WhatsApp,1,0,0,0
L04924,2026-09-26,Organik / SEO,/ucretsiz-deneme-dersi,4,Temsilci D,Çağrı merkezi,1,0,0,0
L04925,2026-09-29,Organik / SEO,/ucretsiz-deneme-dersi,248,Temsilci C,WhatsApp,1,0,0,0
L04926,2026-09-04,Organik / SEO,/blog/*,345,Temsilci C,WhatsApp,1,0,0,0
L04927,2026-09-27,Organik / SEO,/yks-kocluk,7,Temsilci D,Çağrı merkezi,1,1,0,0
L04928,2026-09-18,Organik / SEO,/yks-kocluk,1,Temsilci A,WhatsApp,1,0,0,0
L04929,2026-09-26,Organik / SEO,/fiyatlar,501,Temsilci F,Çağrı merkezi,0,0,0,0
L04930,2026-09-21,Organik / SEO,/lgs-paket,8,Temsilci D,Çağrı merkezi,0,0,0,0
L04931,2026-09-09,Organik / SEO,/yks-kocluk,88,Temsilci F,Çağrı merkezi,1,1,0,0
L04932,2026-09-29,Organik / SEO,/lgs-paket,2,Temsilci D,Çağrı merkezi,0,0,0,0
L04933,2026-09-13,Organik / SEO,/lgs-paket,9,Temsilci A,WhatsApp,1,0,0,0
L04934,2026-09-10,Organik / SEO,/yks-kocluk,111,Temsilci E,Çağrı merkezi,0,0,0,0
L04935,2026-09-27,Organik / SEO,/yks-kocluk,9,Temsilci E,Çağrı merkezi,0,0,0,0
L04936,2026-09-09,Organik / SEO,/blog/*,5,Temsilci F,Çağrı merkezi,1,1,0,0
L04937,2026-09-14,Organik / SEO,/blog/*,7,Temsilci F,Çağrı merkezi,1,1,0,0
L04938,2026-09-14,Organik / SEO,/ucretsiz-deneme-dersi,3,Temsilci D,Çağrı merkezi,1,1,1,4830
L04939,2026-09-25,Organik / SEO,/blog/*,5,Temsilci B,WhatsApp,1,1,1,4930
L04940,2026-09-20,Organik / SEO,/yks-kocluk,275,Temsilci E,Çağrı merkezi,0,0,0,0
L04941,2026-09-09,Organik / SEO,/blog/*,881,Temsilci F,Çağrı merkezi,0,0,0,0
L04942,2026-09-22,Organik / SEO,/yks-kocluk,3,Temsilci D,Çağrı merkezi,0,0,0,0
L04943,2026-09-04,Organik / SEO,/ucretsiz-deneme-dersi,60,Temsilci B,WhatsApp,1,0,0,0
L04944,2026-09-09,Organik / SEO,/lgs-paket,77,Temsilci C,WhatsApp,0,0,0,0
L04945,2026-09-01,Organik / SEO,/fiyatlar,16,Temsilci F,Çağrı merkezi,1,0,0,0
L04946,2026-09-26,Organik / SEO,/yks-kocluk,462,Temsilci C,WhatsApp,0,0,0,0
L04947,2026-09-09,Organik / SEO,/lgs-paket,25,Temsilci C,WhatsApp,1,0,0,0
L04948,2026-09-27,Organik / SEO,/ucretsiz-deneme-dersi,1206,Temsilci F,Çağrı merkezi,0,0,0,0
L04949,2026-09-22,Organik / SEO,/lgs-paket,158,Temsilci F,Çağrı merkezi,1,0,0,0
L04950,2026-09-12,Organik / SEO,/yks-kocluk,4,Temsilci E,Çağrı merkezi,1,1,0,0
L04951,2026-09-24,Organik / SEO,/yks-kocluk,363,Temsilci F,Çağrı merkezi,1,1,0,0
L04952,2026-09-05,Organik / SEO,/ucretsiz-deneme-dersi,18,Temsilci A,WhatsApp,1,0,0,0
L04953,2026-09-14,Organik / SEO,/yks-kocluk,6,Temsilci D,Çağrı merkezi,0,0,0,0
L04954,2026-09-21,Organik / SEO,/yks-kocluk,21,Temsilci B,WhatsApp,1,0,0,0
L04955,2026-09-23,Organik / SEO,/yks-kocluk,150,Temsilci C,WhatsApp,1,0,0,0
L04956,2026-09-06,Organik / SEO,/ucretsiz-deneme-dersi,11,Temsilci A,WhatsApp,1,1,1,3830
L04957,2026-09-14,Organik / SEO,/lgs-paket,234,Temsilci C,WhatsApp,1,1,0,0
L04958,2026-09-10,Organik / SEO,/blog/*,205,Temsilci F,Çağrı merkezi,0,0,0,0
L04959,2026-09-09,Organik / SEO,/yks-kocluk,47,Temsilci B,WhatsApp,0,0,0,0
L04960,2026-09-28,Organik / SEO,/yks-kocluk,102,Temsilci F,Çağrı merkezi,1,1,0,0
L04961,2026-09-15,Organik / SEO,/yks-kocluk,6,Temsilci E,Çağrı merkezi,1,1,0,0
L04962,2026-09-09,Organik / SEO,/lgs-paket,548,Temsilci F,Çağrı merkezi,0,0,0,0
L04963,2026-09-02,Organik / SEO,/yks-kocluk,19,Temsilci B,WhatsApp,1,1,1,5120
L04964,2026-09-09,Organik / SEO,/yks-kocluk,43,Temsilci E,Çağrı merkezi,1,0,0,0
L04965,2026-09-06,Organik / SEO,/yks-kocluk,52,Temsilci B,WhatsApp,1,1,1,4420
L04966,2026-09-05,Organik / SEO,/yks-kocluk,14,Temsilci A,WhatsApp,1,0,0,0
L04967,2026-09-11,Organik / SEO,/lgs-paket,1,Temsilci D,Çağrı merkezi,1,0,0,0
L04968,2026-09-21,Organik / SEO,/blog/*,2,Temsilci A,WhatsApp,1,0,0,0
L04969,2026-09-22,Organik / SEO,/ucretsiz-deneme-dersi,70,Temsilci C,WhatsApp,1,1,1,6180
L04970,2026-09-28,Organik / SEO,/yks-kocluk,37,Temsilci C,WhatsApp,0,0,0,0
L04971,2026-09-02,Organik / SEO,/blog/*,4,Temsilci E,Çağrı merkezi,1,1,0,0
L04972,2026-09-29,Organik / SEO,/lgs-paket,3,Temsilci A,WhatsApp,1,0,0,0
L04973,2026-09-10,Organik / SEO,/ucretsiz-deneme-dersi,376,Temsilci C,WhatsApp,0,0,0,0
L04974,2026-09-20,Organik / SEO,/ucretsiz-deneme-dersi,5,Temsilci D,Çağrı merkezi,1,0,0,0
L04975,2026-09-11,Organik / SEO,/lgs-paket,13,Temsilci A,WhatsApp,1,0,0,0
L04976,2026-09-06,Organik / SEO,/blog/*,881,Temsilci F,Çağrı merkezi,0,0,0,0
L04977,2026-09-14,Organik / SEO,/yks-kocluk,2,Temsilci D,Çağrı merkezi,1,0,0,0
L04978,2026-09-03,Organik / SEO,/ucretsiz-deneme-dersi,59,Temsilci E,Çağrı merkezi,0,0,0,0
L04979,2026-09-23,Organik / SEO,/lgs-paket,20,Temsilci C,WhatsApp,0,0,0,0
L04980,2026-09-01,Organik / SEO,/lgs-paket,2,Temsilci A,WhatsApp,1,1,1,5700
L04981,2026-09-17,Organik / SEO,/fiyatlar,253,Temsilci F,Çağrı merkezi,0,0,0,0
L04982,2026-09-15,Organik / SEO,/fiyatlar,29,Temsilci C,WhatsApp,1,0,0,0
L04983,2026-09-01,Organik / SEO,/fiyatlar,2,Temsilci E,Çağrı merkezi,1,1,1,6500
L04984,2026-09-25,Organik / SEO,/ucretsiz-deneme-dersi,24,Temsilci F,Çağrı merkezi,1,1,1,6230
L04985,2026-09-17,Organik / SEO,/lgs-paket,5,Temsilci A,WhatsApp,1,1,0,0
L04986,2026-09-13,Organik / SEO,/ucretsiz-deneme-dersi,117,Temsilci D,Çağrı merkezi,1,1,0,0
L04987,2026-09-16,Organik / SEO,/ucretsiz-deneme-dersi,104,Temsilci F,Çağrı merkezi,1,0,0,0
L04988,2026-09-30,Organik / SEO,/lgs-paket,3,Temsilci E,Çağrı merkezi,1,1,0,0
L04989,2026-09-11,Organik / SEO,/blog/*,42,Temsilci E,Çağrı merkezi,1,1,0,0
L04990,2026-09-01,Organik / SEO,/lgs-paket,44,Temsilci B,WhatsApp,1,1,0,0
L04991,2026-09-18,Organik / SEO,/yks-kocluk,690,Temsilci F,Çağrı merkezi,1,1,0,0
L04992,2026-09-07,Organik / SEO,/lgs-paket,3,Temsilci C,WhatsApp,1,0,0,0
L04993,2026-09-23,Organik / SEO,/ucretsiz-deneme-dersi,14,Temsilci E,Çağrı merkezi,1,1,0,0
L04994,2026-09-17,Organik / SEO,/ucretsiz-deneme-dersi,55,Temsilci E,Çağrı merkezi,1,1,1,6690
L04995,2026-09-20,Organik / SEO,/lgs-paket,26,Temsilci D,Çağrı merkezi,1,1,1,3750
L04996,2026-09-14,Organik / SEO,/lgs-paket,71,Temsilci E,Çağrı merkezi,1,1,0,0
L04997,2026-09-25,Organik / SEO,/lgs-paket,1,Temsilci A,WhatsApp,1,1,1,5540
L04998,2026-09-12,Organik / SEO,/fiyatlar,708,Temsilci B,WhatsApp,1,0,0,0
L04999,2026-09-17,Organik / SEO,/yks-kocluk,256,Temsilci F,Çağrı merkezi,1,0,0,0
L05000,2026-09-01,Organik / SEO,/ucretsiz-deneme-dersi,15,Temsilci B,WhatsApp,0,0,0,0
L05001,2026-09-12,Organik / SEO,/lgs-paket,34,Temsilci B,WhatsApp,1,1,0,0
L05002,2026-09-01,Organik / SEO,/ucretsiz-deneme-dersi,3,Temsilci A,WhatsApp,1,1,1,4140
L05003,2026-09-14,Organik / SEO,/yks-kocluk,111,Temsilci C,WhatsApp,0,0,0,0
L05004,2026-09-01,Organik / SEO,/fiyatlar,11,Temsilci B,WhatsApp,1,0,0,0
L05005,2026-09-27,Organik / SEO,/yks-kocluk,12,Temsilci C,WhatsApp,1,1,0,0
L05006,2026-09-02,Organik / SEO,/lgs-paket,305,Temsilci F,Çağrı merkezi,0,0,0,0
L05007,2026-09-19,Organik / SEO,/fiyatlar,103,Temsilci B,WhatsApp,1,0,0,0
L05008,2026-09-08,Organik / SEO,/lgs-paket,2,Temsilci D,Çağrı merkezi,1,1,1,6130
L05009,2026-09-25,Organik / SEO,/yks-kocluk,14,Temsilci E,Çağrı merkezi,1,1,0,0
L05010,2026-09-10,Organik / SEO,/yks-kocluk,33,Temsilci B,WhatsApp,1,1,1,5800
L05011,2026-09-23,Organik / SEO,/yks-kocluk,57,Temsilci D,Çağrı merkezi,1,0,0,0
L05012,2026-09-11,Organik / SEO,/blog/*,17,Temsilci D,Çağrı merkezi,1,0,0,0
L05013,2026-09-23,Organik / SEO,/yks-kocluk,4,Temsilci A,WhatsApp,1,1,1,5050
L05014,2026-09-11,Organik / SEO,/ucretsiz-deneme-dersi,1,Temsilci A,WhatsApp,1,1,1,6620
L05015,2026-09-02,Organik / SEO,/lgs-paket,152,Temsilci F,Çağrı merkezi,0,0,0,0
L05016,2026-09-04,Organik / SEO,/yks-kocluk,6,Temsilci A,WhatsApp,1,0,0,0
L05017,2026-09-27,Organik / SEO,/yks-kocluk,366,Temsilci E,Çağrı merkezi,1,0,0,0
L05018,2026-09-29,Organik / SEO,/fiyatlar,10,Temsilci C,WhatsApp,1,1,0,0
L05019,2026-09-04,Organik / SEO,/fiyatlar,30,Temsilci B,WhatsApp,1,1,0,0
L05020,2026-09-16,Organik / SEO,/ucretsiz-deneme-dersi,5,Temsilci A,WhatsApp,1,1,1,4080
L05021,2026-09-13,Organik / SEO,/ucretsiz-deneme-dersi,320,Temsilci E,Çağrı merkezi,0,0,0,0
L05022,2026-09-10,Organik / SEO,/yks-kocluk,1,Temsilci B,WhatsApp,1,0,0,0
L05023,2026-09-23,Organik / SEO,/lgs-paket,108,Temsilci C,WhatsApp,0,0,0,0
L05024,2026-09-07,Organik / SEO,/ucretsiz-deneme-dersi,71,Temsilci B,WhatsApp,1,1,1,4350
L05025,2026-09-03,Organik / SEO,/fiyatlar,15,Temsilci A,WhatsApp,1,1,0,0
L05026,2026-09-21,Organik / SEO,/ucretsiz-deneme-dersi,15,Temsilci A,WhatsApp,0,0,0,0
L05027,2026-09-20,Organik / SEO,/ucretsiz-deneme-dersi,716,Temsilci F,Çağrı merkezi,1,1,0,0
L05028,2026-09-30,Organik / SEO,/ucretsiz-deneme-dersi,12,Temsilci A,WhatsApp,1,0,0,0
L05029,2026-09-27,Organik / SEO,/yks-kocluk,314,Temsilci E,Çağrı merkezi,0,0,0,0
L05030,2026-09-24,Organik / SEO,/yks-kocluk,38,Temsilci D,Çağrı merkezi,0,0,0,0
L05031,2026-09-05,Organik / SEO,/fiyatlar,559,Temsilci F,Çağrı merkezi,0,0,0,0
L05032,2026-09-22,Organik / SEO,/ucretsiz-deneme-dersi,9,Temsilci C,WhatsApp,1,1,1,4260
L05033,2026-09-03,Organik / SEO,/lgs-paket,17,Temsilci A,WhatsApp,0,0,0,0
L05034,2026-09-18,Organik / SEO,/ucretsiz-deneme-dersi,1,Temsilci C,WhatsApp,0,0,0,0
L05035,2026-09-30,Organik / SEO,/yks-kocluk,63,Temsilci F,Çağrı merkezi,1,1,0,0
L05036,2026-09-22,Organik / SEO,/yks-kocluk,84,Temsilci C,WhatsApp,1,1,0,0
L05037,2026-09-09,Organik / SEO,/ucretsiz-deneme-dersi,7,Temsilci D,Çağrı merkezi,1,0,0,0
L05038,2026-09-15,Organik / SEO,/lgs-paket,1,Temsilci A,WhatsApp,1,0,0,0
L05039,2026-09-12,Organik / SEO,/ucretsiz-deneme-dersi,13,Temsilci D,Çağrı merkezi,1,0,0,0
L05040,2026-09-05,Organik / SEO,/lgs-paket,3158,Temsilci F,Çağrı merkezi,0,0,0,0
L05041,2026-09-26,Organik / SEO,/yks-kocluk,262,Temsilci F,Çağrı merkezi,1,0,0,0
L05042,2026-09-30,Organik / SEO,/lgs-paket,135,Temsilci C,WhatsApp,0,0,0,0
L05043,2026-09-30,Organik / SEO,/blog/*,1,Temsilci D,Çağrı merkezi,0,0,0,0
L05044,2026-09-08,Organik / SEO,/ucretsiz-deneme-dersi,62,Temsilci F,Çağrı merkezi,0,0,0,0
L05045,2026-09-20,Organik / SEO,/yks-kocluk,207,Temsilci B,WhatsApp,1,1,1,4840
L05046,2026-09-08,Organik / SEO,/yks-kocluk,5,Temsilci D,Çağrı merkezi,0,0,0,0
L05047,2026-09-23,Organik / SEO,/ucretsiz-deneme-dersi,3,Temsilci A,WhatsApp,0,0,0,0
L05048,2026-09-13,Organik / SEO,/yks-kocluk,1521,Temsilci F,Çağrı merkezi,1,0,0,0
L05049,2026-09-20,Organik / SEO,/lgs-paket,172,Temsilci C,WhatsApp,0,0,0,0
L05050,2026-09-06,Organik / SEO,/yks-kocluk,2,Temsilci D,Çağrı merkezi,0,0,0,0
L05051,2026-09-01,Organik / SEO,/yks-kocluk,4,Temsilci D,Çağrı merkezi,1,1,1,5390
L05052,2026-09-25,Organik / SEO,/ucretsiz-deneme-dersi,93,Temsilci E,Çağrı merkezi,1,1,0,0
L05053,2026-09-15,Organik / SEO,/yks-kocluk,68,Temsilci F,Çağrı merkezi,0,0,0,0
L05054,2026-09-01,Organik / SEO,/blog/*,19,Temsilci D,Çağrı merkezi,1,1,0,0
L05055,2026-09-25,Organik / SEO,/fiyatlar,157,Temsilci F,Çağrı merkezi,0,0,0,0
L05056,2026-09-10,Organik / SEO,/ucretsiz-deneme-dersi,59,Temsilci B,WhatsApp,0,0,0,0
L05057,2026-09-15,Organik / SEO,/lgs-paket,16,Temsilci A,WhatsApp,1,1,0,0
L05058,2026-09-14,Organik / SEO,/fiyatlar,2,Temsilci A,WhatsApp,1,0,0,0
L05059,2026-09-09,Organik / SEO,/yks-kocluk,17,Temsilci A,WhatsApp,0,0,0,0
L05060,2026-09-11,Organik / SEO,/fiyatlar,7,Temsilci D,Çağrı merkezi,1,1,0,0
L05061,2026-09-10,Organik / SEO,/ucretsiz-deneme-dersi,125,Temsilci F,Çağrı merkezi,0,0,0,0
L05062,2026-09-11,Organik / SEO,/lgs-paket,9,Temsilci B,WhatsApp,0,0,0,0
L05063,2026-09-16,Organik / SEO,/ucretsiz-deneme-dersi,10,Temsilci A,WhatsApp,1,1,0,0
L05064,2026-09-29,Organik / SEO,/blog/*,2,Temsilci A,WhatsApp,1,1,1,5590
L05065,2026-09-12,Organik / SEO,/yks-kocluk,53,Temsilci D,Çağrı merkezi,0,0,0,0
L05066,2026-09-20,Organik / SEO,/lgs-paket,11,Temsilci D,Çağrı merkezi,0,0,0,0
L05067,2026-09-07,Organik / SEO,/blog/*,202,Temsilci C,WhatsApp,0,0,0,0
L05068,2026-09-05,Organik / SEO,/yks-kocluk,53,Temsilci D,Çağrı merkezi,1,0,0,0
L05069,2026-09-26,Organik / SEO,/ucretsiz-deneme-dersi,333,Temsilci E,Çağrı merkezi,0,0,0,0
L05070,2026-09-13,Organik / SEO,/fiyatlar,235,Temsilci F,Çağrı merkezi,0,0,0,0
L05071,2026-09-28,Organik / SEO,/lgs-paket,10,Temsilci D,Çağrı merkezi,1,1,1,6530
L05072,2026-09-08,Organik / SEO,/yks-kocluk,55,Temsilci B,WhatsApp,0,0,0,0
L05073,2026-09-16,Organik / SEO,/fiyatlar,7,Temsilci D,Çağrı merkezi,1,1,1,5640
L05074,2026-09-16,Organik / SEO,/fiyatlar,87,Temsilci C,WhatsApp,1,0,0,0
L05075,2026-09-04,Organik / SEO,/lgs-paket,3,Temsilci C,WhatsApp,1,1,0,0
L05076,2026-09-30,Organik / SEO,/fiyatlar,70,Temsilci C,WhatsApp,1,0,0,0
L05077,2026-09-18,Organik / SEO,/ucretsiz-deneme-dersi,1,Temsilci D,Çağrı merkezi,0,0,0,0
L05078,2026-09-22,Organik / SEO,/blog/*,95,Temsilci F,Çağrı merkezi,1,0,0,0
L05079,2026-09-08,Organik / SEO,/ucretsiz-deneme-dersi,10,Temsilci B,WhatsApp,1,0,0,0
L05080,2026-09-04,Organik / SEO,/ucretsiz-deneme-dersi,6,Temsilci D,Çağrı merkezi,1,0,0,0
L05081,2026-09-12,Organik / SEO,/yks-kocluk,345,Temsilci E,Çağrı merkezi,0,0,0,0
L05082,2026-09-11,Organik / SEO,/yks-kocluk,17,Temsilci B,WhatsApp,1,1,1,6630
L05083,2026-09-27,Organik / SEO,/yks-kocluk,48,Temsilci F,Çağrı merkezi,0,0,0,0
L05084,2026-09-14,Organik / SEO,/yks-kocluk,11,Temsilci A,WhatsApp,1,1,0,0
L05085,2026-09-25,Organik / SEO,/ucretsiz-deneme-dersi,173,Temsilci F,Çağrı merkezi,1,1,0,0
L05086,2026-09-02,Organik / SEO,/ucretsiz-deneme-dersi,39,Temsilci E,Çağrı merkezi,0,0,0,0
L05087,2026-09-07,Organik / SEO,/lgs-paket,154,Temsilci C,WhatsApp,1,1,1,5760
L05088,2026-09-29,Organik / SEO,/fiyatlar,105,Temsilci E,Çağrı merkezi,1,1,0,0
L05089,2026-09-03,Organik / SEO,/yks-kocluk,73,Temsilci F,Çağrı merkezi,1,0,0,0
L05090,2026-09-15,Organik / SEO,/blog/*,35,Temsilci B,WhatsApp,1,0,0,0
L05091,2026-09-12,Organik / SEO,/blog/*,456,Temsilci F,Çağrı merkezi,0,0,0,0
L05092,2026-09-05,Organik / SEO,/blog/*,152,Temsilci E,Çağrı merkezi,0,0,0,0
L05093,2026-09-01,Organik / SEO,/lgs-paket,4,Temsilci A,WhatsApp,0,0,0,0
L05094,2026-09-27,Organik / SEO,/yks-kocluk,20,Temsilci D,Çağrı merkezi,1,0,0,0
L05095,2026-09-23,Organik / SEO,/yks-kocluk,1,Temsilci A,WhatsApp,1,0,0,0
L05096,2026-09-23,Organik / SEO,/ucretsiz-deneme-dersi,15,Temsilci E,Çağrı merkezi,1,1,0,0
L05097,2026-09-19,Organik / SEO,/yks-kocluk,24,Temsilci D,Çağrı merkezi,1,1,1,5440
L05098,2026-09-03,Organik / SEO,/ucretsiz-deneme-dersi,62,Temsilci F,Çağrı merkezi,1,1,0,0
L05099,2026-09-18,Organik / SEO,/yks-kocluk,392,Temsilci F,Çağrı merkezi,0,0,0,0
L05100,2026-09-30,Organik / SEO,/yks-kocluk,26,Temsilci D,Çağrı merkezi,1,1,0,0
L05101,2026-09-20,Organik / SEO,/ucretsiz-deneme-dersi,337,Temsilci B,WhatsApp,1,0,0,0
L05102,2026-09-14,Organik / SEO,/ucretsiz-deneme-dersi,50,Temsilci C,WhatsApp,1,0,0,0
L05103,2026-09-08,Organik / SEO,/fiyatlar,238,Temsilci F,Çağrı merkezi,0,0,0,0
L05104,2026-09-24,Organik / SEO,/lgs-paket,7,Temsilci E,Çağrı merkezi,0,0,0,0
L05105,2026-09-04,Organik / SEO,/yks-kocluk,9,Temsilci B,WhatsApp,1,1,0,0
L05106,2026-09-01,Organik / SEO,/yks-kocluk,8,Temsilci D,Çağrı merkezi,0,0,0,0
L05107,2026-09-11,Organik / SEO,/ucretsiz-deneme-dersi,62,Temsilci E,Çağrı merkezi,0,0,0,0
L05108,2026-09-02,Organik / SEO,/ucretsiz-deneme-dersi,14,Temsilci D,Çağrı merkezi,1,1,1,5540
L05109,2026-09-06,Organik / SEO,/blog/*,20,Temsilci E,Çağrı merkezi,1,0,0,0
L05110,2026-09-09,Organik / SEO,/blog/*,22,Temsilci B,WhatsApp,1,1,0,0
L05111,2026-09-13,Organik / SEO,/lgs-paket,5,Temsilci A,WhatsApp,1,1,1,6120
L05112,2026-09-06,Organik / SEO,/ucretsiz-deneme-dersi,526,Temsilci C,WhatsApp,0,0,0,0
L05113,2026-09-16,Organik / SEO,/lgs-paket,45,Temsilci B,WhatsApp,0,0,0,0
L05114,2026-09-26,Organik / SEO,/ucretsiz-deneme-dersi,342,Temsilci E,Çağrı merkezi,0,0,0,0
L05115,2026-09-28,Organik / SEO,/ucretsiz-deneme-dersi,10,Temsilci C,WhatsApp,0,0,0,0
L05116,2026-09-27,Organik / SEO,/yks-kocluk,504,Temsilci F,Çağrı merkezi,0,0,0,0
L05117,2026-09-03,Organik / SEO,/yks-kocluk,59,Temsilci F,Çağrı merkezi,1,0,0,0
L05118,2026-09-01,Organik / SEO,/yks-kocluk,31,Temsilci E,Çağrı merkezi,0,0,0,0
L05119,2026-09-13,Organik / SEO,/blog/*,83,Temsilci D,Çağrı merkezi,1,1,0,0
L05120,2026-09-10,Organik / SEO,/ucretsiz-deneme-dersi,8,Temsilci B,WhatsApp,1,1,1,4880
L05121,2026-09-08,Organik / SEO,/yks-kocluk,66,Temsilci E,Çağrı merkezi,1,1,1,5630
L05122,2026-09-05,Organik / SEO,/lgs-paket,399,Temsilci B,WhatsApp,0,0,0,0
L05123,2026-09-06,Organik / SEO,/ucretsiz-deneme-dersi,46,Temsilci A,WhatsApp,0,0,0,0
L05124,2026-09-17,Organik / SEO,/lgs-paket,1,Temsilci A,WhatsApp,1,0,0,0
L05125,2026-09-12,Organik / SEO,/ucretsiz-deneme-dersi,386,Temsilci C,WhatsApp,1,1,1,3840
L05126,2026-09-15,Organik / SEO,/fiyatlar,19,Temsilci E,Çağrı merkezi,1,1,0,0
L05127,2026-09-14,Organik / SEO,/ucretsiz-deneme-dersi,24,Temsilci B,WhatsApp,1,0,0,0
L05128,2026-09-07,Organik / SEO,/ucretsiz-deneme-dersi,10,Temsilci C,WhatsApp,1,0,0,0
L05129,2026-09-12,Organik / SEO,/yks-kocluk,1038,Temsilci F,Çağrı merkezi,1,1,1,5240
L05130,2026-09-20,Organik / SEO,/yks-kocluk,282,Temsilci E,Çağrı merkezi,0,0,0,0
L05131,2026-09-05,Organik / SEO,/lgs-paket,29,Temsilci B,WhatsApp,1,1,1,5050
L05132,2026-09-05,Organik / SEO,/yks-kocluk,4,Temsilci A,WhatsApp,1,1,0,0
L05133,2026-09-07,Organik / SEO,/ucretsiz-deneme-dersi,37,Temsilci F,Çağrı merkezi,0,0,0,0
L05134,2026-09-09,Organik / SEO,/yks-kocluk,5,Temsilci D,Çağrı merkezi,1,1,1,5430
L05135,2026-09-28,Organik / SEO,/blog/*,12,Temsilci A,WhatsApp,1,1,1,4030
L05136,2026-09-27,Organik / SEO,/fiyatlar,40,Temsilci D,Çağrı merkezi,0,0,0,0
L05137,2026-09-16,Organik / SEO,/ucretsiz-deneme-dersi,1,Temsilci C,WhatsApp,1,1,1,6480
L05138,2026-09-03,Organik / SEO,/blog/*,1,Temsilci D,Çağrı merkezi,1,1,1,5780
L05139,2026-09-10,Organik / SEO,/yks-kocluk,97,Temsilci F,Çağrı merkezi,1,1,0,0
L05140,2026-09-16,Organik / SEO,/lgs-paket,30,Temsilci B,WhatsApp,1,0,0,0
L05141,2026-09-17,Organik / SEO,/yks-kocluk,12,Temsilci B,WhatsApp,1,1,0,0
L05142,2026-09-21,Organik / SEO,/ucretsiz-deneme-dersi,11,Temsilci D,Çağrı merkezi,0,0,0,0
L05143,2026-09-14,Organik / SEO,/yks-kocluk,356,Temsilci F,Çağrı merkezi,1,0,0,0
L05144,2026-09-23,Organik / SEO,/yks-kocluk,42,Temsilci B,WhatsApp,0,0,0,0
L05145,2026-09-05,Organik / SEO,/ucretsiz-deneme-dersi,528,Temsilci E,Çağrı merkezi,1,0,0,0
L05146,2026-09-07,Organik / SEO,/blog/*,141,Temsilci F,Çağrı merkezi,1,1,0,0
L05147,2026-09-02,Organik / SEO,/blog/*,88,Temsilci F,Çağrı merkezi,0,0,0,0
L05148,2026-09-06,Organik / SEO,/blog/*,1716,Temsilci F,Çağrı merkezi,1,1,0,0
L05149,2026-09-03,Organik / SEO,/yks-kocluk,210,Temsilci C,WhatsApp,0,0,0,0
L05150,2026-09-11,Organik / SEO,/lgs-paket,22,Temsilci D,Çağrı merkezi,1,0,0,0
L05151,2026-09-18,Organik / SEO,/lgs-paket,1,Temsilci D,Çağrı merkezi,1,1,1,3700
L05152,2026-09-08,Organik / SEO,/yks-kocluk,227,Temsilci C,WhatsApp,0,0,0,0
L05153,2026-09-26,Organik / SEO,/lgs-paket,1196,Temsilci F,Çağrı merkezi,1,0,0,0
L05154,2026-09-14,Organik / SEO,/yks-kocluk,245,Temsilci C,WhatsApp,1,1,0,0
L05155,2026-09-12,Organik / SEO,/blog/*,1573,Temsilci C,WhatsApp,0,0,0,0
L05156,2026-09-22,Organik / SEO,/ucretsiz-deneme-dersi,116,Temsilci E,Çağrı merkezi,1,0,0,0
L05157,2026-09-12,Organik / SEO,/ucretsiz-deneme-dersi,16,Temsilci D,Çağrı merkezi,1,1,0,0
L05158,2026-09-04,Organik / SEO,/ucretsiz-deneme-dersi,55,Temsilci D,Çağrı merkezi,0,0,0,0
L05159,2026-09-08,Organik / SEO,/yks-kocluk,199,Temsilci C,WhatsApp,1,0,0,0
L05160,2026-09-15,Organik / SEO,/fiyatlar,204,Temsilci C,WhatsApp,0,0,0,0
L05161,2026-09-03,Organik / SEO,/blog/*,5,Temsilci A,WhatsApp,0,0,0,0
L05162,2026-09-28,Organik / SEO,/lgs-paket,46,Temsilci E,Çağrı merkezi,0,0,0,0
L05163,2026-09-02,Organik / SEO,/ucretsiz-deneme-dersi,13,Temsilci A,WhatsApp,1,0,0,0
L05164,2026-09-06,Organik / SEO,/yks-kocluk,28,Temsilci B,WhatsApp,1,1,1,3660
L05165,2026-09-17,Organik / SEO,/yks-kocluk,7,Temsilci D,Çağrı merkezi,1,1,0,0
L05166,2026-09-19,Organik / SEO,/fiyatlar,185,Temsilci E,Çağrı merkezi,1,0,0,0
L05167,2026-09-30,Organik / SEO,/lgs-paket,28,Temsilci D,Çağrı merkezi,1,0,0,0
L05168,2026-09-24,Organik / SEO,/fiyatlar,77,Temsilci E,Çağrı merkezi,1,0,0,0
L05169,2026-09-28,Organik / SEO,/ucretsiz-deneme-dersi,1,Temsilci D,Çağrı merkezi,1,1,1,3790
L05170,2026-09-26,Organik / SEO,/fiyatlar,29,Temsilci B,WhatsApp,1,0,0,0
L05171,2026-09-29,Organik / SEO,/lgs-paket,300,Temsilci C,WhatsApp,1,1,0,0
L05172,2026-09-18,Organik / SEO,/fiyatlar,28,Temsilci E,Çağrı merkezi,1,1,0,0
L05173,2026-09-25,Organik / SEO,/yks-kocluk,35,Temsilci E,Çağrı merkezi,0,0,0,0
L05174,2026-09-02,Organik / SEO,/ucretsiz-deneme-dersi,1,Temsilci E,Çağrı merkezi,1,1,0,0
L05175,2026-09-20,Organik / SEO,/ucretsiz-deneme-dersi,365,Temsilci E,Çağrı merkezi,0,0,0,0
L05176,2026-09-21,Organik / SEO,/fiyatlar,52,Temsilci C,WhatsApp,0,0,0,0
L05177,2026-09-21,Organik / SEO,/ucretsiz-deneme-dersi,45,Temsilci C,WhatsApp,0,0,0,0
L05178,2026-09-02,Organik / SEO,/lgs-paket,130,Temsilci E,Çağrı merkezi,1,1,0,0
L05179,2026-09-11,Instagram (organik),/yks-kocluk,12,Temsilci B,WhatsApp,1,1,0,0
L05180,2026-09-23,Instagram (organik),/lgs-paket,72,Temsilci F,Çağrı merkezi,1,0,0,0
L05181,2026-09-17,Instagram (organik),/yks-kocluk,40,Temsilci E,Çağrı merkezi,0,0,0,0
L05182,2026-09-21,Instagram (organik),/ucretsiz-deneme-dersi,74,Temsilci E,Çağrı merkezi,1,0,0,0
L05183,2026-09-26,Instagram (organik),/ucretsiz-deneme-dersi,19,Temsilci D,Çağrı merkezi,0,0,0,0
L05184,2026-09-15,Instagram (organik),/lgs-paket,89,Temsilci B,WhatsApp,1,1,0,0
L05185,2026-09-18,Instagram (organik),/yks-kocluk,9,Temsilci D,Çağrı merkezi,0,0,0,0
L05186,2026-09-07,Instagram (organik),/blog/*,10,Temsilci F,Çağrı merkezi,0,0,0,0
L05187,2026-09-23,Instagram (organik),/yks-kocluk,13,Temsilci D,Çağrı merkezi,1,0,0,0
L05188,2026-09-15,Instagram (organik),/lgs-paket,1,Temsilci D,Çağrı merkezi,0,0,0,0
L05189,2026-09-21,Instagram (organik),/fiyatlar,150,Temsilci C,WhatsApp,0,0,0,0
L05190,2026-09-01,Instagram (organik),/lgs-paket,14,Temsilci E,Çağrı merkezi,1,1,1,5410
L05191,2026-09-11,Instagram (organik),/yks-kocluk,82,Temsilci B,WhatsApp,1,0,0,0
L05192,2026-09-11,Instagram (organik),/yks-kocluk,22,Temsilci E,Çağrı merkezi,1,0,0,0
L05193,2026-09-08,Instagram (organik),/yks-kocluk,93,Temsilci B,WhatsApp,0,0,0,0
L05194,2026-09-13,Instagram (organik),/yks-kocluk,75,Temsilci B,WhatsApp,1,0,0,0
L05195,2026-09-11,Instagram (organik),/fiyatlar,137,Temsilci C,WhatsApp,1,0,0,0
L05196,2026-09-02,Instagram (organik),/yks-kocluk,10,Temsilci B,WhatsApp,1,1,0,0
L05197,2026-09-20,Instagram (organik),/yks-kocluk,18,Temsilci A,WhatsApp,1,1,1,4660
L05198,2026-09-02,Instagram (organik),/fiyatlar,1,Temsilci B,WhatsApp,1,1,1,4560
L05199,2026-09-10,Instagram (organik),/yks-kocluk,116,Temsilci C,WhatsApp,0,0,0,0
L05200,2026-09-26,Instagram (organik),/lgs-paket,14,Temsilci B,WhatsApp,1,0,0,0
L05201,2026-09-20,Instagram (organik),/yks-kocluk,134,Temsilci F,Çağrı merkezi,0,0,0,0
L05202,2026-09-25,Instagram (organik),/ucretsiz-deneme-dersi,5,Temsilci D,Çağrı merkezi,1,1,0,0
L05203,2026-09-06,Instagram (organik),/fiyatlar,202,Temsilci E,Çağrı merkezi,0,0,0,0
L05204,2026-09-21,Instagram (organik),/yks-kocluk,4,Temsilci D,Çağrı merkezi,1,0,0,0
L05205,2026-09-08,Instagram (organik),/ucretsiz-deneme-dersi,65,Temsilci C,WhatsApp,1,0,0,0
L05206,2026-09-19,Instagram (organik),/yks-kocluk,428,Temsilci B,WhatsApp,1,1,1,4800
L05207,2026-09-25,Instagram (organik),/lgs-paket,90,Temsilci F,Çağrı merkezi,0,0,0,0
L05208,2026-09-08,Instagram (organik),/ucretsiz-deneme-dersi,6,Temsilci D,Çağrı merkezi,0,0,0,0
L05209,2026-09-19,Instagram (organik),/ucretsiz-deneme-dersi,6,Temsilci A,WhatsApp,0,0,0,0
L05210,2026-09-02,Instagram (organik),/yks-kocluk,41,Temsilci B,WhatsApp,0,0,0,0
L05211,2026-09-13,Instagram (organik),/ucretsiz-deneme-dersi,908,Temsilci F,Çağrı merkezi,0,0,0,0
L05212,2026-09-05,Instagram (organik),/blog/*,93,Temsilci D,Çağrı merkezi,1,1,0,0
L05213,2026-09-05,Instagram (organik),/yks-kocluk,20,Temsilci D,Çağrı merkezi,1,1,1,5590
L05214,2026-09-02,Instagram (organik),/lgs-paket,1,Temsilci D,Çağrı merkezi,1,0,0,0
L05215,2026-09-22,Instagram (organik),/yks-kocluk,1,Temsilci A,WhatsApp,1,1,1,3460
L05216,2026-09-14,Instagram (organik),/ucretsiz-deneme-dersi,85,Temsilci B,WhatsApp,1,0,0,0
L05217,2026-09-18,Instagram (organik),/ucretsiz-deneme-dersi,65,Temsilci F,Çağrı merkezi,0,0,0,0
L05218,2026-09-08,Instagram (organik),/ucretsiz-deneme-dersi,464,Temsilci F,Çağrı merkezi,1,0,0,0
L05219,2026-09-19,Instagram (organik),/fiyatlar,790,Temsilci F,Çağrı merkezi,1,0,0,0
L05220,2026-09-08,Instagram (organik),/yks-kocluk,1,Temsilci A,WhatsApp,0,0,0,0
L05221,2026-09-02,Instagram (organik),/fiyatlar,7,Temsilci E,Çağrı merkezi,1,1,0,0
L05222,2026-09-24,Instagram (organik),/yks-kocluk,18,Temsilci D,Çağrı merkezi,1,0,0,0
L05223,2026-09-11,Instagram (organik),/lgs-paket,42,Temsilci E,Çağrı merkezi,1,1,0,0
L05224,2026-09-05,Instagram (organik),/yks-kocluk,20,Temsilci B,WhatsApp,1,1,0,0
L05225,2026-09-24,Instagram (organik),/yks-kocluk,24,Temsilci A,WhatsApp,1,0,0,0
L05226,2026-09-18,Instagram (organik),/yks-kocluk,42,Temsilci C,WhatsApp,0,0,0,0
L05227,2026-09-12,Instagram (organik),/lgs-paket,72,Temsilci C,WhatsApp,0,0,0,0
L05228,2026-09-16,Instagram (organik),/lgs-paket,30,Temsilci E,Çağrı merkezi,1,1,0,0
L05229,2026-09-27,Instagram (organik),/blog/*,7,Temsilci D,Çağrı merkezi,1,0,0,0
L05230,2026-09-11,Instagram (organik),/yks-kocluk,3,Temsilci D,Çağrı merkezi,1,0,0,0
L05231,2026-09-16,Instagram (organik),/lgs-paket,17,Temsilci E,Çağrı merkezi,1,0,0,0
L05232,2026-09-23,Instagram (organik),/ucretsiz-deneme-dersi,5,Temsilci D,Çağrı merkezi,1,0,0,0
L05233,2026-09-02,Instagram (organik),/blog/*,1,Temsilci A,WhatsApp,1,1,1,6010
L05234,2026-09-18,Instagram (organik),/yks-kocluk,9,Temsilci D,Çağrı merkezi,0,0,0,0
L05235,2026-09-05,Instagram (organik),/lgs-paket,274,Temsilci B,WhatsApp,0,0,0,0
L05236,2026-09-03,Instagram (organik),/ucretsiz-deneme-dersi,4,Temsilci D,Çağrı merkezi,1,1,1,4780
L05237,2026-09-21,Instagram (organik),/lgs-paket,1,Temsilci D,Çağrı merkezi,1,0,0,0
L05238,2026-09-18,Instagram (organik),/lgs-paket,3,Temsilci B,WhatsApp,1,0,0,0
L05239,2026-09-13,Instagram (organik),/yks-kocluk,146,Temsilci D,Çağrı merkezi,0,0,0,0
L05240,2026-09-12,Instagram (organik),/ucretsiz-deneme-dersi,77,Temsilci B,WhatsApp,1,0,0,0
L05241,2026-09-29,Instagram (organik),/yks-kocluk,20,Temsilci C,WhatsApp,1,1,0,0
L05242,2026-09-22,Instagram (organik),/yks-kocluk,19,Temsilci D,Çağrı merkezi,1,0,0,0
L05243,2026-09-20,Instagram (organik),/lgs-paket,398,Temsilci C,WhatsApp,0,0,0,0
L05244,2026-09-01,Instagram (organik),/blog/*,4,Temsilci A,WhatsApp,1,0,0,0
L05245,2026-09-22,Instagram (organik),/lgs-paket,3,Temsilci A,WhatsApp,1,1,1,6090
L05246,2026-09-16,Instagram (organik),/fiyatlar,2,Temsilci A,WhatsApp,1,0,0,0
L05247,2026-09-19,Instagram (organik),/lgs-paket,38,Temsilci D,Çağrı merkezi,1,1,0,0
L05248,2026-09-14,Instagram (organik),/yks-kocluk,2,Temsilci A,WhatsApp,1,1,0,0
L05249,2026-09-30,Instagram (organik),/yks-kocluk,152,Temsilci F,Çağrı merkezi,0,0,0,0
L05250,2026-09-16,Instagram (organik),/lgs-paket,4,Temsilci C,WhatsApp,1,1,1,5280
L05251,2026-09-19,Instagram (organik),/lgs-paket,1208,Temsilci F,Çağrı merkezi,0,0,0,0
L05252,2026-09-23,Instagram (organik),/ucretsiz-deneme-dersi,1,Temsilci B,WhatsApp,1,0,0,0
L05253,2026-09-20,Instagram (organik),/fiyatlar,19,Temsilci D,Çağrı merkezi,1,0,0,0
L05254,2026-09-09,Instagram (organik),/ucretsiz-deneme-dersi,283,Temsilci F,Çağrı merkezi,0,0,0,0
L05255,2026-09-30,Instagram (organik),/yks-kocluk,71,Temsilci B,WhatsApp,1,0,0,0
L05256,2026-09-24,Instagram (organik),/blog/*,89,Temsilci F,Çağrı merkezi,0,0,0,0
L05257,2026-09-06,Instagram (organik),/lgs-paket,46,Temsilci D,Çağrı merkezi,0,0,0,0
L05258,2026-09-25,Instagram (organik),/ucretsiz-deneme-dersi,251,Temsilci F,Çağrı merkezi,1,1,0,0
L05259,2026-09-12,Instagram (organik),/ucretsiz-deneme-dersi,71,Temsilci B,WhatsApp,1,0,0,0
L05260,2026-09-22,Instagram (organik),/fiyatlar,14,Temsilci A,WhatsApp,0,0,0,0
L05261,2026-09-08,Instagram (organik),/lgs-paket,80,Temsilci E,Çağrı merkezi,0,0,0,0
L05262,2026-09-26,Instagram (organik),/lgs-paket,57,Temsilci D,Çağrı merkezi,0,0,0,0
L05263,2026-09-22,Instagram (organik),/ucretsiz-deneme-dersi,9,Temsilci D,Çağrı merkezi,1,0,0,0
L05264,2026-09-25,Instagram (organik),/fiyatlar,21,Temsilci E,Çağrı merkezi,1,1,0,0
L05265,2026-09-10,Instagram (organik),/ucretsiz-deneme-dersi,10,Temsilci A,WhatsApp,1,0,0,0
L05266,2026-09-13,Instagram (organik),/lgs-paket,7,Temsilci A,WhatsApp,1,1,1,6110
L05267,2026-09-26,Instagram (organik),/yks-kocluk,8,Temsilci D,Çağrı merkezi,1,0,0,0
L05268,2026-09-15,Instagram (organik),/yks-kocluk,4,Temsilci C,WhatsApp,1,0,0,0
L05269,2026-09-07,Instagram (organik),/yks-kocluk,203,Temsilci C,WhatsApp,1,0,0,0
L05270,2026-09-24,Instagram (organik),/ucretsiz-deneme-dersi,14,Temsilci A,WhatsApp,1,0,0,0
L05271,2026-09-30,Instagram (organik),/ucretsiz-deneme-dersi,226,Temsilci C,WhatsApp,0,0,0,0
L05272,2026-09-18,Instagram (organik),/yks-kocluk,133,Temsilci F,Çağrı merkezi,0,0,0,0
L05273,2026-09-18,Instagram (organik),/ucretsiz-deneme-dersi,93,Temsilci F,Çağrı merkezi,1,1,0,0
L05274,2026-09-27,Instagram (organik),/ucretsiz-deneme-dersi,15,Temsilci A,WhatsApp,1,0,0,0
L05275,2026-09-15,Instagram (organik),/ucretsiz-deneme-dersi,37,Temsilci B,WhatsApp,0,0,0,0
L05276,2026-09-28,Instagram (organik),/lgs-paket,13,Temsilci A,WhatsApp,1,0,0,0
L05277,2026-09-09,Instagram (organik),/yks-kocluk,189,Temsilci E,Çağrı merkezi,1,0,0,0
L05278,2026-09-01,Instagram (organik),/yks-kocluk,49,Temsilci C,WhatsApp,0,0,0,0
L05279,2026-09-27,Instagram (organik),/ucretsiz-deneme-dersi,107,Temsilci D,Çağrı merkezi,1,1,0,0
L05280,2026-09-03,Instagram (organik),/fiyatlar,89,Temsilci C,WhatsApp,0,0,0,0
L05281,2026-09-20,Instagram (organik),/ucretsiz-deneme-dersi,290,Temsilci C,WhatsApp,1,1,0,0
L05282,2026-09-30,Instagram (organik),/lgs-paket,4,Temsilci A,WhatsApp,1,1,0,0
L05283,2026-09-26,Instagram (organik),/fiyatlar,6,Temsilci A,WhatsApp,1,1,1,3500
L05284,2026-09-09,Instagram (organik),/lgs-paket,34,Temsilci B,WhatsApp,0,0,0,0
L05285,2026-09-14,Instagram (organik),/lgs-paket,12,Temsilci D,Çağrı merkezi,1,0,0,0
L05286,2026-09-15,Instagram (organik),/ucretsiz-deneme-dersi,41,Temsilci E,Çağrı merkezi,0,0,0,0
L05287,2026-09-11,Instagram (organik),/yks-kocluk,101,Temsilci C,WhatsApp,0,0,0,0
L05288,2026-09-25,Instagram (organik),/yks-kocluk,2,Temsilci A,WhatsApp,1,0,0,0
L05289,2026-09-30,Instagram (organik),/blog/*,658,Temsilci F,Çağrı merkezi,0,0,0,0
L05290,2026-09-07,Instagram (organik),/lgs-paket,7,Temsilci A,WhatsApp,0,0,0,0
L05291,2026-09-14,Instagram (organik),/yks-kocluk,5,Temsilci D,Çağrı merkezi,0,0,0,0
L05292,2026-09-23,Instagram (organik),/ucretsiz-deneme-dersi,66,Temsilci C,WhatsApp,1,0,0,0
L05293,2026-09-04,Instagram (organik),/yks-kocluk,258,Temsilci C,WhatsApp,0,0,0,0
L05294,2026-09-26,Instagram (organik),/yks-kocluk,53,Temsilci E,Çağrı merkezi,0,0,0,0
L05295,2026-09-22,Instagram (organik),/lgs-paket,15,Temsilci A,WhatsApp,1,1,0,0
L05296,2026-09-13,Instagram (organik),/yks-kocluk,148,Temsilci B,WhatsApp,1,0,0,0
L05297,2026-09-26,Instagram (organik),/lgs-paket,456,Temsilci F,Çağrı merkezi,0,0,0,0
L05298,2026-09-17,Instagram (organik),/yks-kocluk,481,Temsilci C,WhatsApp,1,1,0,0
L05299,2026-09-15,Instagram (organik),/ucretsiz-deneme-dersi,39,Temsilci C,WhatsApp,1,0,0,0
L05300,2026-09-22,Instagram (organik),/yks-kocluk,302,Temsilci F,Çağrı merkezi,0,0,0,0
L05301,2026-09-03,Instagram (organik),/lgs-paket,251,Temsilci F,Çağrı merkezi,1,1,0,0
L05302,2026-09-14,Instagram (organik),/yks-kocluk,10,Temsilci A,WhatsApp,1,0,0,0
L05303,2026-09-07,Instagram (organik),/lgs-paket,4,Temsilci A,WhatsApp,1,0,0,0
L05304,2026-09-16,Instagram (organik),/lgs-paket,14,Temsilci A,WhatsApp,1,1,0,0
L05305,2026-09-12,Instagram (organik),/ucretsiz-deneme-dersi,77,Temsilci E,Çağrı merkezi,1,1,0,0
L05306,2026-09-23,Instagram (organik),/fiyatlar,4,Temsilci A,WhatsApp,1,0,0,0
L05307,2026-09-18,Instagram (organik),/ucretsiz-deneme-dersi,14,Temsilci B,WhatsApp,1,1,0,0
L05308,2026-09-23,Instagram (organik),/lgs-paket,11,Temsilci D,Çağrı merkezi,0,0,0,0
L05309,2026-09-11,Instagram (organik),/fiyatlar,17,Temsilci E,Çağrı merkezi,1,0,0,0
L05310,2026-09-17,Instagram (organik),/ucretsiz-deneme-dersi,27,Temsilci B,WhatsApp,0,0,0,0
L05311,2026-09-23,Instagram (organik),/fiyatlar,83,Temsilci C,WhatsApp,1,1,0,0
L05312,2026-09-22,Instagram (organik),/yks-kocluk,44,Temsilci F,Çağrı merkezi,1,0,0,0
L05313,2026-09-29,Instagram (organik),/lgs-paket,337,Temsilci F,Çağrı merkezi,1,0,0,0
L05314,2026-09-30,Instagram (organik),/yks-kocluk,35,Temsilci D,Çağrı merkezi,1,0,0,0
L05315,2026-09-05,Instagram (organik),/ucretsiz-deneme-dersi,550,Temsilci F,Çağrı merkezi,1,1,0,0
L05316,2026-09-22,Instagram (organik),/ucretsiz-deneme-dersi,22,Temsilci B,WhatsApp,1,0,0,0
L05317,2026-09-01,Instagram (organik),/ucretsiz-deneme-dersi,1,Temsilci B,WhatsApp,0,0,0,0
L05318,2026-09-16,Instagram (organik),/lgs-paket,62,Temsilci B,WhatsApp,1,1,0,0
L05319,2026-09-14,Instagram (organik),/yks-kocluk,14,Temsilci E,Çağrı merkezi,1,0,0,0
L05320,2026-09-12,Instagram (organik),/fiyatlar,1023,Temsilci F,Çağrı merkezi,1,1,0,0
L05321,2026-09-07,Instagram (organik),/blog/*,69,Temsilci B,WhatsApp,0,0,0,0
L05322,2026-09-15,Instagram (organik),/lgs-paket,350,Temsilci F,Çağrı merkezi,1,1,0,0
L05323,2026-09-12,Instagram (organik),/ucretsiz-deneme-dersi,10,Temsilci D,Çağrı merkezi,0,0,0,0
L05324,2026-09-25,Instagram (organik),/lgs-paket,243,Temsilci F,Çağrı merkezi,0,0,0,0
L05325,2026-09-06,Instagram (organik),/lgs-paket,108,Temsilci D,Çağrı merkezi,1,0,0,0
L05326,2026-09-02,Tavsiye,/ucretsiz-deneme-dersi,14,Temsilci B,WhatsApp,1,0,0,0
L05327,2026-09-17,Tavsiye,/ucretsiz-deneme-dersi,276,Temsilci F,Çağrı merkezi,0,0,0,0
L05328,2026-09-26,Tavsiye,/lgs-paket,44,Temsilci D,Çağrı merkezi,1,1,1,5790
L05329,2026-09-28,Tavsiye,/blog/*,218,Temsilci C,WhatsApp,1,0,0,0
L05330,2026-09-10,Tavsiye,/lgs-paket,148,Temsilci F,Çağrı merkezi,0,0,0,0
L05331,2026-09-27,Tavsiye,/ucretsiz-deneme-dersi,234,Temsilci C,WhatsApp,1,0,0,0
L05332,2026-09-09,Tavsiye,/lgs-paket,192,Temsilci C,WhatsApp,1,1,1,6310
L05333,2026-09-20,Tavsiye,/fiyatlar,149,Temsilci F,Çağrı merkezi,0,0,0,0
L05334,2026-09-11,Tavsiye,/lgs-paket,30,Temsilci D,Çağrı merkezi,1,1,0,0
L05335,2026-09-29,Tavsiye,/yks-kocluk,229,Temsilci F,Çağrı merkezi,0,0,0,0
L05336,2026-09-19,Tavsiye,/fiyatlar,1549,Temsilci F,Çağrı merkezi,0,0,0,0
L05337,2026-09-14,Tavsiye,/yks-kocluk,6,Temsilci D,Çağrı merkezi,1,1,1,4210
L05338,2026-09-23,Tavsiye,/yks-kocluk,30,Temsilci B,WhatsApp,1,1,0,0
L05339,2026-09-17,Tavsiye,/lgs-paket,2,Temsilci D,Çağrı merkezi,1,1,1,4100
L05340,2026-09-29,Tavsiye,/fiyatlar,1,Temsilci A,WhatsApp,1,0,0,0
L05341,2026-09-12,Tavsiye,/fiyatlar,75,Temsilci B,WhatsApp,0,0,0,0
L05342,2026-09-07,Tavsiye,/yks-kocluk,1,Temsilci D,Çağrı merkezi,1,1,1,6500
L05343,2026-09-03,Tavsiye,/blog/*,5,Temsilci D,Çağrı merkezi,1,1,1,7000
L05344,2026-09-22,Tavsiye,/fiyatlar,453,Temsilci C,WhatsApp,1,1,0,0
L05345,2026-09-12,Tavsiye,/yks-kocluk,192,Temsilci C,WhatsApp,0,0,0,0
L05346,2026-09-23,Tavsiye,/ucretsiz-deneme-dersi,29,Temsilci B,WhatsApp,1,1,1,5140
L05347,2026-09-29,Tavsiye,/blog/*,319,Temsilci C,WhatsApp,0,0,0,0
L05348,2026-09-20,Tavsiye,/lgs-paket,143,Temsilci B,WhatsApp,1,0,0,0
L05349,2026-09-29,Tavsiye,/lgs-paket,17,Temsilci A,WhatsApp,0,0,0,0
L05350,2026-09-25,Tavsiye,/lgs-paket,10,Temsilci E,Çağrı merkezi,1,1,1,6860
L05351,2026-09-20,Tavsiye,/ucretsiz-deneme-dersi,12,Temsilci B,WhatsApp,0,0,0,0
L05352,2026-09-12,Tavsiye,/lgs-paket,295,Temsilci F,Çağrı merkezi,1,0,0,0
L05353,2026-09-02,Tavsiye,/ucretsiz-deneme-dersi,35,Temsilci F,Çağrı merkezi,1,1,0,0
L05354,2026-09-15,Tavsiye,/yks-kocluk,72,Temsilci E,Çağrı merkezi,1,1,1,6680
L05355,2026-09-12,Tavsiye,/ucretsiz-deneme-dersi,23,Temsilci B,WhatsApp,0,0,0,0
L05356,2026-09-26,Tavsiye,/yks-kocluk,1031,Temsilci C,WhatsApp,1,1,1,4590
L05357,2026-09-25,Tavsiye,/lgs-paket,145,Temsilci C,WhatsApp,0,0,0,0
L05358,2026-09-01,Tavsiye,/ucretsiz-deneme-dersi,1,Temsilci A,WhatsApp,1,0,0,0
L05359,2026-09-29,Tavsiye,/yks-kocluk,426,Temsilci F,Çağrı merkezi,1,1,0,0
L05360,2026-09-19,Tavsiye,/yks-kocluk,7,Temsilci A,WhatsApp,0,0,0,0
L05361,2026-09-20,Tavsiye,/fiyatlar,3,Temsilci A,WhatsApp,0,0,0,0
L05362,2026-09-08,Tavsiye,/fiyatlar,50,Temsilci C,WhatsApp,1,1,0,0
L05363,2026-09-26,Tavsiye,/yks-kocluk,662,Temsilci C,WhatsApp,0,0,0,0
L05364,2026-09-08,Tavsiye,/yks-kocluk,68,Temsilci E,Çağrı merkezi,1,1,0,0
L05365,2026-09-22,Tavsiye,/ucretsiz-deneme-dersi,46,Temsilci F,Çağrı merkezi,1,1,1,5580
L05366,2026-09-10,Tavsiye,/fiyatlar,9,Temsilci A,WhatsApp,1,0,0,0
L05367,2026-09-20,Tavsiye,/yks-kocluk,1033,Temsilci F,Çağrı merkezi,1,0,0,0
L05368,2026-09-02,Tavsiye,/yks-kocluk,108,Temsilci E,Çağrı merkezi,1,1,0,0
L05369,2026-09-20,Tavsiye,/yks-kocluk,199,Temsilci E,Çağrı merkezi,0,0,0,0
L05370,2026-09-19,Tavsiye,/lgs-paket,15,Temsilci D,Çağrı merkezi,1,1,0,0
L05371,2026-09-04,Tavsiye,/ucretsiz-deneme-dersi,2,Temsilci E,Çağrı merkezi,1,1,1,5240
L05372,2026-09-18,Tavsiye,/ucretsiz-deneme-dersi,56,Temsilci F,Çağrı merkezi,1,1,0,0
L05373,2026-09-29,Tavsiye,/fiyatlar,8,Temsilci D,Çağrı merkezi,0,0,0,0
L05374,2026-09-30,Tavsiye,/ucretsiz-deneme-dersi,1118,Temsilci F,Çağrı merkezi,0,0,0,0
L05375,2026-09-03,Tavsiye,/yks-kocluk,59,Temsilci F,Çağrı merkezi,1,1,0,0
L05376,2026-09-29,Tavsiye,/lgs-paket,4,Temsilci D,Çağrı merkezi,1,0,0,0
L05377,2026-09-04,Tavsiye,/yks-kocluk,53,Temsilci B,WhatsApp,1,0,0,0
L05378,2026-09-08,Tavsiye,/yks-kocluk,126,Temsilci C,WhatsApp,1,0,0,0
L05379,2026-09-03,Tavsiye,/yks-kocluk,35,Temsilci E,Çağrı merkezi,1,1,0,0
L05380,2026-09-15,Tavsiye,/lgs-paket,40,Temsilci F,Çağrı merkezi,0,0,0,0
L05381,2026-09-21,Tavsiye,/lgs-paket,3,Temsilci B,WhatsApp,1,1,1,4010
L05382,2026-09-07,Tavsiye,/ucretsiz-deneme-dersi,168,Temsilci F,Çağrı merkezi,1,1,0,0
L05383,2026-09-24,Tavsiye,/blog/*,2,Temsilci A,WhatsApp,1,1,0,0
L05384,2026-09-01,Tavsiye,/blog/*,52,Temsilci E,Çağrı merkezi,0,0,0,0
L05385,2026-09-07,Tavsiye,/yks-kocluk,24,Temsilci D,Çağrı merkezi,1,1,1,5270
L05386,2026-09-20,Tavsiye,/fiyatlar,21,Temsilci D,Çağrı merkezi,1,0,0,0
L05387,2026-09-05,Tavsiye,/blog/*,30,Temsilci B,WhatsApp,1,1,1,6210
L05388,2026-09-17,Tavsiye,/fiyatlar,5,Temsilci A,WhatsApp,1,1,1,5800
L05389,2026-09-07,Tavsiye,/yks-kocluk,12,Temsilci B,WhatsApp,0,0,0,0
L05390,2026-09-26,Tavsiye,/ucretsiz-deneme-dersi,1080,Temsilci C,WhatsApp,0,0,0,0
L05391,2026-09-10,Tavsiye,/yks-kocluk,187,Temsilci F,Çağrı merkezi,0,0,0,0
L05392,2026-09-07,Tavsiye,/ucretsiz-deneme-dersi,45,Temsilci F,Çağrı merkezi,1,1,1,5860
L05393,2026-09-06,Tavsiye,/yks-kocluk,1198,Temsilci C,WhatsApp,0,0,0,0
L05394,2026-09-05,Tavsiye,/ucretsiz-deneme-dersi,560,Temsilci E,Çağrı merkezi,0,0,0,0
L05395,2026-09-12,Tavsiye,/yks-kocluk,5,Temsilci A,WhatsApp,1,0,0,0
L05396,2026-09-14,Tavsiye,/ucretsiz-deneme-dersi,88,Temsilci B,WhatsApp,1,1,0,0
L05397,2026-09-14,Tavsiye,/lgs-paket,132,Temsilci E,Çağrı merkezi,0,0,0,0
L05398,2026-09-16,Tavsiye,/yks-kocluk,101,Temsilci E,Çağrı merkezi,1,0,0,0
L05399,2026-09-18,Tavsiye,/yks-kocluk,166,Temsilci C,WhatsApp,1,1,0,0
